DEBUG 2025-05-03 12:24:37,726 utils (0.000) 
            SELECT name, type FROM sqlite_master
            WHERE type in ('table', 'view') AND NOT name='sqlite_sequence'
            ORDER BY name; args=None; alias=default
DEBUG 2025-05-03 12:24:37,755 utils (0.000) SELECT "auth_user"."id", "auth_user"."password", "auth_user"."last_login", "auth_user"."is_superuser", "auth_user"."username", "auth_user"."first_name", "auth_user"."last_name", "auth_user"."email", "auth_user"."is_staff", "auth_user"."is_active", "auth_user"."date_joined" FROM "auth_user" WHERE "auth_user"."username" = 'user' LIMIT 21; args=('user',); alias=default
DEBUG 2025-05-03 12:24:47,286 utils (0.000) 
            SELECT name, type FROM sqlite_master
            WHERE type in ('table', 'view') AND NOT name='sqlite_sequence'
            ORDER BY name; args=None; alias=default
DEBUG 2025-05-03 12:24:57,178 utils (0.000) 
            SELECT name, type FROM sqlite_master
            WHERE type in ('table', 'view') AND NOT name='sqlite_sequence'
            ORDER BY name; args=None; alias=default
DEBUG 2025-05-03 12:24:57,180 utils (0.000) 
            SELECT name, type FROM sqlite_master
            WHERE type in ('table', 'view') AND NOT name='sqlite_sequence'
            ORDER BY name; args=None; alias=default
DEBUG 2025-05-03 12:24:57,180 utils (0.000) 
            SELECT name, type FROM sqlite_master
            WHERE type in ('table', 'view') AND NOT name='sqlite_sequence'
            ORDER BY name; args=None; alias=default
DEBUG 2025-05-03 12:24:57,181 utils (0.000) PRAGMA foreign_keys = OFF; args=None; alias=default
DEBUG 2025-05-03 12:24:57,181 utils (0.000) PRAGMA foreign_keys; args=None; alias=default
DEBUG 2025-05-03 12:24:57,181 utils (0.000) BEGIN; args=None; alias=default
DEBUG 2025-05-03 12:24:57,181 schema CREATE TABLE "django_migrations" ("id" integer NOT NULL PRIMARY KEY AUTOINCREMENT, "app" varchar(255) NOT NULL, "name" varchar(255) NOT NULL, "applied" datetime NOT NULL); (params None)
DEBUG 2025-05-03 12:24:57,183 utils (0.000) CREATE TABLE "django_migrations" ("id" integer NOT NULL PRIMARY KEY AUTOINCREMENT, "app" varchar(255) NOT NULL, "name" varchar(255) NOT NULL, "applied" datetime NOT NULL); args=None; alias=default
DEBUG 2025-05-03 12:24:57,183 utils (0.000) PRAGMA foreign_key_check; args=None; alias=default
DEBUG 2025-05-03 12:24:57,187 utils (0.000) COMMIT; args=None; alias=default
DEBUG 2025-05-03 12:24:57,188 utils (0.000) PRAGMA foreign_keys = ON; args=None; alias=default
DEBUG 2025-05-03 12:24:57,188 utils (0.000) PRAGMA foreign_keys = OFF; args=None; alias=default
DEBUG 2025-05-03 12:24:57,188 utils (0.000) PRAGMA foreign_keys; args=None; alias=default
DEBUG 2025-05-03 12:24:57,188 utils (0.000) BEGIN; args=None; alias=default
DEBUG 2025-05-03 12:24:57,189 schema CREATE TABLE "django_content_type" ("id" integer NOT NULL PRIMARY KEY AUTOINCREMENT, "name" varchar(100) NOT NULL, "app_label" varchar(100) NOT NULL, "model" varchar(100) NOT NULL); (params None)
DEBUG 2025-05-03 12:24:57,190 utils (0.000) CREATE TABLE "django_content_type" ("id" integer NOT NULL PRIMARY KEY AUTOINCREMENT, "name" varchar(100) NOT NULL, "app_label" varchar(100) NOT NULL, "model" varchar(100) NOT NULL); args=None; alias=default
DEBUG 2025-05-03 12:24:57,199 schema CREATE UNIQUE INDEX "django_content_type_app_label_model_76bd3d3b_uniq" ON "django_content_type" ("app_label", "model"); (params ())
DEBUG 2025-05-03 12:24:57,200 utils (0.000) CREATE UNIQUE INDEX "django_content_type_app_label_model_76bd3d3b_uniq" ON "django_content_type" ("app_label", "model"); args=(); alias=default
DEBUG 2025-05-03 12:24:57,200 utils (0.000) 
            SELECT name, type FROM sqlite_master
            WHERE type in ('table', 'view') AND NOT name='sqlite_sequence'
            ORDER BY name; args=None; alias=default
DEBUG 2025-05-03 12:24:57,200 utils (0.000) INSERT INTO "django_migrations" ("app", "name", "applied") VALUES ('contenttypes', '0001_initial', '2025-05-03 07:24:57.200956') RETURNING "django_migrations"."id"; args=('contenttypes', '0001_initial', '2025-05-03 07:24:57.200956'); alias=default
DEBUG 2025-05-03 12:24:57,200 utils (0.000) PRAGMA foreign_key_check; args=None; alias=default
DEBUG 2025-05-03 12:24:57,205 utils (0.000) COMMIT; args=None; alias=default
DEBUG 2025-05-03 12:24:57,205 utils (0.000) PRAGMA foreign_keys = ON; args=None; alias=default
DEBUG 2025-05-03 12:24:57,206 utils (0.000) PRAGMA foreign_keys = OFF; args=None; alias=default
DEBUG 2025-05-03 12:24:57,206 utils (0.000) PRAGMA foreign_keys; args=None; alias=default
DEBUG 2025-05-03 12:24:57,206 utils (0.000) BEGIN; args=None; alias=default
DEBUG 2025-05-03 12:24:57,207 schema CREATE TABLE "auth_permission" ("id" integer NOT NULL PRIMARY KEY AUTOINCREMENT, "name" varchar(50) NOT NULL, "content_type_id" integer NOT NULL REFERENCES "django_content_type" ("id") DEFERRABLE INITIALLY DEFERRED, "codename" varchar(100) NOT NULL); (params None)
DEBUG 2025-05-03 12:24:57,208 utils (0.000) CREATE TABLE "auth_permission" ("id" integer NOT NULL PRIMARY KEY AUTOINCREMENT, "name" varchar(50) NOT NULL, "content_type_id" integer NOT NULL REFERENCES "django_content_type" ("id") DEFERRABLE INITIALLY DEFERRED, "codename" varchar(100) NOT NULL); args=None; alias=default
DEBUG 2025-05-03 12:24:57,209 schema CREATE TABLE "auth_group" ("id" integer NOT NULL PRIMARY KEY AUTOINCREMENT, "name" varchar(80) NOT NULL UNIQUE); (params None)
DEBUG 2025-05-03 12:24:57,210 utils (0.000) CREATE TABLE "auth_group" ("id" integer NOT NULL PRIMARY KEY AUTOINCREMENT, "name" varchar(80) NOT NULL UNIQUE); args=None; alias=default
DEBUG 2025-05-03 12:24:57,210 schema CREATE TABLE "auth_group_permissions" ("id" integer NOT NULL PRIMARY KEY AUTOINCREMENT, "group_id" integer NOT NULL REFERENCES "auth_group" ("id") DEFERRABLE INITIALLY DEFERRED, "permission_id" integer NOT NULL REFERENCES "auth_permission" ("id") DEFERRABLE INITIALLY DEFERRED); (params None)
DEBUG 2025-05-03 12:24:57,210 utils (0.000) CREATE TABLE "auth_group_permissions" ("id" integer NOT NULL PRIMARY KEY AUTOINCREMENT, "group_id" integer NOT NULL REFERENCES "auth_group" ("id") DEFERRABLE INITIALLY DEFERRED, "permission_id" integer NOT NULL REFERENCES "auth_permission" ("id") DEFERRABLE INITIALLY DEFERRED); args=None; alias=default
DEBUG 2025-05-03 12:24:57,214 schema CREATE TABLE "auth_user" ("id" integer NOT NULL PRIMARY KEY AUTOINCREMENT, "password" varchar(128) NOT NULL, "last_login" datetime NOT NULL, "is_superuser" bool NOT NULL, "username" varchar(30) NOT NULL UNIQUE, "first_name" varchar(30) NOT NULL, "last_name" varchar(30) NOT NULL, "email" varchar(75) NOT NULL, "is_staff" bool NOT NULL, "is_active" bool NOT NULL, "date_joined" datetime NOT NULL); (params None)
DEBUG 2025-05-03 12:24:57,215 utils (0.000) CREATE TABLE "auth_user" ("id" integer NOT NULL PRIMARY KEY AUTOINCREMENT, "password" varchar(128) NOT NULL, "last_login" datetime NOT NULL, "is_superuser" bool NOT NULL, "username" varchar(30) NOT NULL UNIQUE, "first_name" varchar(30) NOT NULL, "last_name" varchar(30) NOT NULL, "email" varchar(75) NOT NULL, "is_staff" bool NOT NULL, "is_active" bool NOT NULL, "date_joined" datetime NOT NULL); args=None; alias=default
DEBUG 2025-05-03 12:24:57,215 schema CREATE TABLE "auth_user_groups" ("id" integer NOT NULL PRIMARY KEY AUTOINCREMENT, "user_id" integer NOT NULL REFERENCES "auth_user" ("id") DEFERRABLE INITIALLY DEFERRED, "group_id" integer NOT NULL REFERENCES "auth_group" ("id") DEFERRABLE INITIALLY DEFERRED); (params None)
DEBUG 2025-05-03 12:24:57,215 utils (0.000) CREATE TABLE "auth_user_groups" ("id" integer NOT NULL PRIMARY KEY AUTOINCREMENT, "user_id" integer NOT NULL REFERENCES "auth_user" ("id") DEFERRABLE INITIALLY DEFERRED, "group_id" integer NOT NULL REFERENCES "auth_group" ("id") DEFERRABLE INITIALLY DEFERRED); args=None; alias=default
DEBUG 2025-05-03 12:24:57,215 schema CREATE TABLE "auth_user_user_permissions" ("id" integer NOT NULL PRIMARY KEY AUTOINCREMENT, "user_id" integer NOT NULL REFERENCES "auth_user" ("id") DEFERRABLE INITIALLY DEFERRED, "permission_id" integer NOT NULL REFERENCES "auth_permission" ("id") DEFERRABLE INITIALLY DEFERRED); (params None)
DEBUG 2025-05-03 12:24:57,215 utils (0.000) CREATE TABLE "auth_user_user_permissions" ("id" integer NOT NULL PRIMARY KEY AUTOINCREMENT, "user_id" integer NOT NULL REFERENCES "auth_user" ("id") DEFERRABLE INITIALLY DEFERRED, "permission_id" integer NOT NULL REFERENCES "auth_permission" ("id") DEFERRABLE INITIALLY DEFERRED); args=None; alias=default
DEBUG 2025-05-03 12:24:57,216 utils (0.000) PRAGMA foreign_key_check; args=None; alias=default
DEBUG 2025-05-03 12:24:57,216 schema CREATE UNIQUE INDEX "auth_permission_content_type_id_codename_01ab375a_uniq" ON "auth_permission" ("content_type_id", "codename"); (params None)
DEBUG 2025-05-03 12:24:57,216 utils (0.000) CREATE UNIQUE INDEX "auth_permission_content_type_id_codename_01ab375a_uniq" ON "auth_permission" ("content_type_id", "codename"); args=None; alias=default
DEBUG 2025-05-03 12:24:57,216 schema CREATE INDEX "auth_permission_content_type_id_2f476e4b" ON "auth_permission" ("content_type_id"); (params None)
DEBUG 2025-05-03 12:24:57,216 utils (0.000) CREATE INDEX "auth_permission_content_type_id_2f476e4b" ON "auth_permission" ("content_type_id"); args=None; alias=default
DEBUG 2025-05-03 12:24:57,216 schema CREATE UNIQUE INDEX "auth_group_permissions_group_id_permission_id_0cd325b0_uniq" ON "auth_group_permissions" ("group_id", "permission_id"); (params None)
DEBUG 2025-05-03 12:24:57,217 utils (0.000) CREATE UNIQUE INDEX "auth_group_permissions_group_id_permission_id_0cd325b0_uniq" ON "auth_group_permissions" ("group_id", "permission_id"); args=None; alias=default
DEBUG 2025-05-03 12:24:57,217 schema CREATE INDEX "auth_group_permissions_group_id_b120cbf9" ON "auth_group_permissions" ("group_id"); (params None)
DEBUG 2025-05-03 12:24:57,217 utils (0.000) CREATE INDEX "auth_group_permissions_group_id_b120cbf9" ON "auth_group_permissions" ("group_id"); args=None; alias=default
DEBUG 2025-05-03 12:24:57,217 schema CREATE INDEX "auth_group_permissions_permission_id_84c5c92e" ON "auth_group_permissions" ("permission_id"); (params None)
DEBUG 2025-05-03 12:24:57,217 utils (0.000) CREATE INDEX "auth_group_permissions_permission_id_84c5c92e" ON "auth_group_permissions" ("permission_id"); args=None; alias=default
DEBUG 2025-05-03 12:24:57,217 schema CREATE UNIQUE INDEX "auth_user_groups_user_id_group_id_94350c0c_uniq" ON "auth_user_groups" ("user_id", "group_id"); (params None)
DEBUG 2025-05-03 12:24:57,218 utils (0.000) CREATE UNIQUE INDEX "auth_user_groups_user_id_group_id_94350c0c_uniq" ON "auth_user_groups" ("user_id", "group_id"); args=None; alias=default
DEBUG 2025-05-03 12:24:57,218 schema CREATE INDEX "auth_user_groups_user_id_6a12ed8b" ON "auth_user_groups" ("user_id"); (params None)
DEBUG 2025-05-03 12:24:57,218 utils (0.000) CREATE INDEX "auth_user_groups_user_id_6a12ed8b" ON "auth_user_groups" ("user_id"); args=None; alias=default
DEBUG 2025-05-03 12:24:57,218 schema CREATE INDEX "auth_user_groups_group_id_97559544" ON "auth_user_groups" ("group_id"); (params None)
DEBUG 2025-05-03 12:24:57,218 utils (0.000) CREATE INDEX "auth_user_groups_group_id_97559544" ON "auth_user_groups" ("group_id"); args=None; alias=default
DEBUG 2025-05-03 12:24:57,218 schema CREATE UNIQUE INDEX "auth_user_user_permissions_user_id_permission_id_14a6b632_uniq" ON "auth_user_user_permissions" ("user_id", "permission_id"); (params None)
DEBUG 2025-05-03 12:24:57,219 utils (0.000) CREATE UNIQUE INDEX "auth_user_user_permissions_user_id_permission_id_14a6b632_uniq" ON "auth_user_user_permissions" ("user_id", "permission_id"); args=None; alias=default
DEBUG 2025-05-03 12:24:57,219 schema CREATE INDEX "auth_user_user_permissions_user_id_a95ead1b" ON "auth_user_user_permissions" ("user_id"); (params None)
DEBUG 2025-05-03 12:24:57,219 utils (0.000) CREATE INDEX "auth_user_user_permissions_user_id_a95ead1b" ON "auth_user_user_permissions" ("user_id"); args=None; alias=default
DEBUG 2025-05-03 12:24:57,219 schema CREATE INDEX "auth_user_user_permissions_permission_id_1fbb5f2c" ON "auth_user_user_permissions" ("permission_id"); (params None)
DEBUG 2025-05-03 12:24:57,219 utils (0.000) CREATE INDEX "auth_user_user_permissions_permission_id_1fbb5f2c" ON "auth_user_user_permissions" ("permission_id"); args=None; alias=default
DEBUG 2025-05-03 12:24:57,224 utils (0.000) COMMIT; args=None; alias=default
DEBUG 2025-05-03 12:24:57,224 utils (0.000) PRAGMA foreign_keys = ON; args=None; alias=default
DEBUG 2025-05-03 12:24:57,224 utils (0.000) INSERT INTO "django_migrations" ("app", "name", "applied") VALUES ('auth', '0001_initial', '2025-05-03 07:24:57.224441') RETURNING "django_migrations"."id"; args=('auth', '0001_initial', '2025-05-03 07:24:57.224441'); alias=default
DEBUG 2025-05-03 12:24:57,228 utils (0.000) PRAGMA foreign_keys = OFF; args=None; alias=default
DEBUG 2025-05-03 12:24:57,228 utils (0.000) PRAGMA foreign_keys; args=None; alias=default
DEBUG 2025-05-03 12:24:57,228 utils (0.000) BEGIN; args=None; alias=default
DEBUG 2025-05-03 12:24:57,232 schema CREATE TABLE "django_admin_log" ("id" integer NOT NULL PRIMARY KEY AUTOINCREMENT, "action_time" datetime NOT NULL, "object_id" text NULL, "object_repr" varchar(200) NOT NULL, "action_flag" smallint unsigned NOT NULL CHECK ("action_flag" >= 0), "change_message" text NOT NULL, "content_type_id" integer NULL REFERENCES "django_content_type" ("id") DEFERRABLE INITIALLY DEFERRED, "user_id" integer NOT NULL REFERENCES "auth_user" ("id") DEFERRABLE INITIALLY DEFERRED); (params None)
DEBUG 2025-05-03 12:24:57,232 utils (0.000) CREATE TABLE "django_admin_log" ("id" integer NOT NULL PRIMARY KEY AUTOINCREMENT, "action_time" datetime NOT NULL, "object_id" text NULL, "object_repr" varchar(200) NOT NULL, "action_flag" smallint unsigned NOT NULL CHECK ("action_flag" >= 0), "change_message" text NOT NULL, "content_type_id" integer NULL REFERENCES "django_content_type" ("id") DEFERRABLE INITIALLY DEFERRED, "user_id" integer NOT NULL REFERENCES "auth_user" ("id") DEFERRABLE INITIALLY DEFERRED); args=None; alias=default
DEBUG 2025-05-03 12:24:57,234 utils (0.000) PRAGMA foreign_key_check; args=None; alias=default
DEBUG 2025-05-03 12:24:57,234 schema CREATE INDEX "django_admin_log_content_type_id_c4bce8eb" ON "django_admin_log" ("content_type_id"); (params None)
DEBUG 2025-05-03 12:24:57,234 utils (0.000) CREATE INDEX "django_admin_log_content_type_id_c4bce8eb" ON "django_admin_log" ("content_type_id"); args=None; alias=default
DEBUG 2025-05-03 12:24:57,234 schema CREATE INDEX "django_admin_log_user_id_c564eba6" ON "django_admin_log" ("user_id"); (params None)
DEBUG 2025-05-03 12:24:57,234 utils (0.000) CREATE INDEX "django_admin_log_user_id_c564eba6" ON "django_admin_log" ("user_id"); args=None; alias=default
DEBUG 2025-05-03 12:24:57,238 utils (0.000) COMMIT; args=None; alias=default
DEBUG 2025-05-03 12:24:57,238 utils (0.000) PRAGMA foreign_keys = ON; args=None; alias=default
DEBUG 2025-05-03 12:24:57,239 utils (0.000) INSERT INTO "django_migrations" ("app", "name", "applied") VALUES ('admin', '0001_initial', '2025-05-03 07:24:57.238591') RETURNING "django_migrations"."id"; args=('admin', '0001_initial', '2025-05-03 07:24:57.238591'); alias=default
DEBUG 2025-05-03 12:24:57,242 utils (0.000) PRAGMA foreign_keys = OFF; args=None; alias=default
DEBUG 2025-05-03 12:24:57,242 utils (0.000) PRAGMA foreign_keys; args=None; alias=default
DEBUG 2025-05-03 12:24:57,242 utils (0.000) BEGIN; args=None; alias=default
DEBUG 2025-05-03 12:24:57,247 schema CREATE TABLE "new__django_admin_log" ("id" integer NOT NULL PRIMARY KEY AUTOINCREMENT, "object_id" text NULL, "object_repr" varchar(200) NOT NULL, "action_flag" smallint unsigned NOT NULL CHECK ("action_flag" >= 0), "change_message" text NOT NULL, "content_type_id" integer NULL REFERENCES "django_content_type" ("id") DEFERRABLE INITIALLY DEFERRED, "user_id" integer NOT NULL REFERENCES "auth_user" ("id") DEFERRABLE INITIALLY DEFERRED, "action_time" datetime NOT NULL); (params None)
DEBUG 2025-05-03 12:24:57,247 utils (0.000) CREATE TABLE "new__django_admin_log" ("id" integer NOT NULL PRIMARY KEY AUTOINCREMENT, "object_id" text NULL, "object_repr" varchar(200) NOT NULL, "action_flag" smallint unsigned NOT NULL CHECK ("action_flag" >= 0), "change_message" text NOT NULL, "content_type_id" integer NULL REFERENCES "django_content_type" ("id") DEFERRABLE INITIALLY DEFERRED, "user_id" integer NOT NULL REFERENCES "auth_user" ("id") DEFERRABLE INITIALLY DEFERRED, "action_time" datetime NOT NULL); args=None; alias=default
DEBUG 2025-05-03 12:24:57,248 schema INSERT INTO "new__django_admin_log" ("id", "object_id", "object_repr", "action_flag", "change_message", "content_type_id", "user_id", "action_time") SELECT "id", "object_id", "object_repr", "action_flag", "change_message", "content_type_id", "user_id", "action_time" FROM "django_admin_log"; (params ())
DEBUG 2025-05-03 12:24:57,248 utils (0.000) INSERT INTO "new__django_admin_log" ("id", "object_id", "object_repr", "action_flag", "change_message", "content_type_id", "user_id", "action_time") SELECT "id", "object_id", "object_repr", "action_flag", "change_message", "content_type_id", "user_id", "action_time" FROM "django_admin_log"; args=(); alias=default
DEBUG 2025-05-03 12:24:57,248 schema DROP TABLE "django_admin_log"; (params ())
DEBUG 2025-05-03 12:24:57,248 utils (0.000) DROP TABLE "django_admin_log"; args=(); alias=default
DEBUG 2025-05-03 12:24:57,248 schema ALTER TABLE "new__django_admin_log" RENAME TO "django_admin_log"; (params ())
DEBUG 2025-05-03 12:24:57,249 utils (0.000) ALTER TABLE "new__django_admin_log" RENAME TO "django_admin_log"; args=(); alias=default
DEBUG 2025-05-03 12:24:57,249 schema CREATE INDEX "django_admin_log_content_type_id_c4bce8eb" ON "django_admin_log" ("content_type_id"); (params ())
DEBUG 2025-05-03 12:24:57,249 utils (0.000) CREATE INDEX "django_admin_log_content_type_id_c4bce8eb" ON "django_admin_log" ("content_type_id"); args=(); alias=default
DEBUG 2025-05-03 12:24:57,250 schema CREATE INDEX "django_admin_log_user_id_c564eba6" ON "django_admin_log" ("user_id"); (params ())
DEBUG 2025-05-03 12:24:57,250 utils (0.000) CREATE INDEX "django_admin_log_user_id_c564eba6" ON "django_admin_log" ("user_id"); args=(); alias=default
DEBUG 2025-05-03 12:24:57,250 utils (0.000) INSERT INTO "django_migrations" ("app", "name", "applied") VALUES ('admin', '0002_logentry_remove_auto_add', '2025-05-03 07:24:57.250715') RETURNING "django_migrations"."id"; args=('admin', '0002_logentry_remove_auto_add', '2025-05-03 07:24:57.250715'); alias=default
DEBUG 2025-05-03 12:24:57,250 utils (0.000) PRAGMA foreign_key_check; args=None; alias=default
DEBUG 2025-05-03 12:24:57,254 utils (0.000) COMMIT; args=None; alias=default
DEBUG 2025-05-03 12:24:57,255 utils (0.000) PRAGMA foreign_keys = ON; args=None; alias=default
DEBUG 2025-05-03 12:24:57,255 utils (0.000) PRAGMA foreign_keys = OFF; args=None; alias=default
DEBUG 2025-05-03 12:24:57,255 utils (0.000) PRAGMA foreign_keys; args=None; alias=default
DEBUG 2025-05-03 12:24:57,255 utils (0.000) BEGIN; args=None; alias=default
DEBUG 2025-05-03 12:24:57,259 utils (0.000) INSERT INTO "django_migrations" ("app", "name", "applied") VALUES ('admin', '0003_logentry_add_action_flag_choices', '2025-05-03 07:24:57.259103') RETURNING "django_migrations"."id"; args=('admin', '0003_logentry_add_action_flag_choices', '2025-05-03 07:24:57.259103'); alias=default
DEBUG 2025-05-03 12:24:57,260 utils (0.000) PRAGMA foreign_key_check; args=None; alias=default
DEBUG 2025-05-03 12:24:57,263 utils (0.000) COMMIT; args=None; alias=default
DEBUG 2025-05-03 12:24:57,263 utils (0.000) PRAGMA foreign_keys = ON; args=None; alias=default
DEBUG 2025-05-03 12:24:57,264 utils (0.000) PRAGMA foreign_keys = OFF; args=None; alias=default
DEBUG 2025-05-03 12:24:57,264 utils (0.000) PRAGMA foreign_keys; args=None; alias=default
DEBUG 2025-05-03 12:24:57,264 utils (0.000) BEGIN; args=None; alias=default
DEBUG 2025-05-03 12:24:57,268 schema CREATE TABLE "new__django_content_type" ("id" integer NOT NULL PRIMARY KEY AUTOINCREMENT, "app_label" varchar(100) NOT NULL, "model" varchar(100) NOT NULL, "name" varchar(100) NULL); (params None)
DEBUG 2025-05-03 12:24:57,268 utils (0.000) CREATE TABLE "new__django_content_type" ("id" integer NOT NULL PRIMARY KEY AUTOINCREMENT, "app_label" varchar(100) NOT NULL, "model" varchar(100) NOT NULL, "name" varchar(100) NULL); args=None; alias=default
DEBUG 2025-05-03 12:24:57,269 schema INSERT INTO "new__django_content_type" ("id", "app_label", "model", "name") SELECT "id", "app_label", "model", "name" FROM "django_content_type"; (params ())
DEBUG 2025-05-03 12:24:57,269 utils (0.000) INSERT INTO "new__django_content_type" ("id", "app_label", "model", "name") SELECT "id", "app_label", "model", "name" FROM "django_content_type"; args=(); alias=default
DEBUG 2025-05-03 12:24:57,269 schema DROP TABLE "django_content_type"; (params ())
DEBUG 2025-05-03 12:24:57,269 utils (0.000) DROP TABLE "django_content_type"; args=(); alias=default
DEBUG 2025-05-03 12:24:57,269 schema ALTER TABLE "new__django_content_type" RENAME TO "django_content_type"; (params ())
DEBUG 2025-05-03 12:24:57,270 utils (0.000) ALTER TABLE "new__django_content_type" RENAME TO "django_content_type"; args=(); alias=default
DEBUG 2025-05-03 12:24:57,270 schema CREATE UNIQUE INDEX "django_content_type_app_label_model_76bd3d3b_uniq" ON "django_content_type" ("app_label", "model"); (params ())
DEBUG 2025-05-03 12:24:57,270 utils (0.000) CREATE UNIQUE INDEX "django_content_type_app_label_model_76bd3d3b_uniq" ON "django_content_type" ("app_label", "model"); args=(); alias=default
DEBUG 2025-05-03 12:24:57,275 schema ALTER TABLE "django_content_type" DROP COLUMN "name"; (params ())
DEBUG 2025-05-03 12:24:57,276 utils (0.000) ALTER TABLE "django_content_type" DROP COLUMN "name"; args=(); alias=default
DEBUG 2025-05-03 12:24:57,276 utils (0.000) INSERT INTO "django_migrations" ("app", "name", "applied") VALUES ('contenttypes', '0002_remove_content_type_name', '2025-05-03 07:24:57.276364') RETURNING "django_migrations"."id"; args=('contenttypes', '0002_remove_content_type_name', '2025-05-03 07:24:57.276364'); alias=default
DEBUG 2025-05-03 12:24:57,276 utils (0.000) PRAGMA foreign_key_check; args=None; alias=default
DEBUG 2025-05-03 12:24:57,279 utils (0.000) COMMIT; args=None; alias=default
DEBUG 2025-05-03 12:24:57,279 utils (0.000) PRAGMA foreign_keys = ON; args=None; alias=default
DEBUG 2025-05-03 12:24:57,280 utils (0.000) PRAGMA foreign_keys = OFF; args=None; alias=default
DEBUG 2025-05-03 12:24:57,280 utils (0.000) PRAGMA foreign_keys; args=None; alias=default
DEBUG 2025-05-03 12:24:57,280 utils (0.000) BEGIN; args=None; alias=default
DEBUG 2025-05-03 12:24:57,286 schema CREATE TABLE "new__auth_permission" ("id" integer NOT NULL PRIMARY KEY AUTOINCREMENT, "content_type_id" integer NOT NULL REFERENCES "django_content_type" ("id") DEFERRABLE INITIALLY DEFERRED, "codename" varchar(100) NOT NULL, "name" varchar(255) NOT NULL); (params None)
DEBUG 2025-05-03 12:24:57,286 utils (0.000) CREATE TABLE "new__auth_permission" ("id" integer NOT NULL PRIMARY KEY AUTOINCREMENT, "content_type_id" integer NOT NULL REFERENCES "django_content_type" ("id") DEFERRABLE INITIALLY DEFERRED, "codename" varchar(100) NOT NULL, "name" varchar(255) NOT NULL); args=None; alias=default
DEBUG 2025-05-03 12:24:57,286 schema INSERT INTO "new__auth_permission" ("id", "content_type_id", "codename", "name") SELECT "id", "content_type_id", "codename", "name" FROM "auth_permission"; (params ())
DEBUG 2025-05-03 12:24:57,287 utils (0.000) INSERT INTO "new__auth_permission" ("id", "content_type_id", "codename", "name") SELECT "id", "content_type_id", "codename", "name" FROM "auth_permission"; args=(); alias=default
DEBUG 2025-05-03 12:24:57,287 schema DROP TABLE "auth_permission"; (params ())
DEBUG 2025-05-03 12:24:57,287 utils (0.000) DROP TABLE "auth_permission"; args=(); alias=default
DEBUG 2025-05-03 12:24:57,287 schema ALTER TABLE "new__auth_permission" RENAME TO "auth_permission"; (params ())
DEBUG 2025-05-03 12:24:57,288 utils (0.000) ALTER TABLE "new__auth_permission" RENAME TO "auth_permission"; args=(); alias=default
DEBUG 2025-05-03 12:24:57,288 schema CREATE UNIQUE INDEX "auth_permission_content_type_id_codename_01ab375a_uniq" ON "auth_permission" ("content_type_id", "codename"); (params ())
DEBUG 2025-05-03 12:24:57,288 utils (0.000) CREATE UNIQUE INDEX "auth_permission_content_type_id_codename_01ab375a_uniq" ON "auth_permission" ("content_type_id", "codename"); args=(); alias=default
DEBUG 2025-05-03 12:24:57,288 schema CREATE INDEX "auth_permission_content_type_id_2f476e4b" ON "auth_permission" ("content_type_id"); (params ())
DEBUG 2025-05-03 12:24:57,289 utils (0.000) CREATE INDEX "auth_permission_content_type_id_2f476e4b" ON "auth_permission" ("content_type_id"); args=(); alias=default
DEBUG 2025-05-03 12:24:57,289 utils (0.000) INSERT INTO "django_migrations" ("app", "name", "applied") VALUES ('auth', '0002_alter_permission_name_max_length', '2025-05-03 07:24:57.289077') RETURNING "django_migrations"."id"; args=('auth', '0002_alter_permission_name_max_length', '2025-05-03 07:24:57.289077'); alias=default
DEBUG 2025-05-03 12:24:57,289 utils (0.000) PRAGMA foreign_key_check; args=None; alias=default
DEBUG 2025-05-03 12:24:57,292 utils (0.015) COMMIT; args=None; alias=default
DEBUG 2025-05-03 12:24:57,292 utils (0.000) PRAGMA foreign_keys = ON; args=None; alias=default
DEBUG 2025-05-03 12:24:57,292 utils (0.000) PRAGMA foreign_keys = OFF; args=None; alias=default
DEBUG 2025-05-03 12:24:57,292 utils (0.000) PRAGMA foreign_keys; args=None; alias=default
DEBUG 2025-05-03 12:24:57,292 utils (0.000) BEGIN; args=None; alias=default
DEBUG 2025-05-03 12:24:57,297 schema CREATE TABLE "new__auth_user" ("id" integer NOT NULL PRIMARY KEY AUTOINCREMENT, "password" varchar(128) NOT NULL, "last_login" datetime NOT NULL, "is_superuser" bool NOT NULL, "username" varchar(30) NOT NULL UNIQUE, "first_name" varchar(30) NOT NULL, "last_name" varchar(30) NOT NULL, "is_staff" bool NOT NULL, "is_active" bool NOT NULL, "date_joined" datetime NOT NULL, "email" varchar(254) NOT NULL); (params None)
DEBUG 2025-05-03 12:24:57,298 utils (0.000) CREATE TABLE "new__auth_user" ("id" integer NOT NULL PRIMARY KEY AUTOINCREMENT, "password" varchar(128) NOT NULL, "last_login" datetime NOT NULL, "is_superuser" bool NOT NULL, "username" varchar(30) NOT NULL UNIQUE, "first_name" varchar(30) NOT NULL, "last_name" varchar(30) NOT NULL, "is_staff" bool NOT NULL, "is_active" bool NOT NULL, "date_joined" datetime NOT NULL, "email" varchar(254) NOT NULL); args=None; alias=default
DEBUG 2025-05-03 12:24:57,298 schema INSERT INTO "new__auth_user" ("id", "password", "last_login", "is_superuser", "username", "first_name", "last_name", "is_staff", "is_active", "date_joined", "email") SELECT "id", "password", "last_login", "is_superuser", "username", "first_name", "last_name", "is_staff", "is_active", "date_joined", "email" FROM "auth_user"; (params ())
DEBUG 2025-05-03 12:24:57,298 utils (0.000) INSERT INTO "new__auth_user" ("id", "password", "last_login", "is_superuser", "username", "first_name", "last_name", "is_staff", "is_active", "date_joined", "email") SELECT "id", "password", "last_login", "is_superuser", "username", "first_name", "last_name", "is_staff", "is_active", "date_joined", "email" FROM "auth_user"; args=(); alias=default
DEBUG 2025-05-03 12:24:57,298 schema DROP TABLE "auth_user"; (params ())
DEBUG 2025-05-03 12:24:57,299 utils (0.000) DROP TABLE "auth_user"; args=(); alias=default
DEBUG 2025-05-03 12:24:57,299 schema ALTER TABLE "new__auth_user" RENAME TO "auth_user"; (params ())
DEBUG 2025-05-03 12:24:57,299 utils (0.000) ALTER TABLE "new__auth_user" RENAME TO "auth_user"; args=(); alias=default
DEBUG 2025-05-03 12:24:57,300 utils (0.000) INSERT INTO "django_migrations" ("app", "name", "applied") VALUES ('auth', '0003_alter_user_email_max_length', '2025-05-03 07:24:57.300597') RETURNING "django_migrations"."id"; args=('auth', '0003_alter_user_email_max_length', '2025-05-03 07:24:57.300597'); alias=default
DEBUG 2025-05-03 12:24:57,300 utils (0.000) PRAGMA foreign_key_check; args=None; alias=default
DEBUG 2025-05-03 12:24:57,304 utils (0.000) COMMIT; args=None; alias=default
DEBUG 2025-05-03 12:24:57,304 utils (0.000) PRAGMA foreign_keys = ON; args=None; alias=default
DEBUG 2025-05-03 12:24:57,304 utils (0.000) PRAGMA foreign_keys = OFF; args=None; alias=default
DEBUG 2025-05-03 12:24:57,305 utils (0.000) PRAGMA foreign_keys; args=None; alias=default
DEBUG 2025-05-03 12:24:57,305 utils (0.000) BEGIN; args=None; alias=default
DEBUG 2025-05-03 12:24:57,308 utils (0.000) INSERT INTO "django_migrations" ("app", "name", "applied") VALUES ('auth', '0004_alter_user_username_opts', '2025-05-03 07:24:57.308741') RETURNING "django_migrations"."id"; args=('auth', '0004_alter_user_username_opts', '2025-05-03 07:24:57.308741'); alias=default
DEBUG 2025-05-03 12:24:57,308 utils (0.000) PRAGMA foreign_key_check; args=None; alias=default
DEBUG 2025-05-03 12:24:57,312 utils (0.000) COMMIT; args=None; alias=default
DEBUG 2025-05-03 12:24:57,312 utils (0.000) PRAGMA foreign_keys = ON; args=None; alias=default
DEBUG 2025-05-03 12:24:57,312 utils (0.000) PRAGMA foreign_keys = OFF; args=None; alias=default
DEBUG 2025-05-03 12:24:57,312 utils (0.000) PRAGMA foreign_keys; args=None; alias=default
DEBUG 2025-05-03 12:24:57,312 utils (0.000) BEGIN; args=None; alias=default
DEBUG 2025-05-03 12:24:57,317 schema CREATE TABLE "new__auth_user" ("id" integer NOT NULL PRIMARY KEY AUTOINCREMENT, "password" varchar(128) NOT NULL, "is_superuser" bool NOT NULL, "username" varchar(30) NOT NULL UNIQUE, "first_name" varchar(30) NOT NULL, "last_name" varchar(30) NOT NULL, "email" varchar(254) NOT NULL, "is_staff" bool NOT NULL, "is_active" bool NOT NULL, "date_joined" datetime NOT NULL, "last_login" datetime NULL); (params None)
DEBUG 2025-05-03 12:24:57,317 utils (0.000) CREATE TABLE "new__auth_user" ("id" integer NOT NULL PRIMARY KEY AUTOINCREMENT, "password" varchar(128) NOT NULL, "is_superuser" bool NOT NULL, "username" varchar(30) NOT NULL UNIQUE, "first_name" varchar(30) NOT NULL, "last_name" varchar(30) NOT NULL, "email" varchar(254) NOT NULL, "is_staff" bool NOT NULL, "is_active" bool NOT NULL, "date_joined" datetime NOT NULL, "last_login" datetime NULL); args=None; alias=default
DEBUG 2025-05-03 12:24:57,318 schema INSERT INTO "new__auth_user" ("id", "password", "is_superuser", "username", "first_name", "last_name", "email", "is_staff", "is_active", "date_joined", "last_login") SELECT "id", "password", "is_superuser", "username", "first_name", "last_name", "email", "is_staff", "is_active", "date_joined", "last_login" FROM "auth_user"; (params ())
DEBUG 2025-05-03 12:24:57,318 utils (0.000) INSERT INTO "new__auth_user" ("id", "password", "is_superuser", "username", "first_name", "last_name", "email", "is_staff", "is_active", "date_joined", "last_login") SELECT "id", "password", "is_superuser", "username", "first_name", "last_name", "email", "is_staff", "is_active", "date_joined", "last_login" FROM "auth_user"; args=(); alias=default
DEBUG 2025-05-03 12:24:57,318 schema DROP TABLE "auth_user"; (params ())
DEBUG 2025-05-03 12:24:57,318 utils (0.000) DROP TABLE "auth_user"; args=(); alias=default
DEBUG 2025-05-03 12:24:57,318 schema ALTER TABLE "new__auth_user" RENAME TO "auth_user"; (params ())
DEBUG 2025-05-03 12:24:57,319 utils (0.000) ALTER TABLE "new__auth_user" RENAME TO "auth_user"; args=(); alias=default
DEBUG 2025-05-03 12:24:57,319 utils (0.000) INSERT INTO "django_migrations" ("app", "name", "applied") VALUES ('auth', '0005_alter_user_last_login_null', '2025-05-03 07:24:57.319870') RETURNING "django_migrations"."id"; args=('auth', '0005_alter_user_last_login_null', '2025-05-03 07:24:57.319870'); alias=default
DEBUG 2025-05-03 12:24:57,319 utils (0.000) PRAGMA foreign_key_check; args=None; alias=default
DEBUG 2025-05-03 12:24:57,322 utils (0.016) COMMIT; args=None; alias=default
DEBUG 2025-05-03 12:24:57,322 utils (0.000) PRAGMA foreign_keys = ON; args=None; alias=default
DEBUG 2025-05-03 12:24:57,324 utils (0.000) PRAGMA foreign_keys = OFF; args=None; alias=default
DEBUG 2025-05-03 12:24:57,324 utils (0.000) PRAGMA foreign_keys; args=None; alias=default
DEBUG 2025-05-03 12:24:57,324 utils (0.000) BEGIN; args=None; alias=default
DEBUG 2025-05-03 12:24:57,325 utils (0.000) INSERT INTO "django_migrations" ("app", "name", "applied") VALUES ('auth', '0006_require_contenttypes_0002', '2025-05-03 07:24:57.324434') RETURNING "django_migrations"."id"; args=('auth', '0006_require_contenttypes_0002', '2025-05-03 07:24:57.324434'); alias=default
DEBUG 2025-05-03 12:24:57,325 utils (0.000) PRAGMA foreign_key_check; args=None; alias=default
DEBUG 2025-05-03 12:24:57,328 utils (0.000) COMMIT; args=None; alias=default
DEBUG 2025-05-03 12:24:57,328 utils (0.000) PRAGMA foreign_keys = ON; args=None; alias=default
DEBUG 2025-05-03 12:24:57,328 utils (0.000) PRAGMA foreign_keys = OFF; args=None; alias=default
DEBUG 2025-05-03 12:24:57,329 utils (0.000) PRAGMA foreign_keys; args=None; alias=default
DEBUG 2025-05-03 12:24:57,329 utils (0.000) BEGIN; args=None; alias=default
DEBUG 2025-05-03 12:24:57,333 utils (0.000) INSERT INTO "django_migrations" ("app", "name", "applied") VALUES ('auth', '0007_alter_validators_add_error_messages', '2025-05-03 07:24:57.331634') RETURNING "django_migrations"."id"; args=('auth', '0007_alter_validators_add_error_messages', '2025-05-03 07:24:57.331634'); alias=default
DEBUG 2025-05-03 12:24:57,334 utils (0.000) PRAGMA foreign_key_check; args=None; alias=default
DEBUG 2025-05-03 12:24:57,336 utils (0.000) COMMIT; args=None; alias=default
DEBUG 2025-05-03 12:24:57,336 utils (0.000) PRAGMA foreign_keys = ON; args=None; alias=default
DEBUG 2025-05-03 12:24:57,337 utils (0.000) PRAGMA foreign_keys = OFF; args=None; alias=default
DEBUG 2025-05-03 12:24:57,337 utils (0.000) PRAGMA foreign_keys; args=None; alias=default
DEBUG 2025-05-03 12:24:57,337 utils (0.000) BEGIN; args=None; alias=default
DEBUG 2025-05-03 12:24:57,341 schema CREATE TABLE "new__auth_user" ("id" integer NOT NULL PRIMARY KEY AUTOINCREMENT, "password" varchar(128) NOT NULL, "last_login" datetime NULL, "is_superuser" bool NOT NULL, "first_name" varchar(30) NOT NULL, "last_name" varchar(30) NOT NULL, "email" varchar(254) NOT NULL, "is_staff" bool NOT NULL, "is_active" bool NOT NULL, "date_joined" datetime NOT NULL, "username" varchar(150) NOT NULL UNIQUE); (params None)
DEBUG 2025-05-03 12:24:57,341 utils (0.000) CREATE TABLE "new__auth_user" ("id" integer NOT NULL PRIMARY KEY AUTOINCREMENT, "password" varchar(128) NOT NULL, "last_login" datetime NULL, "is_superuser" bool NOT NULL, "first_name" varchar(30) NOT NULL, "last_name" varchar(30) NOT NULL, "email" varchar(254) NOT NULL, "is_staff" bool NOT NULL, "is_active" bool NOT NULL, "date_joined" datetime NOT NULL, "username" varchar(150) NOT NULL UNIQUE); args=None; alias=default
DEBUG 2025-05-03 12:24:57,341 schema INSERT INTO "new__auth_user" ("id", "password", "last_login", "is_superuser", "first_name", "last_name", "email", "is_staff", "is_active", "date_joined", "username") SELECT "id", "password", "last_login", "is_superuser", "first_name", "last_name", "email", "is_staff", "is_active", "date_joined", "username" FROM "auth_user"; (params ())
DEBUG 2025-05-03 12:24:57,343 utils (0.000) INSERT INTO "new__auth_user" ("id", "password", "last_login", "is_superuser", "first_name", "last_name", "email", "is_staff", "is_active", "date_joined", "username") SELECT "id", "password", "last_login", "is_superuser", "first_name", "last_name", "email", "is_staff", "is_active", "date_joined", "username" FROM "auth_user"; args=(); alias=default
DEBUG 2025-05-03 12:24:57,343 schema DROP TABLE "auth_user"; (params ())
DEBUG 2025-05-03 12:24:57,343 utils (0.000) DROP TABLE "auth_user"; args=(); alias=default
DEBUG 2025-05-03 12:24:57,343 schema ALTER TABLE "new__auth_user" RENAME TO "auth_user"; (params ())
DEBUG 2025-05-03 12:24:57,344 utils (0.000) ALTER TABLE "new__auth_user" RENAME TO "auth_user"; args=(); alias=default
DEBUG 2025-05-03 12:24:57,344 utils (0.000) INSERT INTO "django_migrations" ("app", "name", "applied") VALUES ('auth', '0008_alter_user_username_max_length', '2025-05-03 07:24:57.344007') RETURNING "django_migrations"."id"; args=('auth', '0008_alter_user_username_max_length', '2025-05-03 07:24:57.344007'); alias=default
DEBUG 2025-05-03 12:24:57,344 utils (0.000) PRAGMA foreign_key_check; args=None; alias=default
DEBUG 2025-05-03 12:24:57,348 utils (0.000) COMMIT; args=None; alias=default
DEBUG 2025-05-03 12:24:57,348 utils (0.000) PRAGMA foreign_keys = ON; args=None; alias=default
DEBUG 2025-05-03 12:24:57,348 utils (0.000) PRAGMA foreign_keys = OFF; args=None; alias=default
DEBUG 2025-05-03 12:24:57,348 utils (0.000) PRAGMA foreign_keys; args=None; alias=default
DEBUG 2025-05-03 12:24:57,348 utils (0.000) BEGIN; args=None; alias=default
DEBUG 2025-05-03 12:24:57,351 schema CREATE TABLE "new__auth_user" ("id" integer NOT NULL PRIMARY KEY AUTOINCREMENT, "password" varchar(128) NOT NULL, "last_login" datetime NULL, "is_superuser" bool NOT NULL, "username" varchar(150) NOT NULL UNIQUE, "first_name" varchar(30) NOT NULL, "email" varchar(254) NOT NULL, "is_staff" bool NOT NULL, "is_active" bool NOT NULL, "date_joined" datetime NOT NULL, "last_name" varchar(150) NOT NULL); (params None)
DEBUG 2025-05-03 12:24:57,353 utils (0.000) CREATE TABLE "new__auth_user" ("id" integer NOT NULL PRIMARY KEY AUTOINCREMENT, "password" varchar(128) NOT NULL, "last_login" datetime NULL, "is_superuser" bool NOT NULL, "username" varchar(150) NOT NULL UNIQUE, "first_name" varchar(30) NOT NULL, "email" varchar(254) NOT NULL, "is_staff" bool NOT NULL, "is_active" bool NOT NULL, "date_joined" datetime NOT NULL, "last_name" varchar(150) NOT NULL); args=None; alias=default
DEBUG 2025-05-03 12:24:57,353 schema INSERT INTO "new__auth_user" ("id", "password", "last_login", "is_superuser", "username", "first_name", "email", "is_staff", "is_active", "date_joined", "last_name") SELECT "id", "password", "last_login", "is_superuser", "username", "first_name", "email", "is_staff", "is_active", "date_joined", "last_name" FROM "auth_user"; (params ())
DEBUG 2025-05-03 12:24:57,354 utils (0.016) INSERT INTO "new__auth_user" ("id", "password", "last_login", "is_superuser", "username", "first_name", "email", "is_staff", "is_active", "date_joined", "last_name") SELECT "id", "password", "last_login", "is_superuser", "username", "first_name", "email", "is_staff", "is_active", "date_joined", "last_name" FROM "auth_user"; args=(); alias=default
DEBUG 2025-05-03 12:24:57,354 schema DROP TABLE "auth_user"; (params ())
DEBUG 2025-05-03 12:24:57,354 utils (0.000) DROP TABLE "auth_user"; args=(); alias=default
DEBUG 2025-05-03 12:24:57,354 schema ALTER TABLE "new__auth_user" RENAME TO "auth_user"; (params ())
DEBUG 2025-05-03 12:24:57,354 utils (0.000) ALTER TABLE "new__auth_user" RENAME TO "auth_user"; args=(); alias=default
DEBUG 2025-05-03 12:24:57,354 utils (0.000) INSERT INTO "django_migrations" ("app", "name", "applied") VALUES ('auth', '0009_alter_user_last_name_max_length', '2025-05-03 07:24:57.354683') RETURNING "django_migrations"."id"; args=('auth', '0009_alter_user_last_name_max_length', '2025-05-03 07:24:57.354683'); alias=default
DEBUG 2025-05-03 12:24:57,354 utils (0.000) PRAGMA foreign_key_check; args=None; alias=default
DEBUG 2025-05-03 12:24:57,358 utils (0.000) COMMIT; args=None; alias=default
DEBUG 2025-05-03 12:24:57,358 utils (0.000) PRAGMA foreign_keys = ON; args=None; alias=default
DEBUG 2025-05-03 12:24:57,359 utils (0.000) PRAGMA foreign_keys = OFF; args=None; alias=default
DEBUG 2025-05-03 12:24:57,359 utils (0.000) PRAGMA foreign_keys; args=None; alias=default
DEBUG 2025-05-03 12:24:57,359 utils (0.000) BEGIN; args=None; alias=default
DEBUG 2025-05-03 12:24:57,362 schema CREATE TABLE "new__auth_group" ("id" integer NOT NULL PRIMARY KEY AUTOINCREMENT, "name" varchar(150) NOT NULL UNIQUE); (params None)
DEBUG 2025-05-03 12:24:57,364 utils (0.000) CREATE TABLE "new__auth_group" ("id" integer NOT NULL PRIMARY KEY AUTOINCREMENT, "name" varchar(150) NOT NULL UNIQUE); args=None; alias=default
DEBUG 2025-05-03 12:24:57,364 schema INSERT INTO "new__auth_group" ("id", "name") SELECT "id", "name" FROM "auth_group"; (params ())
DEBUG 2025-05-03 12:24:57,364 utils (0.000) INSERT INTO "new__auth_group" ("id", "name") SELECT "id", "name" FROM "auth_group"; args=(); alias=default
DEBUG 2025-05-03 12:24:57,364 schema DROP TABLE "auth_group"; (params ())
DEBUG 2025-05-03 12:24:57,365 utils (0.000) DROP TABLE "auth_group"; args=(); alias=default
DEBUG 2025-05-03 12:24:57,365 schema ALTER TABLE "new__auth_group" RENAME TO "auth_group"; (params ())
DEBUG 2025-05-03 12:24:57,365 utils (0.000) ALTER TABLE "new__auth_group" RENAME TO "auth_group"; args=(); alias=default
DEBUG 2025-05-03 12:24:57,366 utils (0.000) INSERT INTO "django_migrations" ("app", "name", "applied") VALUES ('auth', '0010_alter_group_name_max_length', '2025-05-03 07:24:57.366444') RETURNING "django_migrations"."id"; args=('auth', '0010_alter_group_name_max_length', '2025-05-03 07:24:57.366444'); alias=default
DEBUG 2025-05-03 12:24:57,366 utils (0.000) PRAGMA foreign_key_check; args=None; alias=default
DEBUG 2025-05-03 12:24:57,370 utils (0.016) COMMIT; args=None; alias=default
DEBUG 2025-05-03 12:24:57,370 utils (0.000) PRAGMA foreign_keys = ON; args=None; alias=default
DEBUG 2025-05-03 12:24:57,370 utils (0.000) PRAGMA foreign_keys = OFF; args=None; alias=default
DEBUG 2025-05-03 12:24:57,370 utils (0.000) PRAGMA foreign_keys; args=None; alias=default
DEBUG 2025-05-03 12:24:57,371 utils (0.000) BEGIN; args=None; alias=default
DEBUG 2025-05-03 12:24:57,375 utils (0.000) INSERT INTO "django_migrations" ("app", "name", "applied") VALUES ('auth', '0011_update_proxy_permissions', '2025-05-03 07:24:57.375427') RETURNING "django_migrations"."id"; args=('auth', '0011_update_proxy_permissions', '2025-05-03 07:24:57.375427'); alias=default
DEBUG 2025-05-03 12:24:57,376 utils (0.000) PRAGMA foreign_key_check; args=None; alias=default
DEBUG 2025-05-03 12:24:57,379 utils (0.000) COMMIT; args=None; alias=default
DEBUG 2025-05-03 12:24:57,379 utils (0.000) PRAGMA foreign_keys = ON; args=None; alias=default
DEBUG 2025-05-03 12:24:57,379 utils (0.000) PRAGMA foreign_keys = OFF; args=None; alias=default
DEBUG 2025-05-03 12:24:57,379 utils (0.000) PRAGMA foreign_keys; args=None; alias=default
DEBUG 2025-05-03 12:24:57,379 utils (0.000) BEGIN; args=None; alias=default
DEBUG 2025-05-03 12:24:57,384 schema CREATE TABLE "new__auth_user" ("id" integer NOT NULL PRIMARY KEY AUTOINCREMENT, "password" varchar(128) NOT NULL, "last_login" datetime NULL, "is_superuser" bool NOT NULL, "username" varchar(150) NOT NULL UNIQUE, "last_name" varchar(150) NOT NULL, "email" varchar(254) NOT NULL, "is_staff" bool NOT NULL, "is_active" bool NOT NULL, "date_joined" datetime NOT NULL, "first_name" varchar(150) NOT NULL); (params None)
DEBUG 2025-05-03 12:24:57,384 utils (0.000) CREATE TABLE "new__auth_user" ("id" integer NOT NULL PRIMARY KEY AUTOINCREMENT, "password" varchar(128) NOT NULL, "last_login" datetime NULL, "is_superuser" bool NOT NULL, "username" varchar(150) NOT NULL UNIQUE, "last_name" varchar(150) NOT NULL, "email" varchar(254) NOT NULL, "is_staff" bool NOT NULL, "is_active" bool NOT NULL, "date_joined" datetime NOT NULL, "first_name" varchar(150) NOT NULL); args=None; alias=default
DEBUG 2025-05-03 12:24:57,385 schema INSERT INTO "new__auth_user" ("id", "password", "last_login", "is_superuser", "username", "last_name", "email", "is_staff", "is_active", "date_joined", "first_name") SELECT "id", "password", "last_login", "is_superuser", "username", "last_name", "email", "is_staff", "is_active", "date_joined", "first_name" FROM "auth_user"; (params ())
DEBUG 2025-05-03 12:24:57,385 utils (0.000) INSERT INTO "new__auth_user" ("id", "password", "last_login", "is_superuser", "username", "last_name", "email", "is_staff", "is_active", "date_joined", "first_name") SELECT "id", "password", "last_login", "is_superuser", "username", "last_name", "email", "is_staff", "is_active", "date_joined", "first_name" FROM "auth_user"; args=(); alias=default
DEBUG 2025-05-03 12:24:57,385 schema DROP TABLE "auth_user"; (params ())
DEBUG 2025-05-03 12:24:57,385 utils (0.000) DROP TABLE "auth_user"; args=(); alias=default
DEBUG 2025-05-03 12:24:57,385 schema ALTER TABLE "new__auth_user" RENAME TO "auth_user"; (params ())
DEBUG 2025-05-03 12:24:57,386 utils (0.000) ALTER TABLE "new__auth_user" RENAME TO "auth_user"; args=(); alias=default
DEBUG 2025-05-03 12:24:57,386 utils (0.000) INSERT INTO "django_migrations" ("app", "name", "applied") VALUES ('auth', '0012_alter_user_first_name_max_length', '2025-05-03 07:24:57.386976') RETURNING "django_migrations"."id"; args=('auth', '0012_alter_user_first_name_max_length', '2025-05-03 07:24:57.386976'); alias=default
DEBUG 2025-05-03 12:24:57,386 utils (0.000) PRAGMA foreign_key_check; args=None; alias=default
DEBUG 2025-05-03 12:24:57,390 utils (0.000) COMMIT; args=None; alias=default
DEBUG 2025-05-03 12:24:57,390 utils (0.000) PRAGMA foreign_keys = ON; args=None; alias=default
DEBUG 2025-05-03 12:24:57,390 utils (0.000) PRAGMA foreign_keys = OFF; args=None; alias=default
DEBUG 2025-05-03 12:24:57,390 utils (0.000) PRAGMA foreign_keys; args=None; alias=default
DEBUG 2025-05-03 12:24:57,390 utils (0.000) BEGIN; args=None; alias=default
DEBUG 2025-05-03 12:24:57,392 schema CREATE TABLE "django_session" ("session_key" varchar(40) NOT NULL PRIMARY KEY, "session_data" text NOT NULL, "expire_date" datetime NOT NULL); (params None)
DEBUG 2025-05-03 12:24:57,392 utils (0.000) CREATE TABLE "django_session" ("session_key" varchar(40) NOT NULL PRIMARY KEY, "session_data" text NOT NULL, "expire_date" datetime NOT NULL); args=None; alias=default
DEBUG 2025-05-03 12:24:57,393 utils (0.000) PRAGMA foreign_key_check; args=None; alias=default
DEBUG 2025-05-03 12:24:57,393 schema CREATE INDEX "django_session_expire_date_a5c62663" ON "django_session" ("expire_date"); (params None)
DEBUG 2025-05-03 12:24:57,393 utils (0.000) CREATE INDEX "django_session_expire_date_a5c62663" ON "django_session" ("expire_date"); args=None; alias=default
DEBUG 2025-05-03 12:24:57,395 utils (0.000) COMMIT; args=None; alias=default
DEBUG 2025-05-03 12:24:57,396 utils (0.000) PRAGMA foreign_keys = ON; args=None; alias=default
DEBUG 2025-05-03 12:24:57,396 utils (0.000) INSERT INTO "django_migrations" ("app", "name", "applied") VALUES ('sessions', '0001_initial', '2025-05-03 07:24:57.396999') RETURNING "django_migrations"."id"; args=('sessions', '0001_initial', '2025-05-03 07:24:57.396999'); alias=default
DEBUG 2025-05-03 12:24:57,400 utils (0.000) SELECT "django_migrations"."id", "django_migrations"."app", "django_migrations"."name", "django_migrations"."applied" FROM "django_migrations"; args=(); alias=default
DEBUG 2025-05-03 12:24:57,405 utils (0.000) SELECT "django_content_type"."id", "django_content_type"."app_label", "django_content_type"."model" FROM "django_content_type" WHERE "django_content_type"."app_label" = 'admin'; args=('admin',); alias=default
DEBUG 2025-05-03 12:24:57,405 utils (0.000) BEGIN; args=None; alias=default
DEBUG 2025-05-03 12:24:57,406 utils (0.000) INSERT INTO "django_content_type" ("app_label", "model") VALUES ('admin', 'logentry') RETURNING "django_content_type"."id"; args=('admin', 'logentry'); alias=default
DEBUG 2025-05-03 12:24:57,409 utils (0.000) COMMIT; args=None; alias=default
DEBUG 2025-05-03 12:24:57,409 utils (0.000) SELECT "django_content_type"."id", "django_content_type"."app_label", "django_content_type"."model" FROM "django_content_type" WHERE ("django_content_type"."app_label" = 'admin' AND "django_content_type"."model" IN ('logentry')); args=('admin', 'logentry'); alias=default
DEBUG 2025-05-03 12:24:57,410 utils (0.000) SELECT "auth_permission"."content_type_id" AS "content_type", "auth_permission"."codename" AS "codename" FROM "auth_permission" INNER JOIN "django_content_type" ON ("auth_permission"."content_type_id" = "django_content_type"."id") WHERE "auth_permission"."content_type_id" IN (1) ORDER BY "django_content_type"."app_label" ASC, "django_content_type"."model" ASC, 2 ASC; args=(1,); alias=default
DEBUG 2025-05-03 12:24:57,411 utils (0.000) BEGIN; args=None; alias=default
DEBUG 2025-05-03 12:24:57,411 utils (0.000) INSERT INTO "auth_permission" ("name", "content_type_id", "codename") VALUES ('Can add log entry', 1, 'add_logentry'), ('Can change log entry', 1, 'change_logentry'), ('Can delete log entry', 1, 'delete_logentry'), ('Can view log entry', 1, 'view_logentry') RETURNING "auth_permission"."id"; args=('Can add log entry', 1, 'add_logentry', 'Can change log entry', 1, 'change_logentry', 'Can delete log entry', 1, 'delete_logentry', 'Can view log entry', 1, 'view_logentry'); alias=default
DEBUG 2025-05-03 12:24:57,415 utils (0.000) COMMIT; args=None; alias=default
DEBUG 2025-05-03 12:24:57,416 utils (0.000) SELECT "django_content_type"."id", "django_content_type"."app_label", "django_content_type"."model" FROM "django_content_type" WHERE "django_content_type"."app_label" = 'admin'; args=('admin',); alias=default
DEBUG 2025-05-03 12:24:57,416 utils (0.000) SELECT "django_content_type"."id", "django_content_type"."app_label", "django_content_type"."model" FROM "django_content_type" WHERE "django_content_type"."app_label" = 'auth'; args=('auth',); alias=default
DEBUG 2025-05-03 12:24:57,417 utils (0.000) BEGIN; args=None; alias=default
DEBUG 2025-05-03 12:24:57,417 utils (0.000) INSERT INTO "django_content_type" ("app_label", "model") VALUES ('auth', 'permission'), ('auth', 'group'), ('auth', 'user') RETURNING "django_content_type"."id"; args=('auth', 'permission', 'auth', 'group', 'auth', 'user'); alias=default
DEBUG 2025-05-03 12:24:57,420 utils (0.000) COMMIT; args=None; alias=default
DEBUG 2025-05-03 12:24:57,420 utils (0.000) SELECT "django_content_type"."id", "django_content_type"."app_label", "django_content_type"."model" FROM "django_content_type" WHERE ("django_content_type"."app_label" = 'auth' AND "django_content_type"."model" IN ('group', 'permission', 'user')); args=('auth', 'group', 'permission', 'user'); alias=default
DEBUG 2025-05-03 12:24:57,422 utils (0.000) SELECT "auth_permission"."content_type_id" AS "content_type", "auth_permission"."codename" AS "codename" FROM "auth_permission" INNER JOIN "django_content_type" ON ("auth_permission"."content_type_id" = "django_content_type"."id") WHERE "auth_permission"."content_type_id" IN (2, 3, 4) ORDER BY "django_content_type"."app_label" ASC, "django_content_type"."model" ASC, 2 ASC; args=(2, 3, 4); alias=default
DEBUG 2025-05-03 12:24:57,422 utils (0.000) BEGIN; args=None; alias=default
DEBUG 2025-05-03 12:24:57,423 utils (0.000) INSERT INTO "auth_permission" ("name", "content_type_id", "codename") VALUES ('Can add permission', 2, 'add_permission'), ('Can change permission', 2, 'change_permission'), ('Can delete permission', 2, 'delete_permission'), ('Can view permission', 2, 'view_permission'), ('Can add group', 3, 'add_group'), ('Can change group', 3, 'change_group'), ('Can delete group', 3, 'delete_group'), ('Can view group', 3, 'view_group'), ('Can add user', 4, 'add_user'), ('Can change user', 4, 'change_user'), ('Can delete user', 4, 'delete_user'), ('Can view user', 4, 'view_user') RETURNING "auth_permission"."id"; args=('Can add permission', 2, 'add_permission', 'Can change permission', 2, 'change_permission', 'Can delete permission', 2, 'delete_permission', 'Can view permission', 2, 'view_permission', 'Can add group', 3, 'add_group', 'Can change group', 3, 'change_group', 'Can delete group', 3, 'delete_group', 'Can view group', 3, 'view_group', 'Can add user', 4, 'add_user', 'Can change user', 4, 'change_user', 'Can delete user', 4, 'delete_user', 'Can view user', 4, 'view_user'); alias=default
DEBUG 2025-05-03 12:24:57,426 utils (0.000) COMMIT; args=None; alias=default
DEBUG 2025-05-03 12:24:57,427 utils (0.000) SELECT "django_content_type"."id", "django_content_type"."app_label", "django_content_type"."model" FROM "django_content_type" WHERE "django_content_type"."app_label" = 'auth'; args=('auth',); alias=default
DEBUG 2025-05-03 12:24:57,427 utils (0.000) SELECT "django_content_type"."id", "django_content_type"."app_label", "django_content_type"."model" FROM "django_content_type" WHERE "django_content_type"."app_label" = 'contenttypes'; args=('contenttypes',); alias=default
DEBUG 2025-05-03 12:24:57,427 utils (0.000) BEGIN; args=None; alias=default
DEBUG 2025-05-03 12:24:57,428 utils (0.000) INSERT INTO "django_content_type" ("app_label", "model") VALUES ('contenttypes', 'contenttype') RETURNING "django_content_type"."id"; args=('contenttypes', 'contenttype'); alias=default
DEBUG 2025-05-03 12:24:57,432 utils (0.016) COMMIT; args=None; alias=default
DEBUG 2025-05-03 12:24:57,432 utils (0.000) SELECT "django_content_type"."id", "django_content_type"."app_label", "django_content_type"."model" FROM "django_content_type" WHERE ("django_content_type"."app_label" = 'contenttypes' AND "django_content_type"."model" IN ('contenttype')); args=('contenttypes', 'contenttype'); alias=default
DEBUG 2025-05-03 12:24:57,433 utils (0.000) SELECT "auth_permission"."content_type_id" AS "content_type", "auth_permission"."codename" AS "codename" FROM "auth_permission" INNER JOIN "django_content_type" ON ("auth_permission"."content_type_id" = "django_content_type"."id") WHERE "auth_permission"."content_type_id" IN (5) ORDER BY "django_content_type"."app_label" ASC, "django_content_type"."model" ASC, 2 ASC; args=(5,); alias=default
DEBUG 2025-05-03 12:24:57,433 utils (0.000) BEGIN; args=None; alias=default
DEBUG 2025-05-03 12:24:57,434 utils (0.000) INSERT INTO "auth_permission" ("name", "content_type_id", "codename") VALUES ('Can add content type', 5, 'add_contenttype'), ('Can change content type', 5, 'change_contenttype'), ('Can delete content type', 5, 'delete_contenttype'), ('Can view content type', 5, 'view_contenttype') RETURNING "auth_permission"."id"; args=('Can add content type', 5, 'add_contenttype', 'Can change content type', 5, 'change_contenttype', 'Can delete content type', 5, 'delete_contenttype', 'Can view content type', 5, 'view_contenttype'); alias=default
DEBUG 2025-05-03 12:24:57,437 utils (0.000) COMMIT; args=None; alias=default
DEBUG 2025-05-03 12:24:57,437 utils (0.000) SELECT "django_content_type"."id", "django_content_type"."app_label", "django_content_type"."model" FROM "django_content_type" WHERE "django_content_type"."app_label" = 'contenttypes'; args=('contenttypes',); alias=default
DEBUG 2025-05-03 12:24:57,437 utils (0.000) SELECT "django_content_type"."id", "django_content_type"."app_label", "django_content_type"."model" FROM "django_content_type" WHERE "django_content_type"."app_label" = 'sessions'; args=('sessions',); alias=default
DEBUG 2025-05-03 12:24:57,437 utils (0.000) BEGIN; args=None; alias=default
DEBUG 2025-05-03 12:24:57,438 utils (0.000) INSERT INTO "django_content_type" ("app_label", "model") VALUES ('sessions', 'session') RETURNING "django_content_type"."id"; args=('sessions', 'session'); alias=default
DEBUG 2025-05-03 12:24:57,445 utils (0.000) COMMIT; args=None; alias=default
DEBUG 2025-05-03 12:24:57,446 utils (0.000) SELECT "django_content_type"."id", "django_content_type"."app_label", "django_content_type"."model" FROM "django_content_type" WHERE ("django_content_type"."app_label" = 'sessions' AND "django_content_type"."model" IN ('session')); args=('sessions', 'session'); alias=default
DEBUG 2025-05-03 12:24:57,446 utils (0.000) SELECT "auth_permission"."content_type_id" AS "content_type", "auth_permission"."codename" AS "codename" FROM "auth_permission" INNER JOIN "django_content_type" ON ("auth_permission"."content_type_id" = "django_content_type"."id") WHERE "auth_permission"."content_type_id" IN (6) ORDER BY "django_content_type"."app_label" ASC, "django_content_type"."model" ASC, 2 ASC; args=(6,); alias=default
DEBUG 2025-05-03 12:24:57,447 utils (0.000) BEGIN; args=None; alias=default
DEBUG 2025-05-03 12:24:57,447 utils (0.000) INSERT INTO "auth_permission" ("name", "content_type_id", "codename") VALUES ('Can add session', 6, 'add_session'), ('Can change session', 6, 'change_session'), ('Can delete session', 6, 'delete_session'), ('Can view session', 6, 'view_session') RETURNING "auth_permission"."id"; args=('Can add session', 6, 'add_session', 'Can change session', 6, 'change_session', 'Can delete session', 6, 'delete_session', 'Can view session', 6, 'view_session'); alias=default
DEBUG 2025-05-03 12:24:57,450 utils (0.000) COMMIT; args=None; alias=default
DEBUG 2025-05-03 12:24:57,451 utils (0.000) SELECT "django_content_type"."id", "django_content_type"."app_label", "django_content_type"."model" FROM "django_content_type" WHERE "django_content_type"."app_label" = 'sessions'; args=('sessions',); alias=default
DEBUG 2025-05-03 12:25:02,993 utils (0.000) 
            SELECT name, type FROM sqlite_master
            WHERE type in ('table', 'view') AND NOT name='sqlite_sequence'
            ORDER BY name; args=None; alias=default
DEBUG 2025-05-03 12:25:03,004 utils (0.000) SELECT "django_migrations"."id", "django_migrations"."app", "django_migrations"."name", "django_migrations"."applied" FROM "django_migrations"; args=(); alias=default
DEBUG 2025-05-03 12:25:03,005 utils (0.000) SELECT "auth_user"."id", "auth_user"."password", "auth_user"."last_login", "auth_user"."is_superuser", "auth_user"."username", "auth_user"."first_name", "auth_user"."last_name", "auth_user"."email", "auth_user"."is_staff", "auth_user"."is_active", "auth_user"."date_joined" FROM "auth_user" WHERE "auth_user"."username" = 'user' LIMIT 21; args=('user',); alias=default
DEBUG 2025-05-03 12:25:05,124 utils (0.000) SELECT "auth_user"."id", "auth_user"."password", "auth_user"."last_login", "auth_user"."is_superuser", "auth_user"."username", "auth_user"."first_name", "auth_user"."last_name", "auth_user"."email", "auth_user"."is_staff", "auth_user"."is_active", "auth_user"."date_joined" FROM "auth_user" WHERE "auth_user"."username" = '123' LIMIT 21; args=('123',); alias=default
DEBUG 2025-05-03 12:25:16,231 utils (0.000) INSERT INTO "auth_user" ("password", "last_login", "is_superuser", "username", "first_name", "last_name", "email", "is_staff", "is_active", "date_joined") VALUES ('pbkdf2_sha256$1000000$GFxFqNlFNk7PWui77TAMgS$obTM5NxMRbsExOiww7LwbwchiuCexK25KIyxBHnx+EU=', NULL, 1, '123', '', '', '123@123.ru', 1, 1, '2025-05-03 07:25:15.638545') RETURNING "auth_user"."id"; args=('pbkdf2_sha256$1000000$GFxFqNlFNk7PWui77TAMgS$obTM5NxMRbsExOiww7LwbwchiuCexK25KIyxBHnx+EU=', None, True, '123', '', '', '123@123.ru', True, True, '2025-05-03 07:25:15.638545'); alias=default
INFO 2025-05-03 12:25:24,198 autoreload Watching for file changes with StatReloader
DEBUG 2025-05-03 12:25:24,198 autoreload Waiting for apps ready_event.
DEBUG 2025-05-03 12:25:24,201 autoreload Apps ready_event triggered. Sending autoreload_started signal.
DEBUG 2025-05-03 12:25:24,253 utils (0.000) 
            SELECT name, type FROM sqlite_master
            WHERE type in ('table', 'view') AND NOT name='sqlite_sequence'
            ORDER BY name; args=None; alias=default
DEBUG 2025-05-03 12:25:24,254 utils (0.000) SELECT "django_migrations"."id", "django_migrations"."app", "django_migrations"."name", "django_migrations"."applied" FROM "django_migrations"; args=(); alias=default
DEBUG 2025-05-03 12:25:24,257 autoreload Watching dir C:\Users\user\Desktop\web2025\DjangoLogging\locale with glob **/*.mo.
DEBUG 2025-05-03 12:25:24,400 autoreload File C:\Users\user\AppData\Local\Programs\Python\Python312\Lib\concurrent\futures\__init__.py first seen with mtime 1738667112.0
DEBUG 2025-05-03 12:25:24,400 autoreload File C:\Users\user\AppData\Local\Programs\Python\Python312\DLLs\_ctypes.pyd first seen with mtime 1738667166.0
DEBUG 2025-05-03 12:25:24,400 autoreload File C:\Users\user\AppData\Local\pypoetry\Cache\virtualenvs\djangologging-R3W2srQ6-py3.12\Lib\site-packages\_virtualenv.py first seen with mtime 1746256397.9404626
DEBUG 2025-05-03 12:25:24,400 autoreload File C:\Users\user\AppData\Local\pypoetry\Cache\virtualenvs\djangologging-R3W2srQ6-py3.12\Lib\site-packages\django\contrib\admin\checks.py first seen with mtime 1746256410.2098038
DEBUG 2025-05-03 12:25:24,401 autoreload File C:\Users\user\AppData\Local\pypoetry\Cache\virtualenvs\djangologging-R3W2srQ6-py3.12\Lib\site-packages\django\core\files\utils.py first seen with mtime 1746256411.8190231
DEBUG 2025-05-03 12:25:24,401 autoreload File C:\Users\user\AppData\Local\Programs\Python\Python312\Lib\concurrent\futures\thread.py first seen with mtime 1738667112.0
DEBUG 2025-05-03 12:25:24,401 autoreload File C:\Users\user\AppData\Local\Programs\Python\Python312\Lib\urllib\__init__.py first seen with mtime 1738667114.0
DEBUG 2025-05-03 12:25:24,401 autoreload File C:\Users\user\AppData\Local\pypoetry\Cache\virtualenvs\djangologging-R3W2srQ6-py3.12\Lib\site-packages\django\contrib\admin\views\autocomplete.py first seen with mtime 1746256410.5415373
DEBUG 2025-05-03 12:25:24,401 autoreload File C:\Users\user\AppData\Local\Programs\Python\Python312\Lib\hmac.py first seen with mtime 1738667112.0
DEBUG 2025-05-03 12:25:24,401 autoreload File C:\Users\user\AppData\Local\Programs\Python\Python312\Lib\asyncio\windows_events.py first seen with mtime 1738667112.0
DEBUG 2025-05-03 12:25:24,402 autoreload File C:\Users\user\AppData\Local\Programs\Python\Python312\Lib\email\parser.py first seen with mtime 1738667112.0
DEBUG 2025-05-03 12:25:24,402 autoreload File C:\Users\user\AppData\Local\pypoetry\Cache\virtualenvs\djangologging-R3W2srQ6-py3.12\Lib\site-packages\django\db\models\base.py first seen with mtime 1746256411.8955238
DEBUG 2025-05-03 12:25:24,402 autoreload File C:\Users\user\AppData\Local\pypoetry\Cache\virtualenvs\djangologging-R3W2srQ6-py3.12\Lib\site-packages\django\core\management\commands\__init__.py first seen with mtime 1746256411.833639
DEBUG 2025-05-03 12:25:24,402 autoreload File C:\Users\user\AppData\Local\pypoetry\Cache\virtualenvs\djangologging-R3W2srQ6-py3.12\Lib\site-packages\django\db\migrations\operations\__init__.py first seen with mtime 1746256411.8915112
DEBUG 2025-05-03 12:25:24,402 autoreload File C:\Users\user\AppData\Local\pypoetry\Cache\virtualenvs\djangologging-R3W2srQ6-py3.12\Lib\site-packages\django\views\decorators\__init__.py first seen with mtime 1746256412.0183396
DEBUG 2025-05-03 12:25:24,402 autoreload File C:\Users\user\AppData\Local\Programs\Python\Python312\Lib\asyncio\taskgroups.py first seen with mtime 1738667112.0
DEBUG 2025-05-03 12:25:24,402 autoreload File C:\Users\user\AppData\Local\Programs\Python\Python312\Lib\json\scanner.py first seen with mtime 1738667112.0
DEBUG 2025-05-03 12:25:24,403 autoreload File C:\Users\user\AppData\Local\Programs\Python\Python312\Lib\tempfile.py first seen with mtime 1738667112.0
DEBUG 2025-05-03 12:25:24,403 autoreload File C:\Users\user\AppData\Local\pypoetry\Cache\virtualenvs\djangologging-R3W2srQ6-py3.12\Lib\site-packages\django\contrib\contenttypes\views.py first seen with mtime 1746256410.8014126
DEBUG 2025-05-03 12:25:24,403 autoreload File C:\Users\user\AppData\Local\pypoetry\Cache\virtualenvs\djangologging-R3W2srQ6-py3.12\Lib\site-packages\django\contrib\admin\apps.py first seen with mtime 1746256410.2098038
DEBUG 2025-05-03 12:25:24,403 autoreload File C:\Users\user\Desktop\web2025\DjangoLogging\Logg_app\__init__.py first seen with mtime 1746256604.2628853
DEBUG 2025-05-03 12:25:24,403 autoreload File C:\Users\user\AppData\Local\pypoetry\Cache\virtualenvs\djangologging-R3W2srQ6-py3.12\Lib\site-packages\django\contrib\contenttypes\fields.py first seen with mtime 1746256410.800413
DEBUG 2025-05-03 12:25:24,403 autoreload File C:\Users\user\AppData\Local\Programs\Python\Python312\Lib\ast.py first seen with mtime 1738667112.0
DEBUG 2025-05-03 12:25:24,403 autoreload File C:\Users\user\AppData\Local\pypoetry\Cache\virtualenvs\djangologging-R3W2srQ6-py3.12\Lib\site-packages\sqlparse\engine\statement_splitter.py first seen with mtime 1746256409.5334206
DEBUG 2025-05-03 12:25:24,404 autoreload File C:\Users\user\AppData\Local\pypoetry\Cache\virtualenvs\djangologging-R3W2srQ6-py3.12\Lib\site-packages\django\forms\utils.py first seen with mtime 1746256411.9223197
DEBUG 2025-05-03 12:25:24,404 autoreload File C:\Users\user\AppData\Local\pypoetry\Cache\virtualenvs\djangologging-R3W2srQ6-py3.12\Lib\site-packages\django\dispatch\dispatcher.py first seen with mtime 1746256411.9173667
DEBUG 2025-05-03 12:25:24,404 autoreload File C:\Users\user\AppData\Local\Programs\Python\Python312\Lib\statistics.py first seen with mtime 1738667112.0
DEBUG 2025-05-03 12:25:24,404 autoreload File C:\Users\user\AppData\Local\Programs\Python\Python312\Lib\email\message.py first seen with mtime 1738667112.0
DEBUG 2025-05-03 12:25:24,404 autoreload File C:\Users\user\AppData\Local\pypoetry\Cache\virtualenvs\djangologging-R3W2srQ6-py3.12\Lib\site-packages\django\contrib\admin\templatetags\admin_urls.py first seen with mtime 1746256410.5392795
DEBUG 2025-05-03 12:25:24,404 autoreload File C:\Users\user\AppData\Local\pypoetry\Cache\virtualenvs\djangologging-R3W2srQ6-py3.12\Lib\site-packages\django\template\engine.py first seen with mtime 1746256411.9753966
DEBUG 2025-05-03 12:25:24,405 autoreload File C:\Users\user\AppData\Local\Programs\Python\Python312\Lib\email\_policybase.py first seen with mtime 1738667112.0
DEBUG 2025-05-03 12:25:24,405 autoreload File C:\Users\user\AppData\Local\pypoetry\Cache\virtualenvs\djangologging-R3W2srQ6-py3.12\Lib\site-packages\django\db\models\sql\__init__.py first seen with mtime 1746256411.9135585
DEBUG 2025-05-03 12:25:24,405 autoreload File C:\Users\user\AppData\Local\pypoetry\Cache\virtualenvs\djangologging-R3W2srQ6-py3.12\Lib\site-packages\django\contrib\contenttypes\forms.py first seen with mtime 1746256410.800413
DEBUG 2025-05-03 12:25:24,405 autoreload File C:\Users\user\AppData\Local\pypoetry\Cache\virtualenvs\djangologging-R3W2srQ6-py3.12\Lib\site-packages\django\middleware\csrf.py first seen with mtime 1746256411.9690204
DEBUG 2025-05-03 12:25:24,405 autoreload File C:\Users\user\AppData\Local\pypoetry\Cache\virtualenvs\djangologging-R3W2srQ6-py3.12\Lib\site-packages\django\db\models\fields\files.py first seen with mtime 1746256411.9038277
DEBUG 2025-05-03 12:25:24,405 autoreload File C:\Users\user\AppData\Local\Programs\Python\Python312\Lib\platform.py first seen with mtime 1738667112.0
DEBUG 2025-05-03 12:25:24,406 autoreload File C:\Users\user\AppData\Local\pypoetry\Cache\virtualenvs\djangologging-R3W2srQ6-py3.12\Lib\site-packages\django\core\management\commands\runserver.py first seen with mtime 1746256411.8408988
DEBUG 2025-05-03 12:25:24,406 autoreload File C:\Users\user\AppData\Local\Programs\Python\Python312\Lib\copy.py first seen with mtime 1738667112.0
DEBUG 2025-05-03 12:25:24,406 autoreload File C:\Users\user\AppData\Local\pypoetry\Cache\virtualenvs\djangologging-R3W2srQ6-py3.12\Lib\site-packages\django\core\checks\async_checks.py first seen with mtime 1746256411.8078442
DEBUG 2025-05-03 12:25:24,406 autoreload File C:\Users\user\AppData\Local\Programs\Python\Python312\Lib\urllib\error.py first seen with mtime 1738667114.0
DEBUG 2025-05-03 12:25:24,406 autoreload File C:\Users\user\AppData\Local\pypoetry\Cache\virtualenvs\djangologging-R3W2srQ6-py3.12\Lib\site-packages\django\db\models\functions\json.py first seen with mtime 1746256411.9108667
DEBUG 2025-05-03 12:25:24,406 autoreload File C:\Users\user\AppData\Local\pypoetry\Cache\virtualenvs\djangologging-R3W2srQ6-py3.12\Lib\site-packages\django\utils\asyncio.py first seen with mtime 1746256411.996907
DEBUG 2025-05-03 12:25:24,407 autoreload File C:\Users\user\AppData\Local\pypoetry\Cache\virtualenvs\djangologging-R3W2srQ6-py3.12\Lib\site-packages\django\contrib\sessions\backends\db.py first seen with mtime 1746256411.5535488
DEBUG 2025-05-03 12:25:24,407 autoreload File C:\Users\user\AppData\Local\Programs\Python\Python312\Lib\html\parser.py first seen with mtime 1738667112.0
DEBUG 2025-05-03 12:25:24,407 autoreload File C:\Users\user\AppData\Local\pypoetry\Cache\virtualenvs\djangologging-R3W2srQ6-py3.12\Lib\site-packages\anyio\streams\stapled.py first seen with mtime 1746256717.0644045
DEBUG 2025-05-03 12:25:24,407 autoreload File C:\Users\user\AppData\Local\Programs\Python\Python312\Lib\asyncio\base_events.py first seen with mtime 1738667112.0
DEBUG 2025-05-03 12:25:24,407 autoreload File C:\Users\user\AppData\Local\pypoetry\Cache\virtualenvs\djangologging-R3W2srQ6-py3.12\Lib\site-packages\anyio\streams\memory.py first seen with mtime 1746256717.0633936
DEBUG 2025-05-03 12:25:24,407 autoreload File C:\Users\user\AppData\Local\pypoetry\Cache\virtualenvs\djangologging-R3W2srQ6-py3.12\Lib\site-packages\django\db\migrations\operations\base.py first seen with mtime 1746256411.892121
DEBUG 2025-05-03 12:25:24,408 autoreload File C:\Users\user\AppData\Local\pypoetry\Cache\virtualenvs\djangologging-R3W2srQ6-py3.12\Lib\site-packages\django\template\loaders\app_directories.py first seen with mtime 1746256411.9825833
DEBUG 2025-05-03 12:25:24,408 autoreload File C:\Users\user\AppData\Local\pypoetry\Cache\virtualenvs\djangologging-R3W2srQ6-py3.12\Lib\site-packages\django\contrib\admin\templatetags\base.py first seen with mtime 1746256410.5404077
DEBUG 2025-05-03 12:25:24,408 autoreload File C:\Users\user\AppData\Local\Programs\Python\Python312\Lib\wsgiref\handlers.py first seen with mtime 1738667114.0
DEBUG 2025-05-03 12:25:24,408 autoreload File C:\Users\user\AppData\Local\Programs\Python\Python312\Lib\pkgutil.py first seen with mtime 1738667112.0
DEBUG 2025-05-03 12:25:24,408 autoreload File C:\Users\user\AppData\Local\Programs\Python\Python312\Lib\asyncio\staggered.py first seen with mtime 1738667112.0
DEBUG 2025-05-03 12:25:24,408 autoreload File C:\Users\user\AppData\Local\pypoetry\Cache\virtualenvs\djangologging-R3W2srQ6-py3.12\Lib\site-packages\django\core\serializers\json.py first seen with mtime 1746256411.848205
DEBUG 2025-05-03 12:25:24,408 autoreload File C:\Users\user\AppData\Local\Programs\Python\Python312\Lib\asyncio\runners.py first seen with mtime 1738667112.0
DEBUG 2025-05-03 12:25:24,408 autoreload File C:\Users\user\AppData\Local\pypoetry\Cache\virtualenvs\djangologging-R3W2srQ6-py3.12\Lib\site-packages\django\contrib\auth\password_validation.py first seen with mtime 1746256410.6698077
DEBUG 2025-05-03 12:25:24,408 autoreload File C:\Users\user\AppData\Local\Programs\Python\Python312\DLLs\_bz2.pyd first seen with mtime 1738667166.0
DEBUG 2025-05-03 12:25:24,409 autoreload File C:\Users\user\AppData\Local\pypoetry\Cache\virtualenvs\djangologging-R3W2srQ6-py3.12\Lib\site-packages\django\views\generic\__init__.py first seen with mtime 1746256412.0223968
DEBUG 2025-05-03 12:25:24,409 autoreload File C:\Users\user\AppData\Local\pypoetry\Cache\virtualenvs\djangologging-R3W2srQ6-py3.12\Lib\site-packages\anyio\_core\_exceptions.py first seen with mtime 1746256717.0508645
DEBUG 2025-05-03 12:25:24,409 autoreload File C:\Users\user\AppData\Local\pypoetry\Cache\virtualenvs\djangologging-R3W2srQ6-py3.12\Lib\site-packages\django\contrib\admin\views\__init__.py first seen with mtime 1746256410.5404077
DEBUG 2025-05-03 12:25:24,409 autoreload File C:\Users\user\AppData\Local\pypoetry\Cache\virtualenvs\djangologging-R3W2srQ6-py3.12\Lib\site-packages\anyio\abc\_subprocesses.py first seen with mtime 1746256717.060106
DEBUG 2025-05-03 12:25:24,409 autoreload File C:\Users\user\AppData\Local\pypoetry\Cache\virtualenvs\djangologging-R3W2srQ6-py3.12\Lib\site-packages\django\contrib\admin\__init__.py first seen with mtime 1746256410.2087321
DEBUG 2025-05-03 12:25:24,409 autoreload File C:\Users\user\AppData\Local\pypoetry\Cache\virtualenvs\djangologging-R3W2srQ6-py3.12\Lib\site-packages\django\utils\regex_helper.py first seen with mtime 1746256412.0089042
DEBUG 2025-05-03 12:25:24,410 autoreload File C:\Users\user\AppData\Local\pypoetry\Cache\virtualenvs\djangologging-R3W2srQ6-py3.12\Lib\site-packages\django\utils\numberformat.py first seen with mtime 1746256412.0089042
DEBUG 2025-05-03 12:25:24,410 autoreload File C:\Users\user\AppData\Local\pypoetry\Cache\virtualenvs\djangologging-R3W2srQ6-py3.12\Lib\site-packages\sqlparse\engine\filter_stack.py first seen with mtime 1746256409.530897
DEBUG 2025-05-03 12:25:24,410 autoreload File C:\Users\user\AppData\Local\pypoetry\Cache\virtualenvs\djangologging-R3W2srQ6-py3.12\Lib\site-packages\django\core\wsgi.py first seen with mtime 1746256411.8023612
DEBUG 2025-05-03 12:25:24,410 autoreload File C:\Users\user\AppData\Local\pypoetry\Cache\virtualenvs\djangologging-R3W2srQ6-py3.12\Lib\site-packages\sqlparse\__init__.py first seen with mtime 1746256409.5264869
DEBUG 2025-05-03 12:25:24,410 autoreload File C:\Users\user\AppData\Local\pypoetry\Cache\virtualenvs\djangologging-R3W2srQ6-py3.12\Lib\site-packages\django\core\handlers\base.py first seen with mtime 1746256411.8244987
DEBUG 2025-05-03 12:25:24,410 autoreload File C:\Users\user\AppData\Local\pypoetry\Cache\virtualenvs\djangologging-R3W2srQ6-py3.12\Lib\site-packages\django\forms\boundfield.py first seen with mtime 1746256411.9198127
DEBUG 2025-05-03 12:25:24,411 autoreload File C:\Users\user\AppData\Local\Programs\Python\Python312\Lib\logging\__init__.py first seen with mtime 1738667112.0
DEBUG 2025-05-03 12:25:24,411 autoreload File C:\Users\user\AppData\Local\pypoetry\Cache\virtualenvs\djangologging-R3W2srQ6-py3.12\Lib\site-packages\django\core\checks\registry.py first seen with mtime 1746256411.8112595
DEBUG 2025-05-03 12:25:24,411 autoreload File C:\Users\user\AppData\Local\pypoetry\Cache\virtualenvs\djangologging-R3W2srQ6-py3.12\Lib\site-packages\django\template\backends\base.py first seen with mtime 1746256411.980354
DEBUG 2025-05-03 12:25:24,411 autoreload File C:\Users\user\AppData\Local\pypoetry\Cache\virtualenvs\djangologging-R3W2srQ6-py3.12\Lib\site-packages\django\contrib\auth\validators.py first seen with mtime 1746256410.6710162
DEBUG 2025-05-03 12:25:24,411 autoreload File C:\Users\user\AppData\Local\Programs\Python\Python312\Lib\quopri.py first seen with mtime 1738667112.0
DEBUG 2025-05-03 12:25:24,411 autoreload File C:\Users\user\AppData\Local\pypoetry\Cache\virtualenvs\djangologging-R3W2srQ6-py3.12\Lib\site-packages\django\core\mail\message.py first seen with mtime 1746256411.8263748
DEBUG 2025-05-03 12:25:24,411 autoreload File C:\Users\user\AppData\Local\pypoetry\Cache\virtualenvs\djangologging-R3W2srQ6-py3.12\Lib\site-packages\django\db\migrations\graph.py first seen with mtime 1746256411.8861246
DEBUG 2025-05-03 12:25:24,411 autoreload File C:\Users\user\AppData\Local\pypoetry\Cache\virtualenvs\djangologging-R3W2srQ6-py3.12\Lib\site-packages\anyio\streams\__init__.py first seen with mtime 1746256717.0614345
DEBUG 2025-05-03 12:25:24,413 autoreload File C:\Users\user\AppData\Local\pypoetry\Cache\virtualenvs\djangologging-R3W2srQ6-py3.12\Lib\site-packages\django\core\serializers\base.py first seen with mtime 1746256411.847203
DEBUG 2025-05-03 12:25:24,413 autoreload File C:\Users\user\AppData\Local\pypoetry\Cache\virtualenvs\djangologging-R3W2srQ6-py3.12\Lib\site-packages\django\db\migrations\__init__.py first seen with mtime 1746256411.8833477
DEBUG 2025-05-03 12:25:24,413 autoreload File C:\Users\user\AppData\Local\pypoetry\Cache\virtualenvs\djangologging-R3W2srQ6-py3.12\Lib\site-packages\sqlparse\formatter.py first seen with mtime 1746256409.5288763
DEBUG 2025-05-03 12:25:24,413 autoreload File C:\Users\user\AppData\Local\pypoetry\Cache\virtualenvs\djangologging-R3W2srQ6-py3.12\Lib\site-packages\django\db\models\aggregates.py first seen with mtime 1746256411.8945248
DEBUG 2025-05-03 12:25:24,413 autoreload File C:\Users\user\AppData\Local\pypoetry\Cache\virtualenvs\djangologging-R3W2srQ6-py3.12\Lib\site-packages\django\core\files\__init__.py first seen with mtime 1746256411.81565
DEBUG 2025-05-03 12:25:24,413 autoreload File C:\Users\user\AppData\Local\Programs\Python\Python312\Lib\lzma.py first seen with mtime 1738667112.0
DEBUG 2025-05-03 12:25:24,414 autoreload File C:\Users\user\AppData\Local\pypoetry\Cache\virtualenvs\djangologging-R3W2srQ6-py3.12\Lib\site-packages\sqlparse\filters\others.py first seen with mtime 1746256409.5356703
DEBUG 2025-05-03 12:25:24,414 autoreload File C:\Users\user\AppData\Local\pypoetry\Cache\virtualenvs\djangologging-R3W2srQ6-py3.12\Lib\site-packages\django\contrib\sessions\base_session.py first seen with mtime 1746256411.5488305
DEBUG 2025-05-03 12:25:24,414 autoreload File C:\Users\user\AppData\Local\pypoetry\Cache\virtualenvs\djangologging-R3W2srQ6-py3.12\Lib\site-packages\django\db\migrations\recorder.py first seen with mtime 1746256411.8891523
DEBUG 2025-05-03 12:25:24,414 autoreload File C:\Users\user\AppData\Local\Programs\Python\Python312\Lib\ctypes\__init__.py first seen with mtime 1738667112.0
DEBUG 2025-05-03 12:25:24,414 autoreload File C:\Users\user\AppData\Local\Programs\Python\Python312\Lib\uuid.py first seen with mtime 1738667114.0
DEBUG 2025-05-03 12:25:24,414 autoreload File C:\Users\user\AppData\Local\Programs\Python\Python312\Lib\asyncio\trsock.py first seen with mtime 1738667112.0
DEBUG 2025-05-03 12:25:24,414 autoreload File C:\Users\user\AppData\Local\Programs\Python\Python312\Lib\re\_casefix.py first seen with mtime 1738667112.0
DEBUG 2025-05-03 12:25:24,415 autoreload File C:\Users\user\AppData\Local\pypoetry\Cache\virtualenvs\djangologging-R3W2srQ6-py3.12\Lib\site-packages\django\db\migrations\state.py first seen with mtime 1746256411.8901534
DEBUG 2025-05-03 12:25:24,415 autoreload File C:\Users\user\AppData\Local\pypoetry\Cache\virtualenvs\djangologging-R3W2srQ6-py3.12\Lib\site-packages\django\core\checks\translation.py first seen with mtime 1746256411.8112595
DEBUG 2025-05-03 12:25:24,415 autoreload File C:\Users\user\AppData\Local\Programs\Python\Python312\Lib\encodings\__init__.py first seen with mtime 1738667112.0
DEBUG 2025-05-03 12:25:24,415 autoreload File C:\Users\user\AppData\Local\pypoetry\Cache\virtualenvs\djangologging-R3W2srQ6-py3.12\Lib\site-packages\django\contrib\admin\migrations\0002_logentry_remove_auto_add.py first seen with mtime 1746256410.4350212
DEBUG 2025-05-03 12:25:24,415 autoreload File C:\Users\user\AppData\Local\pypoetry\Cache\virtualenvs\djangologging-R3W2srQ6-py3.12\Lib\site-packages\django\core\files\storage\filesystem.py first seen with mtime 1746256411.8200572
DEBUG 2025-05-03 12:25:24,416 autoreload File C:\Users\user\AppData\Local\pypoetry\Cache\virtualenvs\djangologging-R3W2srQ6-py3.12\Lib\site-packages\django\urls\__init__.py first seen with mtime 1746256411.9924395
DEBUG 2025-05-03 12:25:24,416 autoreload File C:\Users\user\AppData\Local\pypoetry\Cache\virtualenvs\djangologging-R3W2srQ6-py3.12\Lib\site-packages\django\utils\autoreload.py first seen with mtime 1746256411.996907
DEBUG 2025-05-03 12:25:24,416 autoreload File C:\Users\user\AppData\Local\pypoetry\Cache\virtualenvs\djangologging-R3W2srQ6-py3.12\Lib\site-packages\sqlparse\tokens.py first seen with mtime 1746256409.530897
DEBUG 2025-05-03 12:25:24,416 autoreload File C:\Users\user\AppData\Local\pypoetry\Cache\virtualenvs\djangologging-R3W2srQ6-py3.12\Lib\site-packages\django\contrib\auth\middleware.py first seen with mtime 1746256410.6684692
DEBUG 2025-05-03 12:25:24,416 autoreload File C:\Users\user\AppData\Local\pypoetry\Cache\virtualenvs\djangologging-R3W2srQ6-py3.12\Lib\site-packages\django\db\backends\base\operations.py first seen with mtime 1746256411.859545
DEBUG 2025-05-03 12:25:24,416 autoreload File C:\Users\user\AppData\Local\pypoetry\Cache\virtualenvs\djangologging-R3W2srQ6-py3.12\Lib\site-packages\asgiref\current_thread_executor.py first seen with mtime 1746256409.5468757
DEBUG 2025-05-03 12:25:24,416 autoreload File C:\Users\user\AppData\Local\pypoetry\Cache\virtualenvs\djangologging-R3W2srQ6-py3.12\Lib\site-packages\django\db\utils.py first seen with mtime 1746256411.852423
DEBUG 2025-05-03 12:25:24,417 autoreload File C:\Users\user\AppData\Local\pypoetry\Cache\virtualenvs\djangologging-R3W2srQ6-py3.12\Lib\site-packages\django\contrib\admin\migrations\0003_logentry_add_action_flag_choices.py first seen with mtime 1746256410.4350212
DEBUG 2025-05-03 12:25:24,417 autoreload File C:\Users\user\AppData\Local\pypoetry\Cache\virtualenvs\djangologging-R3W2srQ6-py3.12\Lib\site-packages\django\utils\_os.py first seen with mtime 1746256411.9955611
DEBUG 2025-05-03 12:25:24,417 autoreload File C:\Users\user\AppData\Local\Programs\Python\Python312\Lib\logging\config.py first seen with mtime 1738667112.0
DEBUG 2025-05-03 12:25:24,417 autoreload File C:\Users\user\AppData\Local\pypoetry\Cache\virtualenvs\djangologging-R3W2srQ6-py3.12\Lib\site-packages\django\db\migrations\questioner.py first seen with mtime 1746256411.88814
DEBUG 2025-05-03 12:25:24,417 autoreload File C:\Users\user\AppData\Local\pypoetry\Cache\virtualenvs\djangologging-R3W2srQ6-py3.12\Lib\site-packages\django\contrib\admin\options.py first seen with mtime 1746256410.2145782
DEBUG 2025-05-03 12:25:24,417 autoreload File C:\Users\user\AppData\Local\Programs\Python\Python312\Lib\_compression.py first seen with mtime 1738667112.0
DEBUG 2025-05-03 12:25:24,417 autoreload File C:\Users\user\AppData\Local\pypoetry\Cache\virtualenvs\djangologging-R3W2srQ6-py3.12\Lib\site-packages\django\__init__.py first seen with mtime 1746256409.9989858
DEBUG 2025-05-03 12:25:24,417 autoreload File C:\Users\user\Desktop\web2025\DjangoLogging\manage.py first seen with mtime 1746256544.2551692
DEBUG 2025-05-03 12:25:24,417 autoreload File C:\Users\user\AppData\Local\pypoetry\Cache\virtualenvs\djangologging-R3W2srQ6-py3.12\Lib\site-packages\django\db\models\fields\related.py first seen with mtime 1746256411.9066458
DEBUG 2025-05-03 12:25:24,418 autoreload File C:\Users\user\AppData\Local\pypoetry\Cache\virtualenvs\djangologging-R3W2srQ6-py3.12\Lib\site-packages\django\contrib\auth\forms.py first seen with mtime 1746256410.6684692
DEBUG 2025-05-03 12:25:24,418 autoreload File C:\Users\user\AppData\Local\pypoetry\Cache\virtualenvs\djangologging-R3W2srQ6-py3.12\Lib\site-packages\sqlparse\exceptions.py first seen with mtime 1746256409.5274873
DEBUG 2025-05-03 12:25:24,418 autoreload File C:\Users\user\AppData\Local\pypoetry\Cache\virtualenvs\djangologging-R3W2srQ6-py3.12\Lib\site-packages\django\contrib\messages\utils.py first seen with mtime 1746256411.3321464
DEBUG 2025-05-03 12:25:24,418 autoreload File C:\Users\user\AppData\Local\pypoetry\Cache\virtualenvs\djangologging-R3W2srQ6-py3.12\Lib\site-packages\django\db\models\expressions.py first seen with mtime 1746256411.898209
DEBUG 2025-05-03 12:25:24,418 autoreload File C:\Users\user\AppData\Local\pypoetry\Cache\virtualenvs\djangologging-R3W2srQ6-py3.12\Lib\site-packages\django\db\models\fields\generated.py first seen with mtime 1746256411.905233
DEBUG 2025-05-03 12:25:24,418 autoreload File C:\Users\user\AppData\Local\pypoetry\Cache\virtualenvs\djangologging-R3W2srQ6-py3.12\Lib\site-packages\starlette\__init__.py first seen with mtime 1746256717.1554277
DEBUG 2025-05-03 12:25:24,419 autoreload File C:\Users\user\AppData\Local\Programs\Python\Python312\Lib\email\mime\base.py first seen with mtime 1738667112.0
DEBUG 2025-05-03 12:25:24,419 autoreload File C:\Users\user\AppData\Local\pypoetry\Cache\virtualenvs\djangologging-R3W2srQ6-py3.12\Lib\site-packages\django\utils\formats.py first seen with mtime 1746256412.0039809
DEBUG 2025-05-03 12:25:24,419 autoreload File C:\Users\user\AppData\Local\Programs\Python\Python312\Lib\fractions.py first seen with mtime 1738667112.0
DEBUG 2025-05-03 12:25:24,419 autoreload File C:\Users\user\AppData\Local\pypoetry\Cache\virtualenvs\djangologging-R3W2srQ6-py3.12\Lib\site-packages\django\template\backends\django.py first seen with mtime 1746256411.980354
DEBUG 2025-05-03 12:25:24,419 autoreload File C:\Users\user\AppData\Local\pypoetry\Cache\virtualenvs\djangologging-R3W2srQ6-py3.12\Lib\site-packages\django\template\base.py first seen with mtime 1746256411.9724474
DEBUG 2025-05-03 12:25:24,419 autoreload File C:\Users\user\AppData\Local\Programs\Python\Python312\Lib\tokenize.py first seen with mtime 1738667114.0
DEBUG 2025-05-03 12:25:24,420 autoreload File C:\Users\user\AppData\Local\pypoetry\Cache\virtualenvs\djangologging-R3W2srQ6-py3.12\Lib\site-packages\django\db\backends\sqlite3\features.py first seen with mtime 1746256411.8808417
DEBUG 2025-05-03 12:25:24,420 autoreload File C:\Users\user\AppData\Local\pypoetry\Cache\virtualenvs\djangologging-R3W2srQ6-py3.12\Lib\site-packages\django\template\response.py first seen with mtime 1746256411.9778478
DEBUG 2025-05-03 12:25:24,420 autoreload File C:\Users\user\AppData\Local\pypoetry\Cache\virtualenvs\djangologging-R3W2srQ6-py3.12\Lib\site-packages\django\contrib\admin\filters.py first seen with mtime 1746256410.2122872
DEBUG 2025-05-03 12:25:24,420 autoreload File C:\Users\user\AppData\Local\pypoetry\Cache\virtualenvs\djangologging-R3W2srQ6-py3.12\Lib\site-packages\django\shortcuts.py first seen with mtime 1746256410.0000362
DEBUG 2025-05-03 12:25:24,420 autoreload File C:\Users\user\AppData\Local\Programs\Python\Python312\Lib\encodings\utf_8_sig.py first seen with mtime 1738667112.0
DEBUG 2025-05-03 12:25:24,420 autoreload File C:\Users\user\AppData\Local\pypoetry\Cache\virtualenvs\djangologging-R3W2srQ6-py3.12\Lib\site-packages\django\core\checks\security\csrf.py first seen with mtime 1746256411.8146474
DEBUG 2025-05-03 12:25:24,421 autoreload File C:\Users\user\AppData\Local\Programs\Python\Python312\Lib\logging\handlers.py first seen with mtime 1738667112.0
DEBUG 2025-05-03 12:25:24,421 autoreload File C:\Users\user\AppData\Local\Programs\Python\Python312\Lib\calendar.py first seen with mtime 1738667112.0
DEBUG 2025-05-03 12:25:24,421 autoreload File C:\Users\user\AppData\Local\pypoetry\Cache\virtualenvs\djangologging-R3W2srQ6-py3.12\Lib\site-packages\anyio\from_thread.py first seen with mtime 1746256717.0453887
DEBUG 2025-05-03 12:25:24,421 autoreload File C:\Users\user\AppData\Local\pypoetry\Cache\virtualenvs\djangologging-R3W2srQ6-py3.12\Lib\site-packages\django\views\decorators\common.py first seen with mtime 1746256412.01954
DEBUG 2025-05-03 12:25:24,421 autoreload File C:\Users\user\AppData\Local\pypoetry\Cache\virtualenvs\djangologging-R3W2srQ6-py3.12\Lib\site-packages\django\db\migrations\writer.py first seen with mtime 1746256411.8901534
DEBUG 2025-05-03 12:25:24,421 autoreload File C:\Users\user\AppData\Local\pypoetry\Cache\virtualenvs\djangologging-R3W2srQ6-py3.12\Lib\site-packages\anyio\_core\_resources.py first seen with mtime 1746256717.0519862
DEBUG 2025-05-03 12:25:24,421 autoreload File C:\Users\user\AppData\Local\pypoetry\Cache\virtualenvs\djangologging-R3W2srQ6-py3.12\Lib\site-packages\django\db\backends\base\validation.py first seen with mtime 1746256411.8605468
DEBUG 2025-05-03 12:25:24,421 autoreload File C:\Users\user\AppData\Local\pypoetry\Cache\virtualenvs\djangologging-R3W2srQ6-py3.12\Lib\site-packages\django\db\migrations\exceptions.py first seen with mtime 1746256411.884678
DEBUG 2025-05-03 12:25:24,423 autoreload File C:\Users\user\AppData\Local\Programs\Python\Python312\DLLs\_overlapped.pyd first seen with mtime 1738667166.0
DEBUG 2025-05-03 12:25:24,423 autoreload File C:\Users\user\AppData\Local\pypoetry\Cache\virtualenvs\djangologging-R3W2srQ6-py3.12\Lib\site-packages\django\template\smartif.py first seen with mtime 1746256411.9788594
DEBUG 2025-05-03 12:25:24,423 autoreload File C:\Users\user\AppData\Local\pypoetry\Cache\virtualenvs\djangologging-R3W2srQ6-py3.12\Lib\site-packages\django\contrib\messages\__init__.py first seen with mtime 1746256411.3321464
DEBUG 2025-05-03 12:25:24,423 autoreload File C:\Users\user\AppData\Local\pypoetry\Cache\virtualenvs\djangologging-R3W2srQ6-py3.12\Lib\site-packages\django\contrib\contenttypes\__init__.py first seen with mtime 1746256410.797899
DEBUG 2025-05-03 12:25:24,423 autoreload File C:\Users\user\AppData\Local\pypoetry\Cache\virtualenvs\djangologging-R3W2srQ6-py3.12\Lib\site-packages\django\db\models\functions\datetime.py first seen with mtime 1746256411.9108667
DEBUG 2025-05-03 12:25:24,423 autoreload File C:\Users\user\AppData\Local\pypoetry\Cache\virtualenvs\djangologging-R3W2srQ6-py3.12\Lib\site-packages\anyio\_core\_fileio.py first seen with mtime 1746256717.0519862
DEBUG 2025-05-03 12:25:24,424 autoreload File C:\Users\user\AppData\Local\Programs\Python\Python312\Lib\numbers.py first seen with mtime 1738667112.0
DEBUG 2025-05-03 12:25:24,424 autoreload File C:\Users\user\AppData\Local\pypoetry\Cache\virtualenvs\djangologging-R3W2srQ6-py3.12\Lib\site-packages\django\middleware\cache.py first seen with mtime 1746256411.968021
DEBUG 2025-05-03 12:25:24,424 autoreload File C:\Users\user\AppData\Local\Programs\Python\Python312\DLLs\_socket.pyd first seen with mtime 1738667166.0
DEBUG 2025-05-03 12:25:24,424 autoreload File C:\Users\user\AppData\Local\Programs\Python\Python312\Lib\email\contentmanager.py first seen with mtime 1738667112.0
DEBUG 2025-05-03 12:25:24,424 autoreload File C:\Users\user\AppData\Local\pypoetry\Cache\virtualenvs\djangologging-R3W2srQ6-py3.12\Lib\site-packages\django\conf\urls\__init__.py first seen with mtime 1746256410.20771
DEBUG 2025-05-03 12:25:24,424 autoreload File C:\Users\user\AppData\Local\pypoetry\Cache\virtualenvs\djangologging-R3W2srQ6-py3.12\Lib\site-packages\django\db\migrations\utils.py first seen with mtime 1746256411.8901534
DEBUG 2025-05-03 12:25:24,425 autoreload File C:\Users\user\AppData\Local\Programs\Python\Python312\Lib\queue.py first seen with mtime 1738667112.0
DEBUG 2025-05-03 12:25:24,425 autoreload File C:\Users\user\AppData\Local\pypoetry\Cache\virtualenvs\djangologging-R3W2srQ6-py3.12\Lib\site-packages\django\contrib\auth\migrations\0005_alter_user_last_login_null.py first seen with mtime 1746256410.7935803
DEBUG 2025-05-03 12:25:24,425 autoreload File C:\Users\user\AppData\Local\Programs\Python\Python312\Lib\asyncio\streams.py first seen with mtime 1738667112.0
DEBUG 2025-05-03 12:25:24,425 autoreload File C:\Users\user\AppData\Local\Programs\Python\Python312\Lib\asyncio\tasks.py first seen with mtime 1738667112.0
DEBUG 2025-05-03 12:25:24,425 autoreload File C:\Users\user\AppData\Local\pypoetry\Cache\virtualenvs\djangologging-R3W2srQ6-py3.12\Lib\site-packages\django\contrib\auth\migrations\0012_alter_user_first_name_max_length.py first seen with mtime 1746256410.7958944
DEBUG 2025-05-03 12:25:24,425 autoreload File C:\Users\user\AppData\Local\pypoetry\Cache\virtualenvs\djangologging-R3W2srQ6-py3.12\Lib\site-packages\django\contrib\contenttypes\migrations\0002_remove_content_type_name.py first seen with mtime 1746256410.9114904
DEBUG 2025-05-03 12:25:24,425 autoreload File C:\Users\user\AppData\Local\pypoetry\Cache\virtualenvs\djangologging-R3W2srQ6-py3.12\Lib\site-packages\django\utils\__init__.py first seen with mtime 1746256411.9955611
DEBUG 2025-05-03 12:25:24,426 autoreload File C:\Users\user\AppData\Local\pypoetry\Cache\virtualenvs\djangologging-R3W2srQ6-py3.12\Lib\site-packages\django\db\migrations\serializer.py first seen with mtime 1746256411.8891523
DEBUG 2025-05-03 12:25:24,426 autoreload File C:\Users\user\AppData\Local\pypoetry\Cache\virtualenvs\djangologging-R3W2srQ6-py3.12\Lib\site-packages\django\templatetags\tz.py first seen with mtime 1746256411.9869876
DEBUG 2025-05-03 12:25:24,426 autoreload File C:\Users\user\AppData\Local\Programs\Python\Python312\Lib\wsgiref\__init__.py first seen with mtime 1738667114.0
DEBUG 2025-05-03 12:25:24,426 autoreload File C:\Users\user\AppData\Local\pypoetry\Cache\virtualenvs\djangologging-R3W2srQ6-py3.12\Lib\site-packages\django\utils\dates.py first seen with mtime 1746256412.0010698
DEBUG 2025-05-03 12:25:24,426 autoreload File C:\Users\user\AppData\Local\pypoetry\Cache\virtualenvs\djangologging-R3W2srQ6-py3.12\Lib\site-packages\django\views\__init__.py first seen with mtime 1746256412.0151374
DEBUG 2025-05-03 12:25:24,426 autoreload File C:\Users\user\AppData\Local\pypoetry\Cache\virtualenvs\djangologging-R3W2srQ6-py3.12\Lib\site-packages\sqlparse\filters\reindent.py first seen with mtime 1746256409.536673
DEBUG 2025-05-03 12:25:24,427 autoreload File C:\Users\user\AppData\Local\Programs\Python\Python312\Lib\getpass.py first seen with mtime 1738667112.0
DEBUG 2025-05-03 12:25:24,427 autoreload File C:\Users\user\AppData\Local\pypoetry\Cache\virtualenvs\djangologging-R3W2srQ6-py3.12\Lib\site-packages\django\contrib\admin\views\main.py first seen with mtime 1746256410.5425348
DEBUG 2025-05-03 12:25:24,427 autoreload File C:\Users\user\AppData\Local\pypoetry\Cache\virtualenvs\djangologging-R3W2srQ6-py3.12\Lib\site-packages\django\views\debug.py first seen with mtime 1746256412.0161393
DEBUG 2025-05-03 12:25:24,427 autoreload File C:\Users\user\AppData\Local\Programs\Python\Python312\Lib\ssl.py first seen with mtime 1738667112.0
DEBUG 2025-05-03 12:25:24,427 autoreload File C:\Users\user\AppData\Local\Programs\Python\Python312\Lib\_markupbase.py first seen with mtime 1738667112.0
DEBUG 2025-05-03 12:25:24,427 autoreload File C:\Users\user\AppData\Local\pypoetry\Cache\virtualenvs\djangologging-R3W2srQ6-py3.12\Lib\site-packages\django\core\files\storage\mixins.py first seen with mtime 1746256411.822113
DEBUG 2025-05-03 12:25:24,427 autoreload File C:\Users\user\AppData\Local\pypoetry\Cache\virtualenvs\djangologging-R3W2srQ6-py3.12\Lib\site-packages\django\db\transaction.py first seen with mtime 1746256411.852423
DEBUG 2025-05-03 12:25:24,427 autoreload File C:\Users\user\AppData\Local\Programs\Python\Python312\Lib\email\header.py first seen with mtime 1738667112.0
DEBUG 2025-05-03 12:25:24,428 autoreload File C:\Users\user\AppData\Local\pypoetry\Cache\virtualenvs\djangologging-R3W2srQ6-py3.12\Lib\site-packages\django\contrib\auth\migrations\0003_alter_user_email_max_length.py first seen with mtime 1746256410.7925694
DEBUG 2025-05-03 12:25:24,428 autoreload File C:\Users\user\AppData\Local\pypoetry\Cache\virtualenvs\djangologging-R3W2srQ6-py3.12\Lib\site-packages\django\db\backends\signals.py first seen with mtime 1746256411.8549006
DEBUG 2025-05-03 12:25:24,428 autoreload File C:\Users\user\AppData\Local\pypoetry\Cache\virtualenvs\djangologging-R3W2srQ6-py3.12\Lib\site-packages\django\contrib\contenttypes\apps.py first seen with mtime 1746256410.7990339
DEBUG 2025-05-03 12:25:24,428 autoreload File C:\Users\user\AppData\Local\Programs\Python\Python312\DLLs\_uuid.pyd first seen with mtime 1738667166.0
DEBUG 2025-05-03 12:25:24,428 autoreload File C:\Users\user\AppData\Local\pypoetry\Cache\virtualenvs\djangologging-R3W2srQ6-py3.12\Lib\site-packages\django\utils\text.py first seen with mtime 1746256412.010488
DEBUG 2025-05-03 12:25:24,428 autoreload File C:\Users\user\AppData\Local\pypoetry\Cache\virtualenvs\djangologging-R3W2srQ6-py3.12\Lib\site-packages\sqlparse\filters\right_margin.py first seen with mtime 1746256409.536673
DEBUG 2025-05-03 12:25:24,428 autoreload File C:\Users\user\AppData\Local\pypoetry\Cache\virtualenvs\djangologging-R3W2srQ6-py3.12\Lib\site-packages\django\core\files\storage\memory.py first seen with mtime 1746256411.822113
DEBUG 2025-05-03 12:25:24,428 autoreload File C:\Users\user\AppData\Local\Programs\Python\Python312\Lib\http\client.py first seen with mtime 1738667112.0
DEBUG 2025-05-03 12:25:24,428 autoreload File C:\Users\user\AppData\Local\pypoetry\Cache\virtualenvs\djangologging-R3W2srQ6-py3.12\Lib\site-packages\django\views\i18n.py first seen with mtime 1746256412.01734
DEBUG 2025-05-03 12:25:24,428 autoreload File C:\Users\user\AppData\Local\Programs\Python\Python312\Lib\asyncio\base_subprocess.py first seen with mtime 1738667112.0
DEBUG 2025-05-03 12:25:24,430 autoreload File C:\Users\user\AppData\Local\Programs\Python\Python312\Lib\ctypes\_endian.py first seen with mtime 1738667112.0
DEBUG 2025-05-03 12:25:24,430 autoreload File C:\Users\user\AppData\Local\Programs\Python\Python312\Lib\sysconfig.py first seen with mtime 1738667112.0
DEBUG 2025-05-03 12:25:24,430 autoreload File C:\Users\user\AppData\Local\pypoetry\Cache\virtualenvs\djangologging-R3W2srQ6-py3.12\Lib\site-packages\django\contrib\auth\models.py first seen with mtime 1746256410.6698077
DEBUG 2025-05-03 12:25:24,430 autoreload File C:\Users\user\AppData\Local\pypoetry\Cache\virtualenvs\djangologging-R3W2srQ6-py3.12\Lib\site-packages\django\urls\exceptions.py first seen with mtime 1746256411.994109
DEBUG 2025-05-03 12:25:24,430 autoreload File C:\Users\user\AppData\Local\Programs\Python\Python312\Lib\pprint.py first seen with mtime 1738667112.0
DEBUG 2025-05-03 12:25:24,430 autoreload File C:\Users\user\AppData\Local\pypoetry\Cache\virtualenvs\djangologging-R3W2srQ6-py3.12\Lib\site-packages\typing_extensions.py first seen with mtime 1746256716.9538212
DEBUG 2025-05-03 12:25:24,431 autoreload File C:\Users\user\AppData\Local\Programs\Python\Python312\Lib\email\utils.py first seen with mtime 1738667112.0
DEBUG 2025-05-03 12:25:24,431 autoreload File C:\Users\user\AppData\Local\pypoetry\Cache\virtualenvs\djangologging-R3W2srQ6-py3.12\Lib\site-packages\django\utils\dateformat.py first seen with mtime 1746256412.0000849
DEBUG 2025-05-03 12:25:24,431 autoreload File C:\Users\user\AppData\Local\Programs\Python\Python312\Lib\_compat_pickle.py first seen with mtime 1738667112.0
DEBUG 2025-05-03 12:25:24,431 autoreload File C:\Users\user\AppData\Local\Programs\Python\Python312\Lib\asyncio\format_helpers.py first seen with mtime 1738667112.0
DEBUG 2025-05-03 12:25:24,431 autoreload File C:\Users\user\AppData\Local\Programs\Python\Python312\Lib\asyncio\queues.py first seen with mtime 1738667112.0
DEBUG 2025-05-03 12:25:24,431 autoreload File C:\Users\user\AppData\Local\pypoetry\Cache\virtualenvs\djangologging-R3W2srQ6-py3.12\Lib\site-packages\django\contrib\admin\sites.py first seen with mtime 1746256410.2145782
DEBUG 2025-05-03 12:25:24,432 autoreload File C:\Users\user\AppData\Local\Programs\Python\Python312\Lib\copyreg.py first seen with mtime 1738667112.0
DEBUG 2025-05-03 12:25:24,432 autoreload File C:\Users\user\AppData\Local\pypoetry\Cache\virtualenvs\djangologging-R3W2srQ6-py3.12\Lib\site-packages\sniffio\_impl.py first seen with mtime 1746256716.9503016
DEBUG 2025-05-03 12:25:24,432 autoreload File C:\Users\user\AppData\Local\pypoetry\Cache\virtualenvs\djangologging-R3W2srQ6-py3.12\Lib\site-packages\django\core\cache\utils.py first seen with mtime 1746256411.8023612
DEBUG 2025-05-03 12:25:24,432 autoreload File C:\Users\user\AppData\Local\Programs\Python\Python312\Lib\multiprocessing\context.py first seen with mtime 1738667112.0
DEBUG 2025-05-03 12:25:24,432 autoreload File C:\Users\user\AppData\Local\pypoetry\Cache\virtualenvs\djangologging-R3W2srQ6-py3.12\Lib\site-packages\django\contrib\contenttypes\models.py first seen with mtime 1746256410.800413
DEBUG 2025-05-03 12:25:24,432 autoreload File C:\Users\user\AppData\Local\pypoetry\Cache\virtualenvs\djangologging-R3W2srQ6-py3.12\Lib\site-packages\django\core\cache\__init__.py first seen with mtime 1746256411.8023612
DEBUG 2025-05-03 12:25:24,433 autoreload File C:\Users\user\AppData\Local\pypoetry\Cache\virtualenvs\djangologging-R3W2srQ6-py3.12\Lib\site-packages\django\contrib\auth\apps.py first seen with mtime 1746256410.6651137
DEBUG 2025-05-03 12:25:24,433 autoreload File C:\Users\user\AppData\Local\pypoetry\Cache\virtualenvs\djangologging-R3W2srQ6-py3.12\Lib\site-packages\django\contrib\contenttypes\management\__init__.py first seen with mtime 1746256410.9103875
DEBUG 2025-05-03 12:25:24,433 autoreload File C:\Users\user\AppData\Local\pypoetry\Cache\virtualenvs\djangologging-R3W2srQ6-py3.12\Lib\site-packages\django\contrib\auth\migrations\0004_alter_user_username_opts.py first seen with mtime 1746256410.7925694
DEBUG 2025-05-03 12:25:24,433 autoreload File C:\Users\user\AppData\Local\pypoetry\Cache\virtualenvs\djangologging-R3W2srQ6-py3.12\Lib\site-packages\django\db\models\functions\comparison.py first seen with mtime 1746256411.909868
DEBUG 2025-05-03 12:25:24,433 autoreload File C:\Users\user\AppData\Local\pypoetry\Cache\virtualenvs\djangologging-R3W2srQ6-py3.12\Lib\site-packages\django\contrib\messages\middleware.py first seen with mtime 1746256411.3321464
DEBUG 2025-05-03 12:25:24,433 autoreload File C:\Users\user\AppData\Local\pypoetry\Cache\virtualenvs\djangologging-R3W2srQ6-py3.12\Lib\site-packages\django\contrib\sessions\migrations\__init__.py first seen with mtime 1746256411.6610155
DEBUG 2025-05-03 12:25:24,434 autoreload File C:\Users\user\AppData\Local\Programs\Python\Python312\Lib\subprocess.py first seen with mtime 1738667112.0
DEBUG 2025-05-03 12:25:24,434 autoreload File C:\Users\user\AppData\Local\pypoetry\Cache\virtualenvs\djangologging-R3W2srQ6-py3.12\Lib\site-packages\django\core\checks\security\sessions.py first seen with mtime 1746256411.8146474
DEBUG 2025-05-03 12:25:24,434 autoreload File C:\Users\user\AppData\Local\pypoetry\Cache\virtualenvs\djangologging-R3W2srQ6-py3.12\Lib\site-packages\django\contrib\admin\migrations\0001_initial.py first seen with mtime 1746256410.433666
DEBUG 2025-05-03 12:25:24,434 autoreload File C:\Users\user\AppData\Local\pypoetry\Cache\virtualenvs\djangologging-R3W2srQ6-py3.12\Lib\site-packages\django\template\library.py first seen with mtime 1746256411.9763935
DEBUG 2025-05-03 12:25:24,434 autoreload File C:\Users\user\AppData\Local\Programs\Python\Python312\Lib\opcode.py first seen with mtime 1738667112.0
DEBUG 2025-05-03 12:25:24,434 autoreload File C:\Users\user\AppData\Local\Programs\Python\Python312\Lib\random.py first seen with mtime 1738667112.0
DEBUG 2025-05-03 12:25:24,435 autoreload File C:\Users\user\AppData\Local\pypoetry\Cache\virtualenvs\djangologging-R3W2srQ6-py3.12\Lib\site-packages\django\core\checks\messages.py first seen with mtime 1746256411.8101928
DEBUG 2025-05-03 12:25:24,435 autoreload File C:\Users\user\AppData\Local\pypoetry\Cache\virtualenvs\djangologging-R3W2srQ6-py3.12\Lib\site-packages\django\contrib\auth\signals.py first seen with mtime 1746256410.6710162
DEBUG 2025-05-03 12:25:24,435 autoreload File C:\Users\user\AppData\Local\Programs\Python\Python312\Lib\email\quoprimime.py first seen with mtime 1738667112.0
DEBUG 2025-05-03 12:25:24,435 autoreload File C:\Users\user\AppData\Local\pypoetry\Cache\virtualenvs\djangologging-R3W2srQ6-py3.12\Lib\site-packages\django\utils\hashable.py first seen with mtime 1746256412.004507
DEBUG 2025-05-03 12:25:24,435 autoreload File C:\Users\user\AppData\Local\pypoetry\Cache\virtualenvs\djangologging-R3W2srQ6-py3.12\Lib\site-packages\starlette\types.py first seen with mtime 1746256717.1662583
DEBUG 2025-05-03 12:25:24,435 autoreload File C:\Users\user\AppData\Local\pypoetry\Cache\virtualenvs\djangologging-R3W2srQ6-py3.12\Lib\site-packages\django\core\files\uploadedfile.py first seen with mtime 1746256411.817969
DEBUG 2025-05-03 12:25:24,435 autoreload File C:\Users\user\AppData\Local\pypoetry\Cache\virtualenvs\djangologging-R3W2srQ6-py3.12\Lib\site-packages\django\contrib\sessions\exceptions.py first seen with mtime 1746256411.5499372
DEBUG 2025-05-03 12:25:24,436 autoreload File C:\Users\user\AppData\Local\Programs\Python\Python312\Lib\json\decoder.py first seen with mtime 1738667112.0
DEBUG 2025-05-03 12:25:24,436 autoreload File C:\Users\user\AppData\Local\Programs\Python\Python312\Lib\__future__.py first seen with mtime 1738667112.0
DEBUG 2025-05-03 12:25:24,436 autoreload File C:\Users\user\AppData\Local\pypoetry\Cache\virtualenvs\djangologging-R3W2srQ6-py3.12\Lib\site-packages\asgiref\local.py first seen with mtime 1746256409.5478785
DEBUG 2025-05-03 12:25:24,436 autoreload File C:\Users\user\AppData\Local\pypoetry\Cache\virtualenvs\djangologging-R3W2srQ6-py3.12\Lib\site-packages\django\views\generic\detail.py first seen with mtime 1746256412.0234709
DEBUG 2025-05-03 12:25:24,436 autoreload File C:\Users\user\AppData\Local\pypoetry\Cache\virtualenvs\djangologging-R3W2srQ6-py3.12\Lib\site-packages\django\core\cache\backends\__init__.py first seen with mtime 1746256411.803698
DEBUG 2025-05-03 12:25:24,436 autoreload File C:\Users\user\AppData\Local\Programs\Python\Python312\Lib\email\charset.py first seen with mtime 1738667112.0
DEBUG 2025-05-03 12:25:24,437 autoreload File C:\Users\user\AppData\Local\pypoetry\Cache\virtualenvs\djangologging-R3W2srQ6-py3.12\Lib\site-packages\django\views\generic\list.py first seen with mtime 1746256412.0248578
DEBUG 2025-05-03 12:25:24,437 autoreload File C:\Users\user\AppData\Local\pypoetry\Cache\virtualenvs\djangologging-R3W2srQ6-py3.12\Lib\site-packages\django\contrib\staticfiles\views.py first seen with mtime 1746256411.7945163
DEBUG 2025-05-03 12:25:24,437 autoreload File C:\Users\user\AppData\Local\pypoetry\Cache\virtualenvs\djangologging-R3W2srQ6-py3.12\Lib\site-packages\django\http\response.py first seen with mtime 1746256411.966788
DEBUG 2025-05-03 12:25:24,437 autoreload File C:\Users\user\AppData\Local\pypoetry\Cache\virtualenvs\djangologging-R3W2srQ6-py3.12\Lib\site-packages\django\db\models\fields\composite.py first seen with mtime 1746256411.9038277
DEBUG 2025-05-03 12:25:24,437 autoreload File C:\Users\user\AppData\Local\pypoetry\Cache\virtualenvs\djangologging-R3W2srQ6-py3.12\Lib\site-packages\django\apps\__init__.py first seen with mtime 1746256410.0010693
DEBUG 2025-05-03 12:25:24,437 autoreload File C:\Users\user\AppData\Local\Programs\Python\Python312\Lib\fnmatch.py first seen with mtime 1738667112.0
DEBUG 2025-05-03 12:25:24,437 autoreload File C:\Users\user\AppData\Local\pypoetry\Cache\virtualenvs\djangologging-R3W2srQ6-py3.12\Lib\site-packages\sqlparse\filters\output.py first seen with mtime 1746256409.5356703
DEBUG 2025-05-03 12:25:24,438 autoreload File C:\Users\user\AppData\Local\pypoetry\Cache\virtualenvs\djangologging-R3W2srQ6-py3.12\Lib\site-packages\django\db\models\fields\related_lookups.py first seen with mtime 1746256411.907968
DEBUG 2025-05-03 12:25:24,438 autoreload File C:\Users\user\AppData\Local\Programs\Python\Python312\Lib\bz2.py first seen with mtime 1738667112.0
DEBUG 2025-05-03 12:25:24,438 autoreload File C:\Users\user\AppData\Local\Programs\Python\Python312\Lib\gettext.py first seen with mtime 1738667112.0
DEBUG 2025-05-03 12:25:24,438 autoreload File C:\Users\user\AppData\Local\Programs\Python\Python312\Lib\bisect.py first seen with mtime 1738667112.0
DEBUG 2025-05-03 12:25:24,438 autoreload File C:\Users\user\AppData\Local\pypoetry\Cache\virtualenvs\djangologging-R3W2srQ6-py3.12\Lib\site-packages\django\core\cache\backends\filebased.py first seen with mtime 1746256411.8057356
DEBUG 2025-05-03 12:25:24,438 autoreload File C:\Users\user\AppData\Local\pypoetry\Cache\virtualenvs\djangologging-R3W2srQ6-py3.12\Lib\site-packages\django\core\handlers\asgi.py first seen with mtime 1746256411.8234367
DEBUG 2025-05-03 12:25:24,438 autoreload File C:\Users\user\AppData\Local\pypoetry\Cache\virtualenvs\djangologging-R3W2srQ6-py3.12\Lib\site-packages\django\template\loaders\__init__.py first seen with mtime 1746256411.9825833
DEBUG 2025-05-03 12:25:24,439 autoreload File C:\Users\user\AppData\Local\pypoetry\Cache\virtualenvs\djangologging-R3W2srQ6-py3.12\Lib\site-packages\django\urls\utils.py first seen with mtime 1746256411.9951081
DEBUG 2025-05-03 12:25:24,439 autoreload File C:\Users\user\AppData\Local\Programs\Python\Python312\Lib\threading.py first seen with mtime 1738667114.0
DEBUG 2025-05-03 12:25:24,439 autoreload File C:\Users\user\AppData\Local\pypoetry\Cache\virtualenvs\djangologging-R3W2srQ6-py3.12\Lib\site-packages\sqlparse\engine\grouping.py first seen with mtime 1746256409.5324028
DEBUG 2025-05-03 12:25:24,439 autoreload File C:\Users\user\AppData\Local\pypoetry\Cache\virtualenvs\djangologging-R3W2srQ6-py3.12\Lib\site-packages\django\core\validators.py first seen with mtime 1746256411.801858
DEBUG 2025-05-03 12:25:24,439 autoreload File C:\Users\user\AppData\Local\pypoetry\Cache\virtualenvs\djangologging-R3W2srQ6-py3.12\Lib\site-packages\django\core\signals.py first seen with mtime 1746256411.8005147
DEBUG 2025-05-03 12:25:24,439 autoreload File C:\Users\user\AppData\Local\pypoetry\Cache\virtualenvs\djangologging-R3W2srQ6-py3.12\Lib\site-packages\django\db\models\fields\__init__.py first seen with mtime 1746256411.9038277
DEBUG 2025-05-03 12:25:24,439 autoreload File C:\Users\user\AppData\Local\pypoetry\Cache\virtualenvs\djangologging-R3W2srQ6-py3.12\Lib\site-packages\django\db\models\functions\text.py first seen with mtime 1746256411.912372
DEBUG 2025-05-03 12:25:24,440 autoreload File C:\Users\user\AppData\Local\Programs\Python\Python312\Lib\secrets.py first seen with mtime 1738667112.0
DEBUG 2025-05-03 12:25:24,440 autoreload File C:\Users\user\AppData\Local\pypoetry\Cache\virtualenvs\djangologging-R3W2srQ6-py3.12\Lib\site-packages\django\db\models\fields\reverse_related.py first seen with mtime 1746256411.907968
DEBUG 2025-05-03 12:25:24,440 autoreload File C:\Users\user\AppData\Local\pypoetry\Cache\virtualenvs\djangologging-R3W2srQ6-py3.12\Lib\site-packages\django\utils\ipv6.py first seen with mtime 1746256412.0068316
DEBUG 2025-05-03 12:25:24,440 autoreload File C:\Users\user\AppData\Local\pypoetry\Cache\virtualenvs\djangologging-R3W2srQ6-py3.12\Lib\site-packages\django\db\models\fields\mixins.py first seen with mtime 1746256411.905233
DEBUG 2025-05-03 12:25:24,440 autoreload File C:\Users\user\AppData\Local\Programs\Python\Python312\Lib\http\server.py first seen with mtime 1738667112.0
DEBUG 2025-05-03 12:25:24,440 autoreload File C:\Users\user\AppData\Local\pypoetry\Cache\virtualenvs\djangologging-R3W2srQ6-py3.12\Lib\site-packages\anyio\__init__.py first seen with mtime 1746256717.0442736
DEBUG 2025-05-03 12:25:24,440 autoreload File C:\Users\user\AppData\Local\Programs\Python\Python312\Lib\zoneinfo\__init__.py first seen with mtime 1738667114.0
DEBUG 2025-05-03 12:25:24,440 autoreload File C:\Users\user\AppData\Local\Programs\Python\Python312\Lib\asyncio\windows_utils.py first seen with mtime 1738667112.0
DEBUG 2025-05-03 12:25:24,440 autoreload File C:\Users\user\AppData\Local\pypoetry\Cache\virtualenvs\djangologging-R3W2srQ6-py3.12\Lib\site-packages\django\db\backends\base\features.py first seen with mtime 1746256411.858266
DEBUG 2025-05-03 12:25:24,442 autoreload File C:\Users\user\AppData\Local\Programs\Python\Python312\Lib\_weakrefset.py first seen with mtime 1738667112.0
DEBUG 2025-05-03 12:25:24,442 autoreload File C:\Users\user\AppData\Local\pypoetry\Cache\virtualenvs\djangologging-R3W2srQ6-py3.12\Lib\site-packages\django\template\loader_tags.py first seen with mtime 1746256411.9778478
DEBUG 2025-05-03 12:25:24,442 autoreload File C:\Users\user\AppData\Local\pypoetry\Cache\virtualenvs\djangologging-R3W2srQ6-py3.12\Lib\site-packages\django\views\static.py first seen with mtime 1746256412.01734
DEBUG 2025-05-03 12:25:24,442 autoreload File C:\Users\user\AppData\Local\pypoetry\Cache\virtualenvs\djangologging-R3W2srQ6-py3.12\Lib\site-packages\django\core\files\images.py first seen with mtime 1746256411.8167593
DEBUG 2025-05-03 12:25:24,442 autoreload File C:\Users\user\AppData\Local\Programs\Python\Python312\Lib\email\_parseaddr.py first seen with mtime 1738667112.0
DEBUG 2025-05-03 12:25:24,442 autoreload File C:\Users\user\AppData\Local\Programs\Python\Python312\Lib\socket.py first seen with mtime 1738667112.0
DEBUG 2025-05-03 12:25:24,442 autoreload File C:\Users\user\AppData\Local\pypoetry\Cache\virtualenvs\djangologging-R3W2srQ6-py3.12\Lib\site-packages\django\utils\html.py first seen with mtime 1746256412.004507
DEBUG 2025-05-03 12:25:24,442 autoreload File C:\Users\user\AppData\Local\pypoetry\Cache\virtualenvs\djangologging-R3W2srQ6-py3.12\Lib\site-packages\django\template\loaders\cached.py first seen with mtime 1746256411.9835901
DEBUG 2025-05-03 12:25:24,442 autoreload File C:\Users\user\AppData\Local\Programs\Python\Python312\Lib\argparse.py first seen with mtime 1738667112.0
DEBUG 2025-05-03 12:25:24,442 autoreload File C:\Users\user\AppData\Local\pypoetry\Cache\virtualenvs\djangologging-R3W2srQ6-py3.12\Lib\site-packages\django\contrib\admin\migrations\__init__.py first seen with mtime 1746256410.4350212
DEBUG 2025-05-03 12:25:24,442 autoreload File C:\Users\user\AppData\Local\pypoetry\Cache\virtualenvs\djangologging-R3W2srQ6-py3.12\Lib\site-packages\django\utils\decorators.py first seen with mtime 1746256412.0010698
DEBUG 2025-05-03 12:25:24,442 autoreload File C:\Users\user\AppData\Local\pypoetry\Cache\virtualenvs\djangologging-R3W2srQ6-py3.12\Lib\site-packages\django\core\paginator.py first seen with mtime 1746256411.8005147
DEBUG 2025-05-03 12:25:24,444 autoreload File C:\Users\user\AppData\Local\pypoetry\Cache\virtualenvs\djangologging-R3W2srQ6-py3.12\Lib\site-packages\django\template\utils.py first seen with mtime 1746256411.9788594
DEBUG 2025-05-03 12:25:24,444 autoreload File C:\Users\user\AppData\Local\pypoetry\Cache\virtualenvs\djangologging-R3W2srQ6-py3.12\Lib\site-packages\django\views\generic\edit.py first seen with mtime 1746256412.0234709
DEBUG 2025-05-03 12:25:24,444 autoreload File C:\Users\user\AppData\Local\Programs\Python\Python312\Lib\asyncio\threads.py first seen with mtime 1738667112.0
DEBUG 2025-05-03 12:25:24,444 autoreload File C:\Users\user\AppData\Local\Programs\Python\Python312\Lib\asyncio\__init__.py first seen with mtime 1738667112.0
DEBUG 2025-05-03 12:25:24,444 autoreload File C:\Users\user\AppData\Local\pypoetry\Cache\virtualenvs\djangologging-R3W2srQ6-py3.12\Lib\site-packages\django\core\checks\files.py first seen with mtime 1746256411.808906
DEBUG 2025-05-03 12:25:24,444 autoreload File C:\Users\user\AppData\Local\Programs\Python\Python312\Lib\asyncio\futures.py first seen with mtime 1738667112.0
DEBUG 2025-05-03 12:25:24,445 autoreload File C:\Users\user\AppData\Local\Programs\Python\Python312\Lib\re\__init__.py first seen with mtime 1738667112.0
DEBUG 2025-05-03 12:25:24,445 autoreload File C:\Users\user\AppData\Local\Programs\Python\Python312\Lib\email\_encoded_words.py first seen with mtime 1738667112.0
DEBUG 2025-05-03 12:25:24,445 autoreload File C:\Users\user\AppData\Local\pypoetry\Cache\virtualenvs\djangologging-R3W2srQ6-py3.12\Lib\site-packages\django\contrib\staticfiles\checks.py first seen with mtime 1746256411.7913692
DEBUG 2025-05-03 12:25:24,445 autoreload File C:\Users\user\AppData\Local\Programs\Python\Python312\Lib\shutil.py first seen with mtime 1738667112.0
DEBUG 2025-05-03 12:25:24,445 autoreload File C:\Users\user\AppData\Local\pypoetry\Cache\virtualenvs\djangologging-R3W2srQ6-py3.12\Lib\site-packages\anyio\_core\_typedattr.py first seen with mtime 1746256717.056639
DEBUG 2025-05-03 12:25:24,445 autoreload File C:\Users\user\AppData\Local\Programs\Python\Python312\Lib\textwrap.py first seen with mtime 1738667114.0
DEBUG 2025-05-03 12:25:24,446 autoreload File C:\Users\user\AppData\Local\pypoetry\Cache\virtualenvs\djangologging-R3W2srQ6-py3.12\Lib\site-packages\django\core\checks\__init__.py first seen with mtime 1746256411.8078442
DEBUG 2025-05-03 12:25:24,446 autoreload File C:\Users\user\AppData\Local\pypoetry\Cache\virtualenvs\djangologging-R3W2srQ6-py3.12\Lib\site-packages\sqlparse\lexer.py first seen with mtime 1746256409.5298936
DEBUG 2025-05-03 12:25:24,446 autoreload File C:\Users\user\AppData\Local\pypoetry\Cache\virtualenvs\djangologging-R3W2srQ6-py3.12\Lib\site-packages\django\db\backends\sqlite3\_functions.py first seen with mtime 1746256411.8798387
DEBUG 2025-05-03 12:25:24,446 autoreload File C:\Users\user\AppData\Local\pypoetry\Cache\virtualenvs\djangologging-R3W2srQ6-py3.12\Lib\site-packages\django\db\models\sql\datastructures.py first seen with mtime 1746256411.9146137
DEBUG 2025-05-03 12:25:24,446 autoreload File C:\Users\user\AppData\Local\pypoetry\Cache\virtualenvs\djangologging-R3W2srQ6-py3.12\Lib\site-packages\django\middleware\common.py first seen with mtime 1746256411.9690204
DEBUG 2025-05-03 12:25:24,446 autoreload File C:\Users\user\AppData\Local\pypoetry\Cache\virtualenvs\djangologging-R3W2srQ6-py3.12\Lib\site-packages\django\utils\module_loading.py first seen with mtime 1746256412.0078921
DEBUG 2025-05-03 12:25:24,446 autoreload File C:\Users\user\AppData\Local\pypoetry\Cache\virtualenvs\djangologging-R3W2srQ6-py3.12\Lib\site-packages\django\http\multipartparser.py first seen with mtime 1746256411.9657617
DEBUG 2025-05-03 12:25:24,446 autoreload File C:\Users\user\AppData\Local\Programs\Python\Python312\Lib\dis.py first seen with mtime 1738667112.0
DEBUG 2025-05-03 12:25:24,447 autoreload File C:\Users\user\AppData\Local\Programs\Python\Python312\Lib\http\cookies.py first seen with mtime 1738667112.0
DEBUG 2025-05-03 12:25:24,447 autoreload File C:\Users\user\AppData\Local\Programs\Python\Python312\Lib\concurrent\futures\_base.py first seen with mtime 1738667112.0
DEBUG 2025-05-03 12:25:24,447 autoreload File C:\Users\user\AppData\Local\Programs\Python\Python312\Lib\difflib.py first seen with mtime 1738667112.0
DEBUG 2025-05-03 12:25:24,447 autoreload File C:\Users\user\AppData\Local\pypoetry\Cache\virtualenvs\djangologging-R3W2srQ6-py3.12\Lib\site-packages\django\db\backends\sqlite3\operations.py first seen with mtime 1746256411.8833477
DEBUG 2025-05-03 12:25:24,447 autoreload File C:\Users\user\AppData\Local\pypoetry\Cache\virtualenvs\djangologging-R3W2srQ6-py3.12\Lib\site-packages\django\urls\conf.py first seen with mtime 1746256411.9924395
DEBUG 2025-05-03 12:25:24,447 autoreload File C:\Users\user\AppData\Local\pypoetry\Cache\virtualenvs\djangologging-R3W2srQ6-py3.12\Lib\site-packages\django\contrib\sessions\backends\base.py first seen with mtime 1746256411.5509398
DEBUG 2025-05-03 12:25:24,448 autoreload File C:\Users\user\AppData\Local\pypoetry\Cache\virtualenvs\djangologging-R3W2srQ6-py3.12\Lib\site-packages\sqlparse\cli.py first seen with mtime 1746256409.5274873
DEBUG 2025-05-03 12:25:24,448 autoreload File C:\Users\user\AppData\Local\pypoetry\Cache\virtualenvs\djangologging-R3W2srQ6-py3.12\Lib\site-packages\django\template\__init__.py first seen with mtime 1746256411.970941
DEBUG 2025-05-03 12:25:24,448 autoreload File C:\Users\user\AppData\Local\Programs\Python\Python312\Lib\email\generator.py first seen with mtime 1738667112.0
DEBUG 2025-05-03 12:25:24,448 autoreload File C:\Users\user\AppData\Local\Programs\Python\Python312\Lib\email\iterators.py first seen with mtime 1738667112.0
DEBUG 2025-05-03 12:25:24,448 autoreload File C:\Users\user\Desktop\web2025\DjangoLogging\Logging_prj\settings.py first seen with mtime 1746256896.675815
DEBUG 2025-05-03 12:25:24,448 autoreload File C:\Users\user\AppData\Local\pypoetry\Cache\virtualenvs\djangologging-R3W2srQ6-py3.12\Lib\site-packages\django\middleware\security.py first seen with mtime 1746256411.970941
DEBUG 2025-05-03 12:25:24,448 autoreload File C:\Users\user\AppData\Local\pypoetry\Cache\virtualenvs\djangologging-R3W2srQ6-py3.12\Lib\site-packages\django\utils\duration.py first seen with mtime 1746256412.0025759
DEBUG 2025-05-03 12:25:24,448 autoreload File C:\Users\user\AppData\Local\pypoetry\Cache\virtualenvs\djangologging-R3W2srQ6-py3.12\Lib\site-packages\django\utils\timesince.py first seen with mtime 1746256412.011611
DEBUG 2025-05-03 12:25:24,449 autoreload File C:\Users\user\AppData\Local\pypoetry\Cache\virtualenvs\djangologging-R3W2srQ6-py3.12\Lib\site-packages\anyio\_core\_eventloop.py first seen with mtime 1746256717.0508645
DEBUG 2025-05-03 12:25:24,449 autoreload File C:\Users\user\AppData\Local\pypoetry\Cache\virtualenvs\djangologging-R3W2srQ6-py3.12\Lib\site-packages\django\utils\safestring.py first seen with mtime 1746256412.0099506
DEBUG 2025-05-03 12:25:24,449 autoreload File C:\Users\user\AppData\Local\pypoetry\Cache\virtualenvs\djangologging-R3W2srQ6-py3.12\Lib\site-packages\django\contrib\messages\storage\__init__.py first seen with mtime 1746256411.3350177
DEBUG 2025-05-03 12:25:24,449 autoreload File C:\Users\user\AppData\Local\pypoetry\Cache\virtualenvs\djangologging-R3W2srQ6-py3.12\Lib\site-packages\django\core\servers\__init__.py first seen with mtime 1746256411.8504765
DEBUG 2025-05-03 12:25:24,449 autoreload File C:\Users\user\AppData\Local\pypoetry\Cache\virtualenvs\djangologging-R3W2srQ6-py3.12\Lib\site-packages\django\utils\inspect.py first seen with mtime 1746256412.0056026
DEBUG 2025-05-03 12:25:24,449 autoreload File C:\Users\user\AppData\Local\pypoetry\Cache\virtualenvs\djangologging-R3W2srQ6-py3.12\Lib\site-packages\anyio\_core\_tempfile.py first seen with mtime 1746256717.0552845
DEBUG 2025-05-03 12:25:24,449 autoreload File C:\Users\user\AppData\Local\pypoetry\Cache\virtualenvs\djangologging-R3W2srQ6-py3.12\Lib\site-packages\sqlparse\filters\tokens.py first seen with mtime 1746256409.5377047
DEBUG 2025-05-03 12:25:24,450 autoreload File C:\Users\user\AppData\Local\pypoetry\Cache\virtualenvs\djangologging-R3W2srQ6-py3.12\Lib\site-packages\django\contrib\admin\actions.py first seen with mtime 1746256410.2098038
DEBUG 2025-05-03 12:25:24,450 autoreload File C:\Users\user\AppData\Local\pypoetry\Cache\virtualenvs\djangologging-R3W2srQ6-py3.12\Lib\site-packages\django\core\files\temp.py first seen with mtime 1746256411.817969
DEBUG 2025-05-03 12:25:24,450 autoreload File C:\Users\user\AppData\Local\pypoetry\Cache\virtualenvs\djangologging-R3W2srQ6-py3.12\Lib\site-packages\django\middleware\clickjacking.py first seen with mtime 1746256411.968021
DEBUG 2025-05-03 12:25:24,450 autoreload File C:\Users\user\AppData\Local\pypoetry\Cache\virtualenvs\djangologging-R3W2srQ6-py3.12\Lib\site-packages\django\core\mail\utils.py first seen with mtime 1746256411.827394
DEBUG 2025-05-03 12:25:24,450 autoreload File C:\Users\user\AppData\Local\pypoetry\Cache\virtualenvs\djangologging-R3W2srQ6-py3.12\Lib\site-packages\django\core\files\uploadhandler.py first seen with mtime 1746256411.817969
DEBUG 2025-05-03 12:25:24,450 autoreload File C:\Users\user\AppData\Local\Programs\Python\Python312\Lib\asyncio\exceptions.py first seen with mtime 1738667112.0
DEBUG 2025-05-03 12:25:24,451 autoreload File C:\Users\user\AppData\Local\pypoetry\Cache\virtualenvs\djangologging-R3W2srQ6-py3.12\Lib\site-packages\django\contrib\sites\__init__.py first seen with mtime 1746256411.6645691
DEBUG 2025-05-03 12:25:24,451 autoreload File C:\Users\user\AppData\Local\Programs\Python\Python312\Lib\email\policy.py first seen with mtime 1738667112.0
DEBUG 2025-05-03 12:25:24,451 autoreload File C:\Users\user\AppData\Local\Programs\Python\Python312\Lib\sqlite3\__init__.py first seen with mtime 1738667112.0
DEBUG 2025-05-03 12:25:24,451 autoreload File C:\Users\user\AppData\Local\pypoetry\Cache\virtualenvs\djangologging-R3W2srQ6-py3.12\Lib\site-packages\django\contrib\auth\checks.py first seen with mtime 1746256410.666146
DEBUG 2025-05-03 12:25:24,451 autoreload File C:\Users\user\AppData\Local\Programs\Python\Python312\Lib\graphlib.py first seen with mtime 1738667112.0
DEBUG 2025-05-03 12:25:24,451 autoreload File C:\Users\user\AppData\Local\pypoetry\Cache\virtualenvs\djangologging-R3W2srQ6-py3.12\Lib\site-packages\django\contrib\sessions\__init__.py first seen with mtime 1746256411.5488305
DEBUG 2025-05-03 12:25:24,451 autoreload File C:\Users\user\AppData\Local\pypoetry\Cache\virtualenvs\djangologging-R3W2srQ6-py3.12\Lib\site-packages\django\contrib\sites\shortcuts.py first seen with mtime 1746256411.668214
DEBUG 2025-05-03 12:25:24,451 autoreload File C:\Users\user\AppData\Local\Programs\Python\Python312\Lib\urllib\request.py first seen with mtime 1738667114.0
DEBUG 2025-05-03 12:25:24,451 autoreload File C:\Users\user\AppData\Local\Programs\Python\Python312\Lib\email\mime\message.py first seen with mtime 1738667112.0
DEBUG 2025-05-03 12:25:24,451 autoreload File C:\Users\user\AppData\Local\pypoetry\Cache\virtualenvs\djangologging-R3W2srQ6-py3.12\Lib\site-packages\django\db\backends\__init__.py first seen with mtime 1746256411.8538966
DEBUG 2025-05-03 12:25:24,451 autoreload File C:\Users\user\AppData\Local\pypoetry\Cache\virtualenvs\djangologging-R3W2srQ6-py3.12\Lib\site-packages\django\db\models\sql\compiler.py first seen with mtime 1746256411.9146137
DEBUG 2025-05-03 12:25:24,451 autoreload File C:\Users\user\AppData\Local\Programs\Python\Python312\Lib\encodings\utf_8.py first seen with mtime 1738667112.0
DEBUG 2025-05-03 12:25:24,451 autoreload File C:\Users\user\AppData\Local\pypoetry\Cache\virtualenvs\djangologging-R3W2srQ6-py3.12\Lib\site-packages\django\templatetags\__init__.py first seen with mtime 1746256411.9850018
DEBUG 2025-05-03 12:25:24,451 autoreload File C:\Users\user\AppData\Local\pypoetry\Cache\virtualenvs\djangologging-R3W2srQ6-py3.12\Lib\site-packages\django\core\checks\security\base.py first seen with mtime 1746256411.8134346
DEBUG 2025-05-03 12:25:24,453 autoreload File C:\Users\user\AppData\Local\pypoetry\Cache\virtualenvs\djangologging-R3W2srQ6-py3.12\Lib\site-packages\django\contrib\auth\backends.py first seen with mtime 1746256410.6651137
DEBUG 2025-05-03 12:25:24,453 autoreload File C:\Users\user\AppData\Local\pypoetry\Cache\virtualenvs\djangologging-R3W2srQ6-py3.12\Lib\site-packages\django\forms\models.py first seen with mtime 1746256411.920814
DEBUG 2025-05-03 12:25:24,453 autoreload File C:\Users\user\AppData\Local\pypoetry\Cache\virtualenvs\djangologging-R3W2srQ6-py3.12\Lib\site-packages\django\utils\tree.py first seen with mtime 1746256412.012114
DEBUG 2025-05-03 12:25:24,454 autoreload File C:\Users\user\AppData\Local\pypoetry\Cache\virtualenvs\djangologging-R3W2srQ6-py3.12\Lib\site-packages\django\db\models\__init__.py first seen with mtime 1746256411.8945248
DEBUG 2025-05-03 12:25:24,454 autoreload File C:\Users\user\AppData\Local\pypoetry\Cache\virtualenvs\djangologging-R3W2srQ6-py3.12\Lib\site-packages\django\template\loader.py first seen with mtime 1746256411.9763935
DEBUG 2025-05-03 12:25:24,454 autoreload File C:\Users\user\AppData\Local\pypoetry\Cache\virtualenvs\djangologging-R3W2srQ6-py3.12\Lib\site-packages\django\utils\termcolors.py first seen with mtime 1746256412.010488
DEBUG 2025-05-03 12:25:24,454 autoreload File C:\Users\user\AppData\Local\pypoetry\Cache\virtualenvs\djangologging-R3W2srQ6-py3.12\Lib\site-packages\django\core\management\base.py first seen with mtime 1746256411.831868
DEBUG 2025-05-03 12:25:24,454 autoreload File C:\Users\user\AppData\Local\Programs\Python\Python312\Lib\nturl2path.py first seen with mtime 1738667112.0
DEBUG 2025-05-03 12:25:24,454 autoreload File C:\Users\user\AppData\Local\Programs\Python\Python312\Lib\re\_parser.py first seen with mtime 1738667112.0
DEBUG 2025-05-03 12:25:24,454 autoreload File C:\Users\user\AppData\Local\pypoetry\Cache\virtualenvs\djangologging-R3W2srQ6-py3.12\Lib\site-packages\django\templatetags\i18n.py first seen with mtime 1746256411.9859853
DEBUG 2025-05-03 12:25:24,455 autoreload File C:\Users\user\AppData\Local\pypoetry\Cache\virtualenvs\djangologging-R3W2srQ6-py3.12\Lib\site-packages\django\contrib\auth\__init__.py first seen with mtime 1746256410.663787
DEBUG 2025-05-03 12:25:24,455 autoreload File C:\Users\user\AppData\Local\Programs\Python\Python312\Lib\asyncio\subprocess.py first seen with mtime 1738667112.0
DEBUG 2025-05-03 12:25:24,455 autoreload File C:\Users\user\AppData\Local\pypoetry\Cache\virtualenvs\djangologging-R3W2srQ6-py3.12\Lib\site-packages\anyio\streams\tls.py first seen with mtime 1746256717.0644045
DEBUG 2025-05-03 12:25:24,455 autoreload File C:\Users\user\AppData\Local\pypoetry\Cache\virtualenvs\djangologging-R3W2srQ6-py3.12\Lib\site-packages\django\core\checks\security\__init__.py first seen with mtime 1746256411.8134346
DEBUG 2025-05-03 12:25:24,455 autoreload File C:\Users\user\AppData\Local\pypoetry\Cache\virtualenvs\djangologging-R3W2srQ6-py3.12\Lib\site-packages\django\contrib\contenttypes\admin.py first seen with mtime 1746256410.7990339
DEBUG 2025-05-03 12:25:24,455 autoreload File C:\Users\user\Desktop\web2025\DjangoLogging\Logging_prj\urls.py first seen with mtime 1746256966.688867
DEBUG 2025-05-03 12:25:24,455 autoreload File C:\Users\user\AppData\Local\pypoetry\Cache\virtualenvs\djangologging-R3W2srQ6-py3.12\Lib\site-packages\django\db\backends\sqlite3\schema.py first seen with mtime 1746256411.8833477
DEBUG 2025-05-03 12:25:24,456 autoreload File C:\Users\user\AppData\Local\pypoetry\Cache\virtualenvs\djangologging-R3W2srQ6-py3.12\Lib\site-packages\django\db\models\sql\subqueries.py first seen with mtime 1746256411.9159045
DEBUG 2025-05-03 12:25:24,456 autoreload File C:\Users\user\AppData\Local\pypoetry\Cache\virtualenvs\djangologging-R3W2srQ6-py3.12\Lib\site-packages\django\contrib\admin\exceptions.py first seen with mtime 1746256410.2112896
DEBUG 2025-05-03 12:25:24,456 autoreload File C:\Users\user\AppData\Local\pypoetry\Cache\virtualenvs\djangologging-R3W2srQ6-py3.12\Lib\site-packages\django\utils\cache.py first seen with mtime 1746256411.9979098
DEBUG 2025-05-03 12:25:24,456 autoreload File C:\Users\user\AppData\Local\Programs\Python\Python312\Lib\asyncio\selector_events.py first seen with mtime 1738667112.0
DEBUG 2025-05-03 12:25:24,456 autoreload File C:\Users\user\AppData\Local\Programs\Python\Python312\Lib\base64.py first seen with mtime 1738667112.0
DEBUG 2025-05-03 12:25:24,456 autoreload File C:\Users\user\AppData\Local\pypoetry\Cache\virtualenvs\djangologging-R3W2srQ6-py3.12\Lib\site-packages\django\contrib\auth\migrations\0007_alter_validators_add_error_messages.py first seen with mtime 1746256410.7947216
DEBUG 2025-05-03 12:25:24,456 autoreload File C:\Users\user\AppData\Local\pypoetry\Cache\virtualenvs\djangologging-R3W2srQ6-py3.12\Lib\site-packages\django\core\mail\__init__.py first seen with mtime 1746256411.8263748
DEBUG 2025-05-03 12:25:24,457 autoreload File C:\Users\user\AppData\Local\pypoetry\Cache\virtualenvs\djangologging-R3W2srQ6-py3.12\Lib\site-packages\anyio\_core\_subprocesses.py first seen with mtime 1746256717.0539944
DEBUG 2025-05-03 12:25:24,457 autoreload File C:\Users\user\AppData\Local\pypoetry\Cache\virtualenvs\djangologging-R3W2srQ6-py3.12\Lib\site-packages\django\utils\choices.py first seen with mtime 1746256411.9979098
DEBUG 2025-05-03 12:25:24,457 autoreload File C:\Users\user\AppData\Local\pypoetry\Cache\virtualenvs\djangologging-R3W2srQ6-py3.12\Lib\site-packages\django\urls\converters.py first seen with mtime 1746256411.9924395
DEBUG 2025-05-03 12:25:24,457 autoreload File C:\Users\user\AppData\Local\pypoetry\Cache\virtualenvs\djangologging-R3W2srQ6-py3.12\Lib\site-packages\django\db\migrations\operations\fields.py first seen with mtime 1746256411.8926249
DEBUG 2025-05-03 12:25:24,457 autoreload File C:\Users\user\AppData\Local\pypoetry\Cache\virtualenvs\djangologging-R3W2srQ6-py3.12\Lib\site-packages\django\db\models\sql\where.py first seen with mtime 1746256411.9173667
DEBUG 2025-05-03 12:25:24,457 autoreload File C:\Users\user\AppData\Local\pypoetry\Cache\virtualenvs\djangologging-R3W2srQ6-py3.12\Lib\site-packages\django\db\models\utils.py first seen with mtime 1746256411.9024587
DEBUG 2025-05-03 12:25:24,458 autoreload File C:\Users\user\AppData\Local\pypoetry\Cache\virtualenvs\djangologging-R3W2srQ6-py3.12\Lib\site-packages\django\views\generic\dates.py first seen with mtime 1746256412.0234709
DEBUG 2025-05-03 12:25:24,458 autoreload File C:\Users\user\AppData\Local\Programs\Python\Python312\DLLs\select.pyd first seen with mtime 1738667166.0
DEBUG 2025-05-03 12:25:24,458 autoreload File C:\Users\user\AppData\Local\pypoetry\Cache\virtualenvs\djangologging-R3W2srQ6-py3.12\Lib\site-packages\django\db\migrations\operations\special.py first seen with mtime 1746256411.89381
DEBUG 2025-05-03 12:25:24,458 autoreload File C:\Users\user\AppData\Local\pypoetry\Cache\virtualenvs\djangologging-R3W2srQ6-py3.12\Lib\site-packages\anyio\to_thread.py first seen with mtime 1746256717.0478442
DEBUG 2025-05-03 12:25:24,458 autoreload File C:\Users\user\AppData\Local\pypoetry\Cache\virtualenvs\djangologging-R3W2srQ6-py3.12\Lib\site-packages\django\contrib\sites\requests.py first seen with mtime 1746256411.668214
DEBUG 2025-05-03 12:25:24,458 autoreload File C:\Users\user\AppData\Local\pypoetry\Cache\virtualenvs\djangologging-R3W2srQ6-py3.12\Lib\site-packages\django\forms\fields.py first seen with mtime 1746256411.9198127
DEBUG 2025-05-03 12:25:24,458 autoreload File C:\Users\user\AppData\Local\pypoetry\Cache\virtualenvs\djangologging-R3W2srQ6-py3.12\Lib\site-packages\django\core\checks\database.py first seen with mtime 1746256411.808906
DEBUG 2025-05-03 12:25:24,459 autoreload File C:\Users\user\AppData\Local\pypoetry\Cache\virtualenvs\djangologging-R3W2srQ6-py3.12\Lib\site-packages\django\contrib\sessions\apps.py first seen with mtime 1746256411.5488305
DEBUG 2025-05-03 12:25:24,459 autoreload File C:\Users\user\AppData\Local\pypoetry\Cache\virtualenvs\djangologging-R3W2srQ6-py3.12\Lib\site-packages\django\core\files\storage\__init__.py first seen with mtime 1746256411.8190231
DEBUG 2025-05-03 12:25:24,459 autoreload File C:\Users\user\AppData\Local\pypoetry\Cache\virtualenvs\djangologging-R3W2srQ6-py3.12\Lib\site-packages\django\core\management\__init__.py first seen with mtime 1746256411.8304968
DEBUG 2025-05-03 12:25:24,459 autoreload File C:\Users\user\AppData\Local\Programs\Python\Python312\Lib\collections\abc.py first seen with mtime 1738667112.0
DEBUG 2025-05-03 12:25:24,459 autoreload File C:\Users\user\AppData\Local\pypoetry\Cache\virtualenvs\djangologging-R3W2srQ6-py3.12\Lib\site-packages\anyio\abc\_resources.py first seen with mtime 1746256717.058929
DEBUG 2025-05-03 12:25:24,459 autoreload File C:\Users\user\AppData\Local\Programs\Python\Python312\Lib\asyncio\events.py first seen with mtime 1738667112.0
DEBUG 2025-05-03 12:25:24,459 autoreload File C:\Users\user\AppData\Local\pypoetry\Cache\virtualenvs\djangologging-R3W2srQ6-py3.12\Lib\site-packages\django\core\checks\caches.py first seen with mtime 1746256411.8078442
DEBUG 2025-05-03 12:25:24,460 autoreload File C:\Users\user\AppData\Local\pypoetry\Cache\virtualenvs\djangologging-R3W2srQ6-py3.12\Lib\site-packages\sqlparse\filters\__init__.py first seen with mtime 1746256409.5334206
DEBUG 2025-05-03 12:25:24,460 autoreload File C:\Users\user\AppData\Local\pypoetry\Cache\virtualenvs\djangologging-R3W2srQ6-py3.12\Lib\site-packages\django\contrib\admin\utils.py first seen with mtime 1746256410.2160678
DEBUG 2025-05-03 12:25:24,460 autoreload File C:\Users\user\AppData\Local\Programs\Python\Python312\Lib\urllib\parse.py first seen with mtime 1738667114.0
DEBUG 2025-05-03 12:25:24,460 autoreload File C:\Users\user\AppData\Local\pypoetry\Cache\virtualenvs\djangologging-R3W2srQ6-py3.12\Lib\site-packages\starlette\datastructures.py first seen with mtime 1746256717.1601782
DEBUG 2025-05-03 12:25:24,460 autoreload File C:\Users\user\AppData\Local\pypoetry\Cache\virtualenvs\djangologging-R3W2srQ6-py3.12\Lib\site-packages\django\db\backends\base\__init__.py first seen with mtime 1746256411.8559482
DEBUG 2025-05-03 12:25:24,460 autoreload File C:\Users\user\AppData\Local\Programs\Python\Python312\Lib\re\_compiler.py first seen with mtime 1738667112.0
DEBUG 2025-05-03 12:25:24,460 autoreload File C:\Users\user\AppData\Local\pypoetry\Cache\virtualenvs\djangologging-R3W2srQ6-py3.12\Lib\site-packages\sqlparse\filters\aligned_indent.py first seen with mtime 1746256409.5346692
DEBUG 2025-05-03 12:25:24,461 autoreload File C:\Users\user\AppData\Local\pypoetry\Cache\virtualenvs\djangologging-R3W2srQ6-py3.12\Lib\site-packages\django\contrib\staticfiles\finders.py first seen with mtime 1746256411.7913692
DEBUG 2025-05-03 12:25:24,461 autoreload File C:\Users\user\AppData\Local\pypoetry\Cache\virtualenvs\djangologging-R3W2srQ6-py3.12\Lib\site-packages\anyio\_core\_sockets.py first seen with mtime 1746256717.0529833
DEBUG 2025-05-03 12:25:24,461 autoreload File C:\Users\user\AppData\Local\pypoetry\Cache\virtualenvs\djangologging-R3W2srQ6-py3.12\Lib\site-packages\django\db\models\fields\related_descriptors.py first seen with mtime 1746256411.907968
DEBUG 2025-05-03 12:25:24,461 autoreload File C:\Users\user\AppData\Local\pypoetry\Cache\virtualenvs\djangologging-R3W2srQ6-py3.12\Lib\site-packages\django\db\models\functions\__init__.py first seen with mtime 1746256411.909868
DEBUG 2025-05-03 12:25:24,461 autoreload File C:\Users\user\AppData\Local\pypoetry\Cache\virtualenvs\djangologging-R3W2srQ6-py3.12\Lib\site-packages\django\db\__init__.py first seen with mtime 1746256411.852423
DEBUG 2025-05-03 12:25:24,461 autoreload File C:\Users\user\AppData\Local\Programs\Python\Python312\Lib\zoneinfo\_common.py first seen with mtime 1738667114.0
DEBUG 2025-05-03 12:25:24,461 autoreload File C:\Users\user\Desktop\web2025\DjangoLogging\Logging_prj\__init__.py first seen with mtime 1746256544.2826383
DEBUG 2025-05-03 12:25:24,463 autoreload File C:\Users\user\AppData\Local\pypoetry\Cache\virtualenvs\djangologging-R3W2srQ6-py3.12\Lib\site-packages\anyio\_core\_synchronization.py first seen with mtime 1746256717.0552845
DEBUG 2025-05-03 12:25:24,463 autoreload File C:\Users\user\AppData\Local\Programs\Python\Python312\Lib\asyncio\protocols.py first seen with mtime 1738667112.0
DEBUG 2025-05-03 12:25:24,463 autoreload File C:\Users\user\AppData\Local\Programs\Python\Python312\Lib\socketserver.py first seen with mtime 1738667112.0
DEBUG 2025-05-03 12:25:24,463 autoreload File C:\Users\user\AppData\Local\pypoetry\Cache\virtualenvs\djangologging-R3W2srQ6-py3.12\Lib\site-packages\anyio\abc\_eventloop.py first seen with mtime 1746256717.0577502
DEBUG 2025-05-03 12:25:24,463 autoreload File C:\Users\user\AppData\Local\pypoetry\Cache\virtualenvs\djangologging-R3W2srQ6-py3.12\Lib\site-packages\django\db\models\deletion.py first seen with mtime 1746256411.8967454
DEBUG 2025-05-03 12:25:24,463 autoreload File C:\Users\user\AppData\Local\pypoetry\Cache\virtualenvs\djangologging-R3W2srQ6-py3.12\Lib\site-packages\django\contrib\auth\migrations\0011_update_proxy_permissions.py first seen with mtime 1746256410.7958944
DEBUG 2025-05-03 12:25:24,464 autoreload File C:\Users\user\AppData\Local\pypoetry\Cache\virtualenvs\djangologging-R3W2srQ6-py3.12\Lib\site-packages\django\utils\deprecation.py first seen with mtime 1746256412.0010698
DEBUG 2025-05-03 12:25:24,464 autoreload File C:\Users\user\AppData\Local\Programs\Python\Python312\Lib\ipaddress.py first seen with mtime 1738667112.0
DEBUG 2025-05-03 12:25:24,464 autoreload File C:\Users\user\AppData\Local\pypoetry\Cache\virtualenvs\djangologging-R3W2srQ6-py3.12\Lib\site-packages\django\contrib\admin\helpers.py first seen with mtime 1746256410.2133653
DEBUG 2025-05-03 12:25:24,464 autoreload File C:\Users\user\AppData\Local\pypoetry\Cache\virtualenvs\djangologging-R3W2srQ6-py3.12\Lib\site-packages\django\db\migrations\executor.py first seen with mtime 1746256411.8861246
DEBUG 2025-05-03 12:25:24,464 autoreload File C:\Users\user\AppData\Local\pypoetry\Cache\virtualenvs\djangologging-R3W2srQ6-py3.12\Lib\site-packages\django\template\defaultfilters.py first seen with mtime 1746256411.974392
DEBUG 2025-05-03 12:25:24,464 autoreload File C:\Users\user\AppData\Local\pypoetry\Cache\virtualenvs\djangologging-R3W2srQ6-py3.12\Lib\site-packages\django\db\models\options.py first seen with mtime 1746256411.900443
DEBUG 2025-05-03 12:25:24,464 autoreload File C:\Users\user\AppData\Local\pypoetry\Cache\virtualenvs\djangologging-R3W2srQ6-py3.12\Lib\site-packages\sniffio\_version.py first seen with mtime 1746256716.9503016
DEBUG 2025-05-03 12:25:24,464 autoreload File C:\Users\user\AppData\Local\Programs\Python\Python312\Lib\gzip.py first seen with mtime 1738667112.0
DEBUG 2025-05-03 12:25:24,465 autoreload File C:\Users\user\AppData\Local\Programs\Python\Python312\Lib\selectors.py first seen with mtime 1738667112.0
DEBUG 2025-05-03 12:25:24,465 autoreload File C:\Users\user\AppData\Local\pypoetry\Cache\virtualenvs\djangologging-R3W2srQ6-py3.12\Lib\site-packages\django\db\migrations\optimizer.py first seen with mtime 1746256411.88814
DEBUG 2025-05-03 12:25:24,465 autoreload File C:\Users\user\AppData\Local\Programs\Python\Python312\DLLs\_ssl.pyd first seen with mtime 1738667166.0
DEBUG 2025-05-03 12:25:24,465 autoreload File C:\Users\user\AppData\Local\pypoetry\Cache\virtualenvs\djangologging-R3W2srQ6-py3.12\Lib\site-packages\django\db\migrations\autodetector.py first seen with mtime 1746256411.884678
DEBUG 2025-05-03 12:25:24,465 autoreload File C:\Users\user\AppData\Local\pypoetry\Cache\virtualenvs\djangologging-R3W2srQ6-py3.12\Lib\site-packages\django\core\cache\backends\locmem.py first seen with mtime 1746256411.8057356
DEBUG 2025-05-03 12:25:24,465 autoreload File C:\Users\user\AppData\Local\pypoetry\Cache\virtualenvs\djangologging-R3W2srQ6-py3.12\Lib\site-packages\asgiref\__init__.py first seen with mtime 1746256409.545873
DEBUG 2025-05-03 12:25:24,465 autoreload File C:\Users\user\AppData\Local\pypoetry\Cache\virtualenvs\djangologging-R3W2srQ6-py3.12\Lib\site-packages\django\views\defaults.py first seen with mtime 1746256412.01734
DEBUG 2025-05-03 12:25:24,466 autoreload File C:\Users\user\AppData\Local\pypoetry\Cache\virtualenvs\djangologging-R3W2srQ6-py3.12\Lib\site-packages\django\core\checks\commands.py first seen with mtime 1746256411.808906
DEBUG 2025-05-03 12:25:24,466 autoreload File C:\Users\user\AppData\Local\pypoetry\Cache\virtualenvs\djangologging-R3W2srQ6-py3.12\Lib\site-packages\django\template\loaders\base.py first seen with mtime 1746256411.9825833
DEBUG 2025-05-03 12:25:24,466 autoreload File C:\Users\user\AppData\Local\pypoetry\Cache\virtualenvs\djangologging-R3W2srQ6-py3.12\Lib\site-packages\django\middleware\__init__.py first seen with mtime 1746256411.966788
DEBUG 2025-05-03 12:25:24,466 autoreload File C:\Users\user\AppData\Local\pypoetry\Cache\virtualenvs\djangologging-R3W2srQ6-py3.12\Lib\site-packages\anyio\_core\__init__.py first seen with mtime 1746256717.0498595
DEBUG 2025-05-03 12:25:24,466 autoreload File C:\Users\user\AppData\Local\pypoetry\Cache\virtualenvs\djangologging-R3W2srQ6-py3.12\Lib\site-packages\django\db\backends\base\schema.py first seen with mtime 1746256411.8605468
DEBUG 2025-05-03 12:25:24,466 autoreload File C:\Users\user\AppData\Local\pypoetry\Cache\virtualenvs\djangologging-R3W2srQ6-py3.12\Lib\site-packages\django\db\models\sql\constants.py first seen with mtime 1746256411.9146137
DEBUG 2025-05-03 12:25:24,466 autoreload File C:\Users\user\AppData\Local\pypoetry\Cache\virtualenvs\djangologging-R3W2srQ6-py3.12\Lib\site-packages\django\contrib\contenttypes\migrations\0001_initial.py first seen with mtime 1746256410.9114904
DEBUG 2025-05-03 12:25:24,466 autoreload File C:\Users\user\AppData\Local\Programs\Python\Python312\Lib\html\entities.py first seen with mtime 1738667112.0
DEBUG 2025-05-03 12:25:24,466 autoreload File C:\Users\user\AppData\Local\Programs\Python\Python312\Lib\email\_header_value_parser.py first seen with mtime 1738667112.0
DEBUG 2025-05-03 12:25:24,467 autoreload File C:\Users\user\AppData\Local\Programs\Python\Python312\Lib\multiprocessing\reduction.py first seen with mtime 1738667112.0
DEBUG 2025-05-03 12:25:24,467 autoreload File C:\Users\user\AppData\Local\Programs\Python\Python312\DLLs\_decimal.pyd first seen with mtime 1738667166.0
DEBUG 2025-05-03 12:25:24,467 autoreload File C:\Users\user\AppData\Local\pypoetry\Cache\virtualenvs\djangologging-R3W2srQ6-py3.12\Lib\site-packages\django\db\models\constraints.py first seen with mtime 1746256411.8967454
DEBUG 2025-05-03 12:25:24,467 autoreload File C:\Users\user\AppData\Local\pypoetry\Cache\virtualenvs\djangologging-R3W2srQ6-py3.12\Lib\site-packages\django\utils\crypto.py first seen with mtime 1746256411.9987214
DEBUG 2025-05-03 12:25:24,467 autoreload File C:\Users\user\AppData\Local\pypoetry\Cache\virtualenvs\djangologging-R3W2srQ6-py3.12\Lib\site-packages\django\db\models\fields\tuple_lookups.py first seen with mtime 1746256411.909403
DEBUG 2025-05-03 12:25:24,468 autoreload File C:\Users\user\AppData\Local\pypoetry\Cache\virtualenvs\djangologging-R3W2srQ6-py3.12\Lib\site-packages\django\db\backends\sqlite3\client.py first seen with mtime 1746256411.8808417
DEBUG 2025-05-03 12:25:24,468 autoreload File C:\Users\user\AppData\Local\pypoetry\Cache\virtualenvs\djangologging-R3W2srQ6-py3.12\Lib\site-packages\django\contrib\messages\api.py first seen with mtime 1746256411.3321464
DEBUG 2025-05-03 12:25:24,468 autoreload File C:\Users\user\AppData\Local\Programs\Python\Python312\Lib\contextvars.py first seen with mtime 1738667112.0
DEBUG 2025-05-03 12:25:24,468 autoreload File C:\Users\user\AppData\Local\pypoetry\Cache\virtualenvs\djangologging-R3W2srQ6-py3.12\Lib\site-packages\anyio\_core\_signals.py first seen with mtime 1746256717.0529833
DEBUG 2025-05-03 12:25:24,468 autoreload File C:\Users\user\AppData\Local\pypoetry\Cache\virtualenvs\djangologging-R3W2srQ6-py3.12\Lib\site-packages\django\db\backends\sqlite3\creation.py first seen with mtime 1746256411.8808417
DEBUG 2025-05-03 12:25:24,468 autoreload File C:\Users\user\AppData\Local\Programs\Python\Python312\Lib\email\mime\nonmultipart.py first seen with mtime 1738667112.0
DEBUG 2025-05-03 12:25:24,468 autoreload File C:\Users\user\AppData\Local\pypoetry\Cache\virtualenvs\djangologging-R3W2srQ6-py3.12\Lib\site-packages\django\contrib\staticfiles\management\commands\__init__.py first seen with mtime 1746256411.7955227
DEBUG 2025-05-03 12:25:24,469 autoreload File C:\Users\user\AppData\Local\Programs\Python\Python312\Lib\asyncio\mixins.py first seen with mtime 1738667112.0
DEBUG 2025-05-03 12:25:24,469 autoreload File C:\Users\user\AppData\Local\pypoetry\Cache\virtualenvs\djangologging-R3W2srQ6-py3.12\Lib\site-packages\django\db\models\query.py first seen with mtime 1746256411.901461
DEBUG 2025-05-03 12:25:24,469 autoreload File C:\Users\user\AppData\Local\pypoetry\Cache\virtualenvs\djangologging-R3W2srQ6-py3.12\Lib\site-packages\django\template\defaulttags.py first seen with mtime 1746256411.9753966
DEBUG 2025-05-03 12:25:24,469 autoreload File C:\Users\user\AppData\Local\pypoetry\Cache\virtualenvs\djangologging-R3W2srQ6-py3.12\Lib\site-packages\django\db\models\constants.py first seen with mtime 1746256411.8955238
DEBUG 2025-05-03 12:25:24,469 autoreload File C:\Users\user\AppData\Local\Programs\Python\Python312\Lib\linecache.py first seen with mtime 1738667112.0
DEBUG 2025-05-03 12:25:24,469 autoreload File C:\Users\user\Desktop\web2025\DjangoLogging\Logg_app\views.py first seen with mtime 1746256910.8196602
DEBUG 2025-05-03 12:25:24,469 autoreload File C:\Users\user\AppData\Local\Programs\Python\Python312\Lib\decimal.py first seen with mtime 1738667112.0
DEBUG 2025-05-03 12:25:24,469 autoreload File C:\Users\user\AppData\Local\pypoetry\Cache\virtualenvs\djangologging-R3W2srQ6-py3.12\Lib\site-packages\django\template\context.py first seen with mtime 1746256411.9724474
DEBUG 2025-05-03 12:25:24,471 autoreload File C:\Users\user\AppData\Local\pypoetry\Cache\virtualenvs\djangologging-R3W2srQ6-py3.12\Lib\site-packages\django\forms\__init__.py first seen with mtime 1746256411.918609
DEBUG 2025-05-03 12:25:24,471 autoreload File C:\Users\user\AppData\Local\Programs\Python\Python312\Lib\asyncio\base_tasks.py first seen with mtime 1738667112.0
DEBUG 2025-05-03 12:25:24,471 autoreload File C:\Users\user\AppData\Local\pypoetry\Cache\virtualenvs\djangologging-R3W2srQ6-py3.12\Lib\site-packages\django\db\models\fields\json.py first seen with mtime 1746256411.905233
DEBUG 2025-05-03 12:25:24,471 autoreload File C:\Users\user\AppData\Local\pypoetry\Cache\virtualenvs\djangologging-R3W2srQ6-py3.12\Lib\site-packages\anyio\abc\_tasks.py first seen with mtime 1746256717.0614345
DEBUG 2025-05-03 12:25:24,471 autoreload File C:\Users\user\AppData\Local\pypoetry\Cache\virtualenvs\djangologging-R3W2srQ6-py3.12\Lib\site-packages\django\contrib\staticfiles\management\__init__.py first seen with mtime 1746256411.7945163
DEBUG 2025-05-03 12:25:24,471 autoreload File C:\Users\user\AppData\Local\Programs\Python\Python312\Lib\concurrent\__init__.py first seen with mtime 1738667112.0
DEBUG 2025-05-03 12:25:24,471 autoreload File C:\Users\user\AppData\Local\pypoetry\Cache\virtualenvs\djangologging-R3W2srQ6-py3.12\Lib\site-packages\django\contrib\admin\widgets.py first seen with mtime 1746256410.2160678
DEBUG 2025-05-03 12:25:24,472 autoreload File C:\Users\user\AppData\Local\pypoetry\Cache\virtualenvs\djangologging-R3W2srQ6-py3.12\Lib\site-packages\django\core\serializers\python.py first seen with mtime 1746256411.8494666
DEBUG 2025-05-03 12:25:24,472 autoreload File C:\Users\user\AppData\Local\pypoetry\Cache\virtualenvs\djangologging-R3W2srQ6-py3.12\Lib\site-packages\django\contrib\admin\decorators.py first seen with mtime 1746256410.2112896
DEBUG 2025-05-03 12:25:24,472 autoreload File C:\Users\user\AppData\Local\Programs\Python\Python312\Lib\inspect.py first seen with mtime 1738667112.0
DEBUG 2025-05-03 12:25:24,472 autoreload File C:\Users\user\AppData\Local\pypoetry\Cache\virtualenvs\djangologging-R3W2srQ6-py3.12\Lib\site-packages\django\db\backends\utils.py first seen with mtime 1746256411.8549006
DEBUG 2025-05-03 12:25:24,472 autoreload File C:\Users\user\AppData\Local\pypoetry\Cache\virtualenvs\djangologging-R3W2srQ6-py3.12\Lib\site-packages\django\db\models\functions\mixins.py first seen with mtime 1746256411.9108667
DEBUG 2025-05-03 12:25:24,472 autoreload File C:\Users\user\AppData\Local\Programs\Python\Python312\Lib\email\__init__.py first seen with mtime 1738667112.0
DEBUG 2025-05-03 12:25:24,472 autoreload File C:\Users\user\AppData\Local\pypoetry\Cache\virtualenvs\djangologging-R3W2srQ6-py3.12\Lib\site-packages\django\core\checks\model_checks.py first seen with mtime 1746256411.8101928
DEBUG 2025-05-03 12:25:24,473 autoreload File C:\Users\user\AppData\Local\pypoetry\Cache\virtualenvs\djangologging-R3W2srQ6-py3.12\Lib\site-packages\django\core\handlers\wsgi.py first seen with mtime 1746256411.8257725
DEBUG 2025-05-03 12:25:24,473 autoreload File C:\Users\user\AppData\Local\Programs\Python\Python312\Lib\shlex.py first seen with mtime 1738667112.0
DEBUG 2025-05-03 12:25:24,473 autoreload File C:\Users\user\AppData\Local\pypoetry\Cache\virtualenvs\djangologging-R3W2srQ6-py3.12\Lib\site-packages\django\contrib\auth\base_user.py first seen with mtime 1746256410.6651137
DEBUG 2025-05-03 12:25:24,473 autoreload File C:\Users\user\AppData\Local\pypoetry\Cache\virtualenvs\djangologging-R3W2srQ6-py3.12\Lib\site-packages\django\core\files\move.py first seen with mtime 1746256411.8167593
DEBUG 2025-05-03 12:25:24,473 autoreload File C:\Users\user\AppData\Local\pypoetry\Cache\virtualenvs\djangologging-R3W2srQ6-py3.12\Lib\site-packages\django\http\__init__.py first seen with mtime 1746256411.964735
DEBUG 2025-05-03 12:25:24,473 autoreload File C:\Users\user\AppData\Local\pypoetry\Cache\virtualenvs\djangologging-R3W2srQ6-py3.12\Lib\site-packages\django\views\decorators\cache.py first seen with mtime 1746256412.0183396
DEBUG 2025-05-03 12:25:24,474 autoreload File C:\Users\user\AppData\Local\pypoetry\Cache\virtualenvs\djangologging-R3W2srQ6-py3.12\Lib\site-packages\django\contrib\auth\tokens.py first seen with mtime 1746256410.6710162
DEBUG 2025-05-03 12:25:24,474 autoreload File C:\Users\user\AppData\Local\Programs\Python\Python312\Lib\asyncio\coroutines.py first seen with mtime 1738667112.0
DEBUG 2025-05-03 12:25:24,474 autoreload File C:\Users\user\AppData\Local\pypoetry\Cache\virtualenvs\djangologging-R3W2srQ6-py3.12\Lib\site-packages\django\contrib\messages\storage\base.py first seen with mtime 1746256411.3350177
DEBUG 2025-05-03 12:25:24,474 autoreload File C:\Users\user\AppData\Local\pypoetry\Cache\virtualenvs\djangologging-R3W2srQ6-py3.12\Lib\site-packages\django\core\cache\backends\base.py first seen with mtime 1746256411.803698
DEBUG 2025-05-03 12:25:24,474 autoreload File C:\Users\user\AppData\Local\Programs\Python\Python312\Lib\traceback.py first seen with mtime 1738667114.0
DEBUG 2025-05-03 12:25:24,474 autoreload File C:\Users\user\AppData\Local\Programs\Python\Python312\Lib\importlib\_abc.py first seen with mtime 1738667112.0
DEBUG 2025-05-03 12:25:24,474 autoreload File C:\Users\user\AppData\Local\Programs\Python\Python312\Lib\email\mime\__init__.py first seen with mtime 1738667112.0
DEBUG 2025-05-03 12:25:24,474 autoreload File C:\Users\user\AppData\Local\Programs\Python\Python312\Lib\wsgiref\simple_server.py first seen with mtime 1738667114.0
DEBUG 2025-05-03 12:25:24,475 autoreload File C:\Users\user\AppData\Local\Programs\Python\Python312\Lib\asyncio\sslproto.py first seen with mtime 1738667112.0
DEBUG 2025-05-03 12:25:24,475 autoreload File C:\Users\user\AppData\Local\Programs\Python\Python312\Lib\pathlib.py first seen with mtime 1738667112.0
DEBUG 2025-05-03 12:25:24,475 autoreload File C:\Users\user\AppData\Local\Programs\Python\Python312\Lib\ctypes\wintypes.py first seen with mtime 1738667112.0
DEBUG 2025-05-03 12:25:24,475 autoreload File C:\Users\user\AppData\Local\pypoetry\Cache\virtualenvs\djangologging-R3W2srQ6-py3.12\Lib\site-packages\django\contrib\staticfiles\management\commands\runserver.py first seen with mtime 1746256411.7965257
DEBUG 2025-05-03 12:25:24,475 autoreload File C:\Users\user\AppData\Local\Programs\Python\Python312\DLLs\_lzma.pyd first seen with mtime 1738667166.0
DEBUG 2025-05-03 12:25:24,475 autoreload File C:\Users\user\AppData\Local\pypoetry\Cache\virtualenvs\djangologging-R3W2srQ6-py3.12\Lib\site-packages\django\template\backends\__init__.py first seen with mtime 1746256411.9788594
DEBUG 2025-05-03 12:25:24,476 autoreload File C:\Users\user\AppData\Local\pypoetry\Cache\virtualenvs\djangologging-R3W2srQ6-py3.12\Lib\site-packages\django\core\files\base.py first seen with mtime 1746256411.81565
DEBUG 2025-05-03 12:25:24,476 autoreload File C:\Users\user\AppData\Local\Programs\Python\Python312\Lib\types.py first seen with mtime 1738667114.0
DEBUG 2025-05-03 12:25:24,476 autoreload File C:\Users\user\AppData\Local\pypoetry\Cache\virtualenvs\djangologging-R3W2srQ6-py3.12\Lib\site-packages\django\core\signing.py first seen with mtime 1746256411.8005147
DEBUG 2025-05-03 12:25:24,476 autoreload File C:\Users\user\AppData\Local\Programs\Python\Python312\Lib\email\feedparser.py first seen with mtime 1738667112.0
DEBUG 2025-05-03 12:25:24,476 autoreload File C:\Users\user\AppData\Local\pypoetry\Cache\virtualenvs\djangologging-R3W2srQ6-py3.12\Lib\site-packages\django\views\generic\base.py first seen with mtime 1746256412.0223968
DEBUG 2025-05-03 12:25:24,476 autoreload File C:\Users\user\AppData\Local\pypoetry\Cache\virtualenvs\djangologging-R3W2srQ6-py3.12\Lib\site-packages\django\db\backends\base\client.py first seen with mtime 1746256411.8572488
DEBUG 2025-05-03 12:25:24,476 autoreload File C:\Users\user\AppData\Local\Programs\Python\Python312\DLLs\unicodedata.pyd first seen with mtime 1738667166.0
DEBUG 2025-05-03 12:25:24,476 autoreload File C:\Users\user\AppData\Local\pypoetry\Cache\virtualenvs\djangologging-R3W2srQ6-py3.12\Lib\site-packages\django\core\servers\basehttp.py first seen with mtime 1746256411.8514786
DEBUG 2025-05-03 12:25:24,476 autoreload File C:\Users\user\AppData\Local\Programs\Python\Python312\Lib\dataclasses.py first seen with mtime 1738667112.0
DEBUG 2025-05-03 12:25:24,476 autoreload File C:\Users\user\AppData\Local\pypoetry\Cache\virtualenvs\djangologging-R3W2srQ6-py3.12\Lib\site-packages\django\contrib\contenttypes\checks.py first seen with mtime 1746256410.7990339
DEBUG 2025-05-03 12:25:24,478 autoreload File C:\Users\user\AppData\Local\Programs\Python\Python312\Lib\html\__init__.py first seen with mtime 1738667112.0
DEBUG 2025-05-03 12:25:24,478 autoreload File C:\Users\user\AppData\Local\Programs\Python\Python312\Lib\asyncio\proactor_events.py first seen with mtime 1738667112.0
DEBUG 2025-05-03 12:25:24,478 autoreload File C:\Users\user\AppData\Local\pypoetry\Cache\virtualenvs\djangologging-R3W2srQ6-py3.12\Lib\site-packages\django\templatetags\l10n.py first seen with mtime 1746256411.9859853
DEBUG 2025-05-03 12:25:24,478 autoreload File C:\Users\user\AppData\Local\pypoetry\Cache\virtualenvs\djangologging-R3W2srQ6-py3.12\Lib\site-packages\anyio\lowlevel.py first seen with mtime 1746256717.0453887
DEBUG 2025-05-03 12:25:24,478 autoreload File C:\Users\user\AppData\Local\Programs\Python\Python312\DLLs\_sqlite3.pyd first seen with mtime 1738667166.0
DEBUG 2025-05-03 12:25:24,478 autoreload File C:\Users\user\AppData\Local\pypoetry\Cache\virtualenvs\djangologging-R3W2srQ6-py3.12\Lib\site-packages\django\db\models\functions\math.py first seen with mtime 1746256411.9108667
DEBUG 2025-05-03 12:25:24,478 autoreload File C:\Users\user\AppData\Local\pypoetry\Cache\virtualenvs\djangologging-R3W2srQ6-py3.12\Lib\site-packages\django\db\models\manager.py first seen with mtime 1746256411.8992198
DEBUG 2025-05-03 12:25:24,478 autoreload File C:\Users\user\AppData\Local\pypoetry\Cache\virtualenvs\djangologging-R3W2srQ6-py3.12\Lib\site-packages\django\forms\forms.py first seen with mtime 1746256411.920814
DEBUG 2025-05-03 12:25:24,478 autoreload File C:\Users\user\AppData\Local\pypoetry\Cache\virtualenvs\djangologging-R3W2srQ6-py3.12\Lib\site-packages\django\db\backends\base\creation.py first seen with mtime 1746256411.8572488
DEBUG 2025-05-03 12:25:24,479 autoreload File C:\Users\user\AppData\Local\pypoetry\Cache\virtualenvs\djangologging-R3W2srQ6-py3.12\Lib\site-packages\django\core\files\storage\handler.py first seen with mtime 1746256411.8211155
DEBUG 2025-05-03 12:25:24,479 autoreload File C:\Users\user\AppData\Local\pypoetry\Cache\virtualenvs\djangologging-R3W2srQ6-py3.12\Lib\site-packages\django\contrib\staticfiles\__init__.py first seen with mtime 1746256411.7903342
DEBUG 2025-05-03 12:25:24,479 autoreload File C:\Users\user\AppData\Local\pypoetry\Cache\virtualenvs\djangologging-R3W2srQ6-py3.12\Lib\site-packages\django\db\models\sql\query.py first seen with mtime 1746256411.9159045
DEBUG 2025-05-03 12:25:24,479 autoreload File C:\Users\user\AppData\Local\pypoetry\Cache\virtualenvs\djangologging-R3W2srQ6-py3.12\Lib\site-packages\django\contrib\sessions\backends\__init__.py first seen with mtime 1746256411.5509398
DEBUG 2025-05-03 12:25:24,479 autoreload File C:\Users\user\AppData\Local\pypoetry\Cache\virtualenvs\djangologging-R3W2srQ6-py3.12\Lib\site-packages\sqlparse\engine\__init__.py first seen with mtime 1746256409.530897
DEBUG 2025-05-03 12:25:24,479 autoreload File C:\Users\user\AppData\Local\pypoetry\Cache\virtualenvs\djangologging-R3W2srQ6-py3.12\Lib\site-packages\django\utils\connection.py first seen with mtime 1746256411.9987214
DEBUG 2025-05-03 12:25:24,480 autoreload File C:\Users\user\AppData\Local\pypoetry\Cache\virtualenvs\djangologging-R3W2srQ6-py3.12\Lib\site-packages\django\core\serializers\__init__.py first seen with mtime 1746256411.847203
DEBUG 2025-05-03 12:25:24,480 autoreload File C:\Users\user\AppData\Local\Programs\Python\Python312\Lib\wsgiref\headers.py first seen with mtime 1738667114.0
DEBUG 2025-05-03 12:25:24,480 autoreload File C:\Users\user\AppData\Local\pypoetry\Cache\virtualenvs\djangologging-R3W2srQ6-py3.12\Lib\site-packages\django\contrib\admin\templatetags\admin_list.py first seen with mtime 1746256410.5382652
DEBUG 2025-05-03 12:25:24,480 autoreload File C:\Users\user\AppData\Local\Programs\Python\Python312\Lib\email\mime\text.py first seen with mtime 1738667112.0
DEBUG 2025-05-03 12:25:24,480 autoreload File C:\Users\user\AppData\Local\pypoetry\Cache\virtualenvs\djangologging-R3W2srQ6-py3.12\Lib\site-packages\django\utils\translation\trans_real.py first seen with mtime 1746256412.0151374
DEBUG 2025-05-03 12:25:24,480 autoreload File C:\Users\user\AppData\Local\pypoetry\Cache\virtualenvs\djangologging-R3W2srQ6-py3.12\Lib\site-packages\django\template\exceptions.py first seen with mtime 1746256411.9763935
DEBUG 2025-05-03 12:25:24,481 autoreload File C:\Users\user\AppData\Local\pypoetry\Cache\virtualenvs\djangologging-R3W2srQ6-py3.12\Lib\site-packages\django\utils\timezone.py first seen with mtime 1746256412.012114
DEBUG 2025-05-03 12:25:24,481 autoreload File C:\Users\user\AppData\Local\pypoetry\Cache\virtualenvs\djangologging-R3W2srQ6-py3.12\Lib\site-packages\django\utils\dateparse.py first seen with mtime 1746256412.0000849
DEBUG 2025-05-03 12:25:24,481 autoreload File C:\Users\user\AppData\Local\pypoetry\Cache\virtualenvs\djangologging-R3W2srQ6-py3.12\Lib\site-packages\django\db\models\enums.py first seen with mtime 1746256411.8967454
DEBUG 2025-05-03 12:25:24,481 autoreload File C:\Users\user\AppData\Local\pypoetry\Cache\virtualenvs\djangologging-R3W2srQ6-py3.12\Lib\site-packages\django\contrib\auth\migrations\0008_alter_user_username_max_length.py first seen with mtime 1746256410.7947216
DEBUG 2025-05-03 12:25:24,481 autoreload File C:\Users\user\AppData\Local\pypoetry\Cache\virtualenvs\djangologging-R3W2srQ6-py3.12\Lib\site-packages\django\forms\widgets.py first seen with mtime 1746256411.9235806
DEBUG 2025-05-03 12:25:24,481 autoreload File C:\Users\user\AppData\Local\Programs\Python\Python312\Lib\asyncio\base_futures.py first seen with mtime 1738667112.0
DEBUG 2025-05-03 12:25:24,481 autoreload File C:\Users\user\AppData\Local\pypoetry\Cache\virtualenvs\djangologging-R3W2srQ6-py3.12\Lib\site-packages\django\conf\global_settings.py first seen with mtime 1746256410.0025756
DEBUG 2025-05-03 12:25:24,481 autoreload File C:\Users\user\AppData\Local\pypoetry\Cache\virtualenvs\djangologging-R3W2srQ6-py3.12\Lib\site-packages\django\forms\formsets.py first seen with mtime 1746256411.920814
DEBUG 2025-05-03 12:25:24,481 autoreload File C:\Users\user\AppData\Local\pypoetry\Cache\virtualenvs\djangologging-R3W2srQ6-py3.12\Lib\site-packages\anyio\_core\_testing.py first seen with mtime 1746256717.056639
DEBUG 2025-05-03 12:25:24,482 autoreload File C:\Users\user\AppData\Local\pypoetry\Cache\virtualenvs\djangologging-R3W2srQ6-py3.12\Lib\site-packages\django\dispatch\__init__.py first seen with mtime 1746256411.9173667
DEBUG 2025-05-03 12:25:24,482 autoreload File C:\Users\user\AppData\Local\pypoetry\Cache\virtualenvs\djangologging-R3W2srQ6-py3.12\Lib\site-packages\django\db\models\indexes.py first seen with mtime 1746256411.898209
DEBUG 2025-05-03 12:25:24,482 autoreload File C:\Users\user\AppData\Local\pypoetry\Cache\virtualenvs\djangologging-R3W2srQ6-py3.12\Lib\site-packages\django\contrib\contenttypes\migrations\__init__.py first seen with mtime 1746256410.912489
DEBUG 2025-05-03 12:25:24,482 autoreload File C:\Users\user\AppData\Local\pypoetry\Cache\virtualenvs\djangologging-R3W2srQ6-py3.12\Lib\site-packages\django\core\checks\compatibility\django_4_0.py first seen with mtime 1746256411.8122575
DEBUG 2025-05-03 12:25:24,482 autoreload File C:\Users\user\AppData\Local\pypoetry\Cache\virtualenvs\djangologging-R3W2srQ6-py3.12\Lib\site-packages\django\core\management\utils.py first seen with mtime 1746256411.833639
DEBUG 2025-05-03 12:25:24,482 autoreload File C:\Users\user\AppData\Local\pypoetry\Cache\virtualenvs\djangologging-R3W2srQ6-py3.12\Lib\site-packages\django\core\management\sql.py first seen with mtime 1746256411.832371
DEBUG 2025-05-03 12:25:24,482 autoreload File C:\Users\user\AppData\Local\Programs\Python\Python312\Lib\encodings\cp1251.py first seen with mtime 1738667112.0
DEBUG 2025-05-03 12:25:24,482 autoreload File C:\Users\user\AppData\Local\pypoetry\Cache\virtualenvs\djangologging-R3W2srQ6-py3.12\Lib\site-packages\sniffio\__init__.py first seen with mtime 1746256716.949299
DEBUG 2025-05-03 12:25:24,482 autoreload File C:\Users\user\AppData\Local\pypoetry\Cache\virtualenvs\djangologging-R3W2srQ6-py3.12\Lib\site-packages\django\http\cookie.py first seen with mtime 1746256411.964735
DEBUG 2025-05-03 12:25:24,484 autoreload File C:\Users\user\AppData\Local\pypoetry\Cache\virtualenvs\djangologging-R3W2srQ6-py3.12\Lib\site-packages\django\contrib\admin\templatetags\__init__.py first seen with mtime 1746256410.5382652
DEBUG 2025-05-03 12:25:24,484 autoreload File C:\Users\user\AppData\Local\pypoetry\Cache\virtualenvs\djangologging-R3W2srQ6-py3.12\Lib\site-packages\django\contrib\sessions\migrations\0001_initial.py first seen with mtime 1746256411.6610155
DEBUG 2025-05-03 12:25:24,484 autoreload File C:\Users\user\AppData\Local\pypoetry\Cache\virtualenvs\djangologging-R3W2srQ6-py3.12\Lib\site-packages\django\contrib\staticfiles\handlers.py first seen with mtime 1746256411.7923658
DEBUG 2025-05-03 12:25:24,484 autoreload File C:\Users\user\AppData\Local\Programs\Python\Python312\Lib\struct.py first seen with mtime 1738667112.0
DEBUG 2025-05-03 12:25:24,484 autoreload File C:\Users\user\AppData\Local\pypoetry\Cache\virtualenvs\djangologging-R3W2srQ6-py3.12\Lib\site-packages\django\apps\registry.py first seen with mtime 1746256410.0010693
DEBUG 2025-05-03 12:25:24,484 autoreload File C:\Users\user\AppData\Local\pypoetry\Cache\virtualenvs\djangologging-R3W2srQ6-py3.12\Lib\site-packages\django\template\autoreload.py first seen with mtime 1746256411.9724474
DEBUG 2025-05-03 12:25:24,484 autoreload File C:\Users\user\AppData\Local\pypoetry\Cache\virtualenvs\djangologging-R3W2srQ6-py3.12\Lib\site-packages\django\utils\deconstruct.py first seen with mtime 1746256412.0010698
DEBUG 2025-05-03 12:25:24,485 autoreload File C:\Users\user\AppData\Local\pypoetry\Cache\virtualenvs\djangologging-R3W2srQ6-py3.12\Lib\site-packages\django\utils\datastructures.py first seen with mtime 1746256411.999733
DEBUG 2025-05-03 12:25:24,485 autoreload File C:\Users\user\AppData\Local\pypoetry\Cache\virtualenvs\djangologging-R3W2srQ6-py3.12\Lib\site-packages\django\utils\version.py first seen with mtime 1746256412.012114
DEBUG 2025-05-03 12:25:24,485 autoreload File C:\Users\user\AppData\Local\pypoetry\Cache\virtualenvs\djangologging-R3W2srQ6-py3.12\Lib\site-packages\django\db\backends\base\introspection.py first seen with mtime 1746256411.858266
DEBUG 2025-05-03 12:25:24,485 autoreload File C:\Users\user\AppData\Local\Programs\Python\Python312\Lib\re\_constants.py first seen with mtime 1738667112.0
DEBUG 2025-05-03 12:25:24,485 autoreload File C:\Users\user\AppData\Local\pypoetry\Cache\virtualenvs\djangologging-R3W2srQ6-py3.12\Lib\site-packages\django\core\exceptions.py first seen with mtime 1746256411.7995157
DEBUG 2025-05-03 12:25:24,486 autoreload File C:\Users\user\AppData\Local\Programs\Python\Python312\Lib\asyncio\transports.py first seen with mtime 1738667112.0
DEBUG 2025-05-03 12:25:24,486 autoreload File C:\Users\user\AppData\Local\pypoetry\Cache\virtualenvs\djangologging-R3W2srQ6-py3.12\Lib\site-packages\anyio\abc\_streams.py first seen with mtime 1746256717.060106
DEBUG 2025-05-03 12:25:24,486 autoreload File C:\Users\user\AppData\Local\Programs\Python\Python312\Lib\mimetypes.py first seen with mtime 1738667112.0
DEBUG 2025-05-03 12:25:24,486 autoreload File C:\Users\user\AppData\Local\Programs\Python\Python312\Lib\token.py first seen with mtime 1738667114.0
DEBUG 2025-05-03 12:25:24,486 autoreload File C:\Users\user\AppData\Local\Programs\Python\Python312\Lib\asyncio\locks.py first seen with mtime 1738667112.0
DEBUG 2025-05-03 12:25:24,486 autoreload File C:\Users\user\AppData\Local\pypoetry\Cache\virtualenvs\djangologging-R3W2srQ6-py3.12\Lib\site-packages\django\contrib\auth\decorators.py first seen with mtime 1746256410.667147
DEBUG 2025-05-03 12:25:24,486 autoreload File C:\Users\user\AppData\Local\pypoetry\Cache\virtualenvs\djangologging-R3W2srQ6-py3.12\Lib\site-packages\django\contrib\admin\templatetags\admin_modify.py first seen with mtime 1746256410.5392795
DEBUG 2025-05-03 12:25:24,487 autoreload File C:\Users\user\AppData\Local\pypoetry\Cache\virtualenvs\djangologging-R3W2srQ6-py3.12\Lib\site-packages\django\db\models\signals.py first seen with mtime 1746256411.9024587
DEBUG 2025-05-03 12:25:24,487 autoreload File C:\Users\user\AppData\Local\pypoetry\Cache\virtualenvs\djangologging-R3W2srQ6-py3.12\Lib\site-packages\django\db\migrations\loader.py first seen with mtime 1746256411.8871236
DEBUG 2025-05-03 12:25:24,487 autoreload File C:\Users\user\AppData\Local\pypoetry\Cache\virtualenvs\djangologging-R3W2srQ6-py3.12\Lib\site-packages\sqlparse\utils.py first seen with mtime 1746256409.530897
DEBUG 2025-05-03 12:25:24,487 autoreload File C:\Users\user\AppData\Local\Programs\Python\Python312\Lib\pickle.py first seen with mtime 1738667112.0
DEBUG 2025-05-03 12:25:24,487 autoreload File C:\Users\user\AppData\Local\pypoetry\Cache\virtualenvs\djangologging-R3W2srQ6-py3.12\Lib\site-packages\django\contrib\auth\migrations\0009_alter_user_last_name_max_length.py first seen with mtime 1746256410.7947216
DEBUG 2025-05-03 12:25:24,487 autoreload File C:\Users\user\AppData\Local\Programs\Python\Python312\Lib\functools.py first seen with mtime 1738667112.0
DEBUG 2025-05-03 12:25:24,487 autoreload File C:\Users\user\AppData\Local\pypoetry\Cache\virtualenvs\djangologging-R3W2srQ6-py3.12\Lib\site-packages\django\contrib\auth\views.py first seen with mtime 1746256410.6725228
DEBUG 2025-05-03 12:25:24,487 autoreload File C:\Users\user\AppData\Local\Programs\Python\Python312\Lib\http\__init__.py first seen with mtime 1738667112.0
DEBUG 2025-05-03 12:25:24,488 autoreload File C:\Users\user\AppData\Local\pypoetry\Cache\virtualenvs\djangologging-R3W2srQ6-py3.12\Lib\site-packages\starlette\config.py first seen with mtime 1746256717.1588318
DEBUG 2025-05-03 12:25:24,488 autoreload File C:\Users\user\AppData\Local\pypoetry\Cache\virtualenvs\djangologging-R3W2srQ6-py3.12\Lib\site-packages\django\contrib\auth\migrations\0002_alter_permission_name_max_length.py first seen with mtime 1746256410.7925694
DEBUG 2025-05-03 12:25:24,488 autoreload File C:\Users\user\AppData\Local\pypoetry\Cache\virtualenvs\djangologging-R3W2srQ6-py3.12\Lib\site-packages\django\db\models\functions\window.py first seen with mtime 1746256411.912372
DEBUG 2025-05-03 12:25:24,488 autoreload File C:\Users\user\AppData\Local\Programs\Python\Python312\Lib\contextlib.py first seen with mtime 1738667112.0
DEBUG 2025-05-03 12:25:24,488 autoreload File C:\Users\user\AppData\Local\pypoetry\Cache\virtualenvs\djangologging-R3W2srQ6-py3.12\Lib\site-packages\django\templatetags\cache.py first seen with mtime 1746256411.9850018
DEBUG 2025-05-03 12:25:24,488 autoreload File C:\Users\user\AppData\Local\pypoetry\Cache\virtualenvs\djangologging-R3W2srQ6-py3.12\Lib\site-packages\django\conf\locale\__init__.py first seen with mtime 1746256410.0062466
DEBUG 2025-05-03 12:25:24,488 autoreload File C:\Users\user\AppData\Local\pypoetry\Cache\virtualenvs\djangologging-R3W2srQ6-py3.12\Lib\site-packages\django\core\files\locks.py first seen with mtime 1746256411.8167593
DEBUG 2025-05-03 12:25:24,489 autoreload File C:\Users\user\AppData\Local\pypoetry\Cache\virtualenvs\djangologging-R3W2srQ6-py3.12\Lib\site-packages\anyio\abc\_testing.py first seen with mtime 1746256717.0614345
DEBUG 2025-05-03 12:25:24,489 autoreload File C:\Users\user\AppData\Local\pypoetry\Cache\virtualenvs\djangologging-R3W2srQ6-py3.12\Lib\site-packages\django\utils\http.py first seen with mtime 1746256412.0056026
DEBUG 2025-05-03 12:25:24,489 autoreload File C:\Users\user\AppData\Local\pypoetry\Cache\virtualenvs\djangologging-R3W2srQ6-py3.12\Lib\site-packages\django\views\decorators\csrf.py first seen with mtime 1746256412.01954
DEBUG 2025-05-03 12:25:24,489 autoreload File C:\Users\user\AppData\Local\Programs\Python\Python312\Lib\enum.py first seen with mtime 1738667112.0
DEBUG 2025-05-03 12:25:24,489 autoreload File C:\Users\user\AppData\Local\Programs\Python\Python312\Lib\email\base64mime.py first seen with mtime 1738667112.0
DEBUG 2025-05-03 12:25:24,489 autoreload File C:\Users\user\AppData\Local\Programs\Python\Python312\Lib\multiprocessing\process.py first seen with mtime 1738667112.0
DEBUG 2025-05-03 12:25:24,489 autoreload File C:\Users\user\AppData\Local\Programs\Python\Python312\Lib\wsgiref\util.py first seen with mtime 1738667114.0
DEBUG 2025-05-03 12:25:24,489 autoreload File C:\Users\user\AppData\Local\pypoetry\Cache\virtualenvs\djangologging-R3W2srQ6-py3.12\Lib\site-packages\django\templatetags\static.py first seen with mtime 1746256411.9869876
DEBUG 2025-05-03 12:25:24,489 autoreload File C:\Users\user\AppData\Local\pypoetry\Cache\virtualenvs\djangologging-R3W2srQ6-py3.12\Lib\site-packages\django\db\backends\sqlite3\base.py first seen with mtime 1746256411.8798387
DEBUG 2025-05-03 12:25:24,490 autoreload File C:\Users\user\AppData\Local\pypoetry\Cache\virtualenvs\djangologging-R3W2srQ6-py3.12\Lib\site-packages\django\core\management\commands\makemigrations.py first seen with mtime 1746256411.8397155
DEBUG 2025-05-03 12:25:24,490 autoreload File C:\Users\user\AppData\Local\pypoetry\Cache\virtualenvs\djangologging-R3W2srQ6-py3.12\Lib\site-packages\sqlparse\sql.py first seen with mtime 1746256409.5298936
DEBUG 2025-05-03 12:25:24,490 autoreload File C:\Users\user\AppData\Local\pypoetry\Cache\virtualenvs\djangologging-R3W2srQ6-py3.12\Lib\site-packages\sqlparse\keywords.py first seen with mtime 1746256409.5288763
DEBUG 2025-05-03 12:25:24,490 autoreload File C:\Users\user\AppData\Local\Programs\Python\Python312\Lib\warnings.py first seen with mtime 1738667114.0
DEBUG 2025-05-03 12:25:24,490 autoreload File C:\Users\user\AppData\Local\pypoetry\Cache\virtualenvs\djangologging-R3W2srQ6-py3.12\Lib\site-packages\django\template\loaders\filesystem.py first seen with mtime 1746256411.9835901
DEBUG 2025-05-03 12:25:24,490 autoreload File C:\Users\user\AppData\Local\pypoetry\Cache\virtualenvs\djangologging-R3W2srQ6-py3.12\Lib\site-packages\django\contrib\sessions\models.py first seen with mtime 1746256411.5509398
DEBUG 2025-05-03 12:25:24,490 autoreload File C:\Users\user\AppData\Local\Programs\Python\Python312\Lib\datetime.py first seen with mtime 1738667112.0
DEBUG 2025-05-03 12:25:24,490 autoreload File C:\Users\user\AppData\Local\pypoetry\Cache\virtualenvs\djangologging-R3W2srQ6-py3.12\Lib\site-packages\django\http\request.py first seen with mtime 1746256411.9657617
DEBUG 2025-05-03 12:25:24,491 autoreload File C:\Users\user\AppData\Local\pypoetry\Cache\virtualenvs\djangologging-R3W2srQ6-py3.12\Lib\site-packages\django\contrib\admin\models.py first seen with mtime 1746256410.2133653
DEBUG 2025-05-03 12:25:24,491 autoreload File C:\Users\user\AppData\Local\Programs\Python\Python312\Lib\importlib\__init__.py first seen with mtime 1738667112.0
DEBUG 2025-05-03 12:25:24,491 autoreload File C:\Users\user\AppData\Local\pypoetry\Cache\virtualenvs\djangologging-R3W2srQ6-py3.12\Lib\site-packages\django\db\backends\base\base.py first seen with mtime 1746256411.8559482
DEBUG 2025-05-03 12:25:24,491 autoreload File C:\Users\user\Desktop\web2025\DjangoLogging\Logg_app\urls.py first seen with mtime 1746257009.8362732
DEBUG 2025-05-03 12:25:24,491 autoreload File C:\Users\user\AppData\Local\pypoetry\Cache\virtualenvs\djangologging-R3W2srQ6-py3.12\Lib\site-packages\django\contrib\auth\migrations\0010_alter_group_name_max_length.py first seen with mtime 1746256410.7947216
DEBUG 2025-05-03 12:25:24,491 autoreload File C:\Users\user\AppData\Local\Programs\Python\Python312\Lib\email\encoders.py first seen with mtime 1738667112.0
DEBUG 2025-05-03 12:25:24,491 autoreload File C:\Users\user\AppData\Local\Programs\Python\Python312\DLLs\_zoneinfo.pyd first seen with mtime 1738667166.0
DEBUG 2025-05-03 12:25:24,491 autoreload File C:\Users\user\AppData\Local\pypoetry\Cache\virtualenvs\djangologging-R3W2srQ6-py3.12\Lib\site-packages\django\contrib\auth\hashers.py first seen with mtime 1746256410.6684692
DEBUG 2025-05-03 12:25:24,493 autoreload File C:\Users\user\AppData\Local\Programs\Python\Python312\Lib\heapq.py first seen with mtime 1738667112.0
DEBUG 2025-05-03 12:25:24,493 autoreload File C:\Users\user\AppData\Local\Programs\Python\Python312\Lib\operator.py first seen with mtime 1738667112.0
DEBUG 2025-05-03 12:25:24,493 autoreload File C:\Users\user\AppData\Local\pypoetry\Cache\virtualenvs\djangologging-R3W2srQ6-py3.12\Lib\site-packages\django\contrib\staticfiles\utils.py first seen with mtime 1746256411.7945163
DEBUG 2025-05-03 12:25:24,493 autoreload File C:\Users\user\AppData\Local\pypoetry\Cache\virtualenvs\djangologging-R3W2srQ6-py3.12\Lib\site-packages\django\utils\functional.py first seen with mtime 1746256412.004507
DEBUG 2025-05-03 12:25:24,493 autoreload File C:\Users\user\AppData\Local\Programs\Python\Python312\Lib\reprlib.py first seen with mtime 1738667112.0
DEBUG 2025-05-03 12:25:24,493 autoreload File C:\Users\user\AppData\Local\pypoetry\Cache\virtualenvs\djangologging-R3W2srQ6-py3.12\Lib\site-packages\django\urls\base.py first seen with mtime 1746256411.9924395
DEBUG 2025-05-03 12:25:24,493 autoreload File C:\Users\user\AppData\Local\pypoetry\Cache\virtualenvs\djangologging-R3W2srQ6-py3.12\Lib\site-packages\anyio\abc\__init__.py first seen with mtime 1746256717.0577502
DEBUG 2025-05-03 12:25:24,494 autoreload File C:\Users\user\AppData\Local\pypoetry\Cache\virtualenvs\djangologging-R3W2srQ6-py3.12\Lib\site-packages\django\contrib\auth\migrations\0001_initial.py first seen with mtime 1746256410.7910626
DEBUG 2025-05-03 12:25:24,494 autoreload File C:\Users\user\AppData\Local\pypoetry\Cache\virtualenvs\djangologging-R3W2srQ6-py3.12\Lib\site-packages\django\db\models\fields\proxy.py first seen with mtime 1746256411.9066458
DEBUG 2025-05-03 12:25:24,494 autoreload File C:\Users\user\AppData\Local\pypoetry\Cache\virtualenvs\djangologging-R3W2srQ6-py3.12\Lib\site-packages\django\conf\__init__.py first seen with mtime 1746256410.0025756
DEBUG 2025-05-03 12:25:24,494 autoreload File C:\Users\user\AppData\Local\pypoetry\Cache\virtualenvs\djangologging-R3W2srQ6-py3.12\Lib\site-packages\django\utils\lorem_ipsum.py first seen with mtime 1746256412.0078921
DEBUG 2025-05-03 12:25:24,494 autoreload File C:\Users\user\AppData\Local\pypoetry\Cache\virtualenvs\djangologging-R3W2srQ6-py3.12\Lib\site-packages\django\db\backends\ddl_references.py first seen with mtime 1746256411.8549006
DEBUG 2025-05-03 12:25:24,494 autoreload File C:\Users\user\AppData\Local\pypoetry\Cache\virtualenvs\djangologging-R3W2srQ6-py3.12\Lib\site-packages\django\contrib\messages\apps.py first seen with mtime 1746256411.3321464
DEBUG 2025-05-03 12:25:24,494 autoreload File C:\Users\user\AppData\Local\pypoetry\Cache\virtualenvs\djangologging-R3W2srQ6-py3.12\Lib\site-packages\django\utils\encoding.py first seen with mtime 1746256412.0025759
DEBUG 2025-05-03 12:25:24,495 autoreload File C:\Users\user\AppData\Local\pypoetry\Cache\virtualenvs\djangologging-R3W2srQ6-py3.12\Lib\site-packages\django\contrib\messages\constants.py first seen with mtime 1746256411.3321464
DEBUG 2025-05-03 12:25:24,495 autoreload File C:\Users\user\AppData\Local\Programs\Python\Python312\Lib\json\encoder.py first seen with mtime 1738667112.0
DEBUG 2025-05-03 12:25:24,495 autoreload File C:\Users\user\AppData\Local\pypoetry\Cache\virtualenvs\djangologging-R3W2srQ6-py3.12\Lib\site-packages\django\contrib\staticfiles\apps.py first seen with mtime 1746256411.7903342
DEBUG 2025-05-03 12:25:24,495 autoreload File C:\Users\user\AppData\Local\pypoetry\Cache\virtualenvs\djangologging-R3W2srQ6-py3.12\Lib\site-packages\django\contrib\admin\templatetags\log.py first seen with mtime 1746256410.5404077
DEBUG 2025-05-03 12:25:24,495 autoreload File C:\Users\user\AppData\Local\pypoetry\Cache\virtualenvs\djangologging-R3W2srQ6-py3.12\Lib\site-packages\django\views\decorators\debug.py first seen with mtime 1746256412.01954
DEBUG 2025-05-03 12:25:24,495 autoreload File C:\Users\user\AppData\Local\pypoetry\Cache\virtualenvs\djangologging-R3W2srQ6-py3.12\Lib\site-packages\django\urls\resolvers.py first seen with mtime 1746256411.994109
DEBUG 2025-05-03 12:25:24,496 autoreload File C:\Users\user\AppData\Local\pypoetry\Cache\virtualenvs\djangologging-R3W2srQ6-py3.12\Lib\site-packages\django\db\models\query_utils.py first seen with mtime 1746256411.901461
DEBUG 2025-05-03 12:25:24,496 autoreload File C:\Users\user\AppData\Local\pypoetry\Cache\virtualenvs\djangologging-R3W2srQ6-py3.12\Lib\site-packages\django\db\backends\sqlite3\introspection.py first seen with mtime 1746256411.8823473
DEBUG 2025-05-03 12:25:24,496 autoreload File C:\Users\user\AppData\Local\Programs\Python\Python312\Lib\asyncio\constants.py first seen with mtime 1738667112.0
DEBUG 2025-05-03 12:25:24,496 autoreload File C:\Users\user\AppData\Local\Programs\Python\Python312\Lib\hashlib.py first seen with mtime 1738667112.0
DEBUG 2025-05-03 12:25:24,496 autoreload File C:\Users\user\AppData\Local\pypoetry\Cache\virtualenvs\djangologging-R3W2srQ6-py3.12\Lib\site-packages\django\core\files\storage\base.py first seen with mtime 1746256411.8200572
DEBUG 2025-05-03 12:25:24,496 autoreload File C:\Users\user\AppData\Local\Programs\Python\Python312\DLLs\_queue.pyd first seen with mtime 1738667166.0
DEBUG 2025-05-03 12:25:24,496 autoreload File C:\Users\user\AppData\Local\Programs\Python\Python312\Lib\keyword.py first seen with mtime 1738667112.0
DEBUG 2025-05-03 12:25:24,496 autoreload File C:\Users\user\AppData\Local\Programs\Python\Python312\Lib\sqlite3\dbapi2.py first seen with mtime 1738667112.0
DEBUG 2025-05-03 12:25:24,497 autoreload File C:\Users\user\AppData\Local\pypoetry\Cache\virtualenvs\djangologging-R3W2srQ6-py3.12\Lib\site-packages\django\core\checks\urls.py first seen with mtime 1746256411.8122575
DEBUG 2025-05-03 12:25:24,497 autoreload File C:\Users\user\AppData\Local\pypoetry\Cache\virtualenvs\djangologging-R3W2srQ6-py3.12\Lib\site-packages\django\utils\log.py first seen with mtime 1746256412.0068316
DEBUG 2025-05-03 12:25:24,497 autoreload File C:\Users\user\AppData\Local\Programs\Python\Python312\Lib\zoneinfo\_tzpath.py first seen with mtime 1738667114.0
DEBUG 2025-05-03 12:25:24,497 autoreload File C:\Users\user\AppData\Local\pypoetry\Cache\virtualenvs\djangologging-R3W2srQ6-py3.12\Lib\site-packages\django\db\models\lookups.py first seen with mtime 1746256411.8992198
DEBUG 2025-05-03 12:25:24,497 autoreload File C:\Users\user\AppData\Local\pypoetry\Cache\virtualenvs\djangologging-R3W2srQ6-py3.12\Lib\site-packages\django\core\management\commands\migrate.py first seen with mtime 1746256411.8397155
DEBUG 2025-05-03 12:25:24,497 autoreload File C:\Users\user\AppData\Local\Programs\Python\Python312\Lib\weakref.py first seen with mtime 1738667114.0
DEBUG 2025-05-03 12:25:24,497 autoreload File C:\Users\user\AppData\Local\pypoetry\Cache\virtualenvs\djangologging-R3W2srQ6-py3.12\Lib\site-packages\django\contrib\sessions\middleware.py first seen with mtime 1746256411.5499372
DEBUG 2025-05-03 12:25:24,498 autoreload File C:\Users\user\AppData\Local\pypoetry\Cache\virtualenvs\djangologging-R3W2srQ6-py3.12\Lib\site-packages\django\core\handlers\exception.py first seen with mtime 1746256411.8244987
DEBUG 2025-05-03 12:25:24,498 autoreload File C:\Users\user\AppData\Local\pypoetry\Cache\virtualenvs\djangologging-R3W2srQ6-py3.12\Lib\site-packages\django\db\backends\sqlite3\__init__.py first seen with mtime 1746256411.8798387
DEBUG 2025-05-03 12:25:24,498 autoreload File C:\Users\user\AppData\Local\Programs\Python\Python312\Lib\signal.py first seen with mtime 1738667112.0
DEBUG 2025-05-03 12:25:24,498 autoreload File C:\Users\user\AppData\Local\pypoetry\Cache\virtualenvs\djangologging-R3W2srQ6-py3.12\Lib\site-packages\django\db\migrations\migration.py first seen with mtime 1746256411.8871236
DEBUG 2025-05-03 12:25:24,498 autoreload File C:\Users\user\AppData\Local\pypoetry\Cache\virtualenvs\djangologging-R3W2srQ6-py3.12\Lib\site-packages\django\core\checks\compatibility\__init__.py first seen with mtime 1746256411.8122575
DEBUG 2025-05-03 12:25:24,498 autoreload File C:\Users\user\AppData\Local\Programs\Python\Python312\Lib\string.py first seen with mtime 1738667112.0
DEBUG 2025-05-03 12:25:24,498 autoreload File C:\Users\user\AppData\Local\pypoetry\Cache\virtualenvs\djangologging-R3W2srQ6-py3.12\Lib\site-packages\django\contrib\auth\migrations\__init__.py first seen with mtime 1746256410.7968955
DEBUG 2025-05-03 12:25:24,499 autoreload File C:\Users\user\AppData\Local\Programs\Python\Python312\Lib\locale.py first seen with mtime 1738667112.0
DEBUG 2025-05-03 12:25:24,499 autoreload File C:\Users\user\AppData\Local\pypoetry\Cache\virtualenvs\djangologging-R3W2srQ6-py3.12\Lib\site-packages\django\core\__init__.py first seen with mtime 1746256411.7991593
DEBUG 2025-05-03 12:25:24,499 autoreload File C:\Users\user\AppData\Local\Programs\Python\Python312\DLLs\_wmi.pyd first seen with mtime 1738667166.0
DEBUG 2025-05-03 12:25:24,499 autoreload File C:\Users\user\AppData\Local\Programs\Python\Python312\Lib\encodings\aliases.py first seen with mtime 1738667112.0
DEBUG 2025-05-03 12:25:24,499 autoreload File C:\Users\user\AppData\Local\Programs\Python\Python312\Lib\json\__init__.py first seen with mtime 1738667112.0
DEBUG 2025-05-03 12:25:24,499 autoreload File C:\Users\user\AppData\Local\Programs\Python\Python312\Lib\collections\__init__.py first seen with mtime 1738667112.0
DEBUG 2025-05-03 12:25:24,499 autoreload File C:\Users\user\AppData\Local\pypoetry\Cache\virtualenvs\djangologging-R3W2srQ6-py3.12\Lib\site-packages\django\views\csrf.py first seen with mtime 1746256412.0161393
DEBUG 2025-05-03 12:25:24,500 autoreload File C:\Users\user\AppData\Local\Programs\Python\Python312\DLLs\_asyncio.pyd first seen with mtime 1738667166.0
DEBUG 2025-05-03 12:25:24,500 autoreload File C:\Users\user\AppData\Local\Programs\Python\Python312\Lib\asyncio\timeouts.py first seen with mtime 1738667112.0
DEBUG 2025-05-03 12:25:24,500 autoreload File C:\Users\user\AppData\Local\Programs\Python\Python312\Lib\glob.py first seen with mtime 1738667112.0
DEBUG 2025-05-03 12:25:24,500 autoreload File C:\Users\user\AppData\Local\Programs\Python\Python312\Lib\email\headerregistry.py first seen with mtime 1738667112.0
DEBUG 2025-05-03 12:25:24,500 autoreload File C:\Users\user\AppData\Local\pypoetry\Cache\virtualenvs\djangologging-R3W2srQ6-py3.12\Lib\site-packages\django\core\checks\templates.py first seen with mtime 1746256411.8112595
DEBUG 2025-05-03 12:25:24,500 autoreload File C:\Users\user\Desktop\web2025\DjangoLogging\Logging_prj\wsgi.py first seen with mtime 1746256544.2816694
DEBUG 2025-05-03 12:25:24,500 autoreload File C:\Users\user\AppData\Local\pypoetry\Cache\virtualenvs\djangologging-R3W2srQ6-py3.12\Lib\site-packages\django\core\handlers\__init__.py first seen with mtime 1746256411.8234367
DEBUG 2025-05-03 12:25:24,500 autoreload File C:\Users\user\AppData\Local\Programs\Python\Python312\Lib\multiprocessing\__init__.py first seen with mtime 1738667112.0
DEBUG 2025-05-03 12:25:24,501 autoreload File C:\Users\user\AppData\Local\pypoetry\Cache\virtualenvs\djangologging-R3W2srQ6-py3.12\Lib\site-packages\django\apps\config.py first seen with mtime 1746256410.0010693
DEBUG 2025-05-03 12:25:24,501 autoreload File C:\Users\user\AppData\Local\pypoetry\Cache\virtualenvs\djangologging-R3W2srQ6-py3.12\Lib\site-packages\asgiref\sync.py first seen with mtime 1746256409.5486782
DEBUG 2025-05-03 12:25:24,501 autoreload File C:\Users\user\AppData\Local\pypoetry\Cache\virtualenvs\djangologging-R3W2srQ6-py3.12\Lib\site-packages\django\utils\translation\reloader.py first seen with mtime 1746256412.012114
DEBUG 2025-05-03 12:25:24,501 autoreload File C:\Users\user\AppData\Local\Programs\Python\Python312\Lib\urllib\response.py first seen with mtime 1738667114.0
DEBUG 2025-05-03 12:25:24,501 autoreload File C:\Users\user\AppData\Local\pypoetry\Cache\virtualenvs\djangologging-R3W2srQ6-py3.12\Lib\site-packages\starlette\concurrency.py first seen with mtime 1746256717.1588318
DEBUG 2025-05-03 12:25:24,501 autoreload File C:\Users\user\AppData\Local\pypoetry\Cache\virtualenvs\djangologging-R3W2srQ6-py3.12\Lib\site-packages\django\core\management\color.py first seen with mtime 1746256411.832371
DEBUG 2025-05-03 12:25:24,501 autoreload File C:\Users\user\AppData\Local\Programs\Python\Python312\Lib\email\mime\multipart.py first seen with mtime 1738667112.0
DEBUG 2025-05-03 12:25:24,501 autoreload File C:\Users\user\AppData\Local\Programs\Python\Python312\Lib\asyncio\log.py first seen with mtime 1738667112.0
DEBUG 2025-05-03 12:25:24,501 autoreload File C:\Users\user\AppData\Local\pypoetry\Cache\virtualenvs\djangologging-R3W2srQ6-py3.12\Lib\site-packages\django\contrib\auth\admin.py first seen with mtime 1746256410.663787
DEBUG 2025-05-03 12:25:24,501 autoreload File C:\Users\user\AppData\Local\pypoetry\Cache\virtualenvs\djangologging-R3W2srQ6-py3.12\Lib\site-packages\anyio\abc\_sockets.py first seen with mtime 1746256717.058929
DEBUG 2025-05-03 12:25:24,501 autoreload File C:\Users\user\AppData\Local\pypoetry\Cache\virtualenvs\djangologging-R3W2srQ6-py3.12\Lib\site-packages\django\contrib\__init__.py first seen with mtime 1746256410.2087321
DEBUG 2025-05-03 12:25:24,502 autoreload File C:\Users\user\AppData\Local\pypoetry\Cache\virtualenvs\djangologging-R3W2srQ6-py3.12\Lib\site-packages\anyio\_core\_streams.py first seen with mtime 1746256717.0539944
DEBUG 2025-05-03 12:25:24,502 autoreload File C:\Users\user\AppData\Local\Programs\Python\Python312\DLLs\_hashlib.pyd first seen with mtime 1738667166.0
DEBUG 2025-05-03 12:25:24,502 autoreload File C:\Users\user\AppData\Local\pypoetry\Cache\virtualenvs\djangologging-R3W2srQ6-py3.12\Lib\site-packages\django\contrib\auth\migrations\0006_require_contenttypes_0002.py first seen with mtime 1746256410.7935803
DEBUG 2025-05-03 12:25:24,502 autoreload File C:\Users\user\AppData\Local\pypoetry\Cache\virtualenvs\djangologging-R3W2srQ6-py3.12\Lib\site-packages\django\utils\translation\__init__.py first seen with mtime 1746256412.012114
DEBUG 2025-05-03 12:25:24,502 autoreload File C:\Users\user\AppData\Local\Programs\Python\Python312\Lib\email\errors.py first seen with mtime 1738667112.0
DEBUG 2025-05-03 12:25:24,502 autoreload File C:\Users\user\AppData\Local\pypoetry\Cache\virtualenvs\djangologging-R3W2srQ6-py3.12\Lib\site-packages\django\forms\renderers.py first seen with mtime 1746256411.9223197
DEBUG 2025-05-03 12:25:24,502 autoreload File C:\Users\user\AppData\Local\Programs\Python\Python312\Lib\typing.py first seen with mtime 1738667114.0
DEBUG 2025-05-03 12:25:24,502 autoreload File C:\Users\user\AppData\Local\pypoetry\Cache\virtualenvs\djangologging-R3W2srQ6-py3.12\Lib\site-packages\django\contrib\auth\management\__init__.py first seen with mtime 1746256410.7899559
DEBUG 2025-05-03 12:25:24,502 autoreload File C:\Users\user\AppData\Local\pypoetry\Cache\virtualenvs\djangologging-R3W2srQ6-py3.12\Lib\site-packages\anyio\_core\_tasks.py first seen with mtime 1746256717.0552845
DEBUG 2025-05-03 12:25:24,502 autoreload File C:\Users\user\AppData\Local\pypoetry\Cache\virtualenvs\djangologging-R3W2srQ6-py3.12\Lib\site-packages\django\db\migrations\operations\models.py first seen with mtime 1746256411.893113
DEBUG 2025-05-03 12:25:25,640 autoreload File C:\Users\user\AppData\Local\Programs\Python\Python312\Lib\stringprep.py first seen with mtime 1738667112.0
DEBUG 2025-05-03 12:25:25,641 autoreload File C:\Users\user\AppData\Local\Programs\Python\Python312\Lib\encodings\idna.py first seen with mtime 1738667112.0
DEBUG 2025-05-03 12:25:40,815 base Exception while resolving variable 'name' in template 'unknown'.
Traceback (most recent call last):
  File "C:\Users\user\AppData\Local\pypoetry\Cache\virtualenvs\djangologging-R3W2srQ6-py3.12\Lib\site-packages\django\core\handlers\exception.py", line 55, in inner
    response = get_response(request)
               ^^^^^^^^^^^^^^^^^^^^^
  File "C:\Users\user\AppData\Local\pypoetry\Cache\virtualenvs\djangologging-R3W2srQ6-py3.12\Lib\site-packages\django\core\handlers\base.py", line 181, in _get_response
    callback, callback_args, callback_kwargs = self.resolve_request(request)
                                               ^^^^^^^^^^^^^^^^^^^^^^^^^^^^^
  File "C:\Users\user\AppData\Local\pypoetry\Cache\virtualenvs\djangologging-R3W2srQ6-py3.12\Lib\site-packages\django\core\handlers\base.py", line 313, in resolve_request
    resolver_match = resolver.resolve(request.path_info)
                     ^^^^^^^^^^^^^^^^^^^^^^^^^^^^^^^^^^^
  File "C:\Users\user\AppData\Local\pypoetry\Cache\virtualenvs\djangologging-R3W2srQ6-py3.12\Lib\site-packages\django\urls\resolvers.py", line 705, in resolve
    raise Resolver404({"tried": tried, "path": new_path})
django.urls.exceptions.Resolver404: {'tried': [[<URLResolver <URLPattern list> (admin:admin) 'admin/'>], [<URLResolver <module 'Logg_app.urls' from 'C:\\Users\\user\\Desktop\\web2025\\DjangoLogging\\Logg_app\\urls.py'> (None:None) ''>, <URLPattern 'log-test/'>]], 'path': 'delete/'}

During handling of the above exception, another exception occurred:

Traceback (most recent call last):
  File "C:\Users\user\AppData\Local\pypoetry\Cache\virtualenvs\djangologging-R3W2srQ6-py3.12\Lib\site-packages\django\template\base.py", line 890, in _resolve_lookup
    raise TypeError
TypeError

During handling of the above exception, another exception occurred:

Traceback (most recent call last):
  File "C:\Users\user\AppData\Local\pypoetry\Cache\virtualenvs\djangologging-R3W2srQ6-py3.12\Lib\site-packages\django\template\base.py", line 901, in _resolve_lookup
    current = getattr(current, bit)
              ^^^^^^^^^^^^^^^^^^^^^
AttributeError: 'URLResolver' object has no attribute 'name'

During handling of the above exception, another exception occurred:

Traceback (most recent call last):
  File "C:\Users\user\AppData\Local\pypoetry\Cache\virtualenvs\djangologging-R3W2srQ6-py3.12\Lib\site-packages\django\template\base.py", line 907, in _resolve_lookup
    current = current[int(bit)]
                      ^^^^^^^^
ValueError: invalid literal for int() with base 10: 'name'

During handling of the above exception, another exception occurred:

Traceback (most recent call last):
  File "C:\Users\user\AppData\Local\pypoetry\Cache\virtualenvs\djangologging-R3W2srQ6-py3.12\Lib\site-packages\django\template\base.py", line 914, in _resolve_lookup
    raise VariableDoesNotExist(
django.template.base.VariableDoesNotExist: Failed lookup for key [name] in <URLResolver <URLPattern list> (admin:admin) 'admin/'>
WARNING 2025-05-03 12:25:40,818 log Not Found: /delete/
WARNING 2025-05-03 12:25:40,818 basehttp "GET /delete/ HTTP/1.1" 404 2443
DEBUG 2025-05-03 12:25:40,874 base Exception while resolving variable 'name' in template 'unknown'.
Traceback (most recent call last):
  File "C:\Users\user\AppData\Local\pypoetry\Cache\virtualenvs\djangologging-R3W2srQ6-py3.12\Lib\site-packages\django\core\handlers\exception.py", line 55, in inner
    response = get_response(request)
               ^^^^^^^^^^^^^^^^^^^^^
  File "C:\Users\user\AppData\Local\pypoetry\Cache\virtualenvs\djangologging-R3W2srQ6-py3.12\Lib\site-packages\django\core\handlers\base.py", line 181, in _get_response
    callback, callback_args, callback_kwargs = self.resolve_request(request)
                                               ^^^^^^^^^^^^^^^^^^^^^^^^^^^^^
  File "C:\Users\user\AppData\Local\pypoetry\Cache\virtualenvs\djangologging-R3W2srQ6-py3.12\Lib\site-packages\django\core\handlers\base.py", line 313, in resolve_request
    resolver_match = resolver.resolve(request.path_info)
                     ^^^^^^^^^^^^^^^^^^^^^^^^^^^^^^^^^^^
  File "C:\Users\user\AppData\Local\pypoetry\Cache\virtualenvs\djangologging-R3W2srQ6-py3.12\Lib\site-packages\django\urls\resolvers.py", line 705, in resolve
    raise Resolver404({"tried": tried, "path": new_path})
django.urls.exceptions.Resolver404: {'tried': [[<URLResolver <URLPattern list> (admin:admin) 'admin/'>], [<URLResolver <module 'Logg_app.urls' from 'C:\\Users\\user\\Desktop\\web2025\\DjangoLogging\\Logg_app\\urls.py'> (None:None) ''>, <URLPattern 'log-test/'>]], 'path': 'favicon.ico'}

During handling of the above exception, another exception occurred:

Traceback (most recent call last):
  File "C:\Users\user\AppData\Local\pypoetry\Cache\virtualenvs\djangologging-R3W2srQ6-py3.12\Lib\site-packages\django\template\base.py", line 890, in _resolve_lookup
    raise TypeError
TypeError

During handling of the above exception, another exception occurred:

Traceback (most recent call last):
  File "C:\Users\user\AppData\Local\pypoetry\Cache\virtualenvs\djangologging-R3W2srQ6-py3.12\Lib\site-packages\django\template\base.py", line 901, in _resolve_lookup
    current = getattr(current, bit)
              ^^^^^^^^^^^^^^^^^^^^^
AttributeError: 'URLResolver' object has no attribute 'name'

During handling of the above exception, another exception occurred:

Traceback (most recent call last):
  File "C:\Users\user\AppData\Local\pypoetry\Cache\virtualenvs\djangologging-R3W2srQ6-py3.12\Lib\site-packages\django\template\base.py", line 907, in _resolve_lookup
    current = current[int(bit)]
                      ^^^^^^^^
ValueError: invalid literal for int() with base 10: 'name'

During handling of the above exception, another exception occurred:

Traceback (most recent call last):
  File "C:\Users\user\AppData\Local\pypoetry\Cache\virtualenvs\djangologging-R3W2srQ6-py3.12\Lib\site-packages\django\template\base.py", line 914, in _resolve_lookup
    raise VariableDoesNotExist(
django.template.base.VariableDoesNotExist: Failed lookup for key [name] in <URLResolver <URLPattern list> (admin:admin) 'admin/'>
WARNING 2025-05-03 12:25:40,875 log Not Found: /favicon.ico
WARNING 2025-05-03 12:25:40,876 basehttp "GET /favicon.ico HTTP/1.1" 404 2455
DEBUG 2025-05-03 12:25:41,273 autoreload File C:\Users\user\AppData\Local\pypoetry\Cache\virtualenvs\djangologging-R3W2srQ6-py3.12\Lib\site-packages\django\contrib\messages\storage\session.py first seen with mtime 1746256411.3364217
DEBUG 2025-05-03 12:25:41,285 autoreload File C:\Users\user\AppData\Local\pypoetry\Cache\virtualenvs\djangologging-R3W2srQ6-py3.12\Lib\site-packages\django\contrib\messages\storage\fallback.py first seen with mtime 1746256411.3364217
DEBUG 2025-05-03 12:25:41,286 autoreload File C:\Users\user\AppData\Local\pypoetry\Cache\virtualenvs\djangologging-R3W2srQ6-py3.12\Lib\site-packages\django\contrib\messages\storage\cookie.py first seen with mtime 1746256411.3364217
DEBUG 2025-05-03 12:25:41,289 autoreload File C:\Users\user\AppData\Local\pypoetry\Cache\virtualenvs\djangologging-R3W2srQ6-py3.12\Lib\site-packages\django\contrib\sessions\serializers.py first seen with mtime 1746256411.5509398
DEBUG 2025-05-03 12:25:42,150 base Exception while resolving variable 'name' in template 'unknown'.
Traceback (most recent call last):
  File "C:\Users\user\AppData\Local\pypoetry\Cache\virtualenvs\djangologging-R3W2srQ6-py3.12\Lib\site-packages\django\core\handlers\exception.py", line 55, in inner
    response = get_response(request)
               ^^^^^^^^^^^^^^^^^^^^^
  File "C:\Users\user\AppData\Local\pypoetry\Cache\virtualenvs\djangologging-R3W2srQ6-py3.12\Lib\site-packages\django\core\handlers\base.py", line 181, in _get_response
    callback, callback_args, callback_kwargs = self.resolve_request(request)
                                               ^^^^^^^^^^^^^^^^^^^^^^^^^^^^^
  File "C:\Users\user\AppData\Local\pypoetry\Cache\virtualenvs\djangologging-R3W2srQ6-py3.12\Lib\site-packages\django\core\handlers\base.py", line 313, in resolve_request
    resolver_match = resolver.resolve(request.path_info)
                     ^^^^^^^^^^^^^^^^^^^^^^^^^^^^^^^^^^^
  File "C:\Users\user\AppData\Local\pypoetry\Cache\virtualenvs\djangologging-R3W2srQ6-py3.12\Lib\site-packages\django\urls\resolvers.py", line 705, in resolve
    raise Resolver404({"tried": tried, "path": new_path})
django.urls.exceptions.Resolver404: {'tried': [[<URLResolver <URLPattern list> (admin:admin) 'admin/'>], [<URLResolver <module 'Logg_app.urls' from 'C:\\Users\\user\\Desktop\\web2025\\DjangoLogging\\Logg_app\\urls.py'> (None:None) ''>, <URLPattern 'log-test/'>]], 'path': ''}

During handling of the above exception, another exception occurred:

Traceback (most recent call last):
  File "C:\Users\user\AppData\Local\pypoetry\Cache\virtualenvs\djangologging-R3W2srQ6-py3.12\Lib\site-packages\django\template\base.py", line 890, in _resolve_lookup
    raise TypeError
TypeError

During handling of the above exception, another exception occurred:

Traceback (most recent call last):
  File "C:\Users\user\AppData\Local\pypoetry\Cache\virtualenvs\djangologging-R3W2srQ6-py3.12\Lib\site-packages\django\template\base.py", line 901, in _resolve_lookup
    current = getattr(current, bit)
              ^^^^^^^^^^^^^^^^^^^^^
AttributeError: 'URLResolver' object has no attribute 'name'

During handling of the above exception, another exception occurred:

Traceback (most recent call last):
  File "C:\Users\user\AppData\Local\pypoetry\Cache\virtualenvs\djangologging-R3W2srQ6-py3.12\Lib\site-packages\django\template\base.py", line 907, in _resolve_lookup
    current = current[int(bit)]
                      ^^^^^^^^
ValueError: invalid literal for int() with base 10: 'name'

During handling of the above exception, another exception occurred:

Traceback (most recent call last):
  File "C:\Users\user\AppData\Local\pypoetry\Cache\virtualenvs\djangologging-R3W2srQ6-py3.12\Lib\site-packages\django\template\base.py", line 914, in _resolve_lookup
    raise VariableDoesNotExist(
django.template.base.VariableDoesNotExist: Failed lookup for key [name] in <URLResolver <URLPattern list> (admin:admin) 'admin/'>
WARNING 2025-05-03 12:25:42,151 log Not Found: /
WARNING 2025-05-03 12:25:42,152 basehttp "GET / HTTP/1.1" 404 2404
INFO 2025-05-03 12:25:47,119 basehttp "GET /log-test/ HTTP/1.1" 200 99
DEBUG 2025-05-03 12:27:12,091 autoreload File C:\Users\user\Desktop\web2025\DjangoLogging\Logg_app\views.py previous mtime: 1746256910.8196602, current mtime: 1746257231.0833628
DEBUG 2025-05-03 12:27:12,092 autoreload C:\Users\user\Desktop\web2025\DjangoLogging\Logg_app\views.py notified as changed. Signal results: [(<function template_changed at 0x00000286233EEFC0>, None), (<function translation_file_changed at 0x0000028624313E20>, None)].
INFO 2025-05-03 12:27:12,092 autoreload C:\Users\user\Desktop\web2025\DjangoLogging\Logg_app\views.py changed, reloading.
INFO 2025-05-03 12:27:12,542 autoreload Watching for file changes with StatReloader
DEBUG 2025-05-03 12:27:12,542 autoreload Waiting for apps ready_event.
DEBUG 2025-05-03 12:27:12,556 autoreload Apps ready_event triggered. Sending autoreload_started signal.
DEBUG 2025-05-03 12:27:12,570 autoreload Watching dir C:\Users\user\Desktop\web2025\DjangoLogging\locale with glob **/*.mo.
DEBUG 2025-05-03 12:27:12,597 utils (0.000) 
            SELECT name, type FROM sqlite_master
            WHERE type in ('table', 'view') AND NOT name='sqlite_sequence'
            ORDER BY name; args=None; alias=default
DEBUG 2025-05-03 12:27:12,599 utils (0.000) SELECT "django_migrations"."id", "django_migrations"."app", "django_migrations"."name", "django_migrations"."applied" FROM "django_migrations"; args=(); alias=default
DEBUG 2025-05-03 12:27:12,706 autoreload File C:\Users\user\AppData\Local\Programs\Python\Python312\Lib\mimetypes.py first seen with mtime 1738667112.0
DEBUG 2025-05-03 12:27:12,706 autoreload File C:\Users\user\AppData\Local\pypoetry\Cache\virtualenvs\djangologging-R3W2srQ6-py3.12\Lib\site-packages\starlette\types.py first seen with mtime 1746256717.1662583
DEBUG 2025-05-03 12:27:12,706 autoreload File C:\Users\user\AppData\Local\Programs\Python\Python312\Lib\asyncio\proactor_events.py first seen with mtime 1738667112.0
DEBUG 2025-05-03 12:27:12,707 autoreload File C:\Users\user\AppData\Local\pypoetry\Cache\virtualenvs\djangologging-R3W2srQ6-py3.12\Lib\site-packages\django\contrib\contenttypes\management\__init__.py first seen with mtime 1746256410.9103875
DEBUG 2025-05-03 12:27:12,707 autoreload File C:\Users\user\AppData\Local\pypoetry\Cache\virtualenvs\djangologging-R3W2srQ6-py3.12\Lib\site-packages\django\middleware\__init__.py first seen with mtime 1746256411.966788
DEBUG 2025-05-03 12:27:12,707 autoreload File C:\Users\user\AppData\Local\pypoetry\Cache\virtualenvs\djangologging-R3W2srQ6-py3.12\Lib\site-packages\django\contrib\sessions\base_session.py first seen with mtime 1746256411.5488305
DEBUG 2025-05-03 12:27:12,707 autoreload File C:\Users\user\AppData\Local\pypoetry\Cache\virtualenvs\djangologging-R3W2srQ6-py3.12\Lib\site-packages\django\views\defaults.py first seen with mtime 1746256412.01734
DEBUG 2025-05-03 12:27:12,707 autoreload File C:\Users\user\AppData\Local\pypoetry\Cache\virtualenvs\djangologging-R3W2srQ6-py3.12\Lib\site-packages\django\core\files\storage\filesystem.py first seen with mtime 1746256411.8200572
DEBUG 2025-05-03 12:27:12,707 autoreload File C:\Users\user\AppData\Local\pypoetry\Cache\virtualenvs\djangologging-R3W2srQ6-py3.12\Lib\site-packages\django\utils\numberformat.py first seen with mtime 1746256412.0089042
DEBUG 2025-05-03 12:27:12,708 autoreload File C:\Users\user\AppData\Local\Programs\Python\Python312\Lib\sqlite3\__init__.py first seen with mtime 1738667112.0
DEBUG 2025-05-03 12:27:12,708 autoreload File C:\Users\user\AppData\Local\pypoetry\Cache\virtualenvs\djangologging-R3W2srQ6-py3.12\Lib\site-packages\django\core\checks\messages.py first seen with mtime 1746256411.8101928
DEBUG 2025-05-03 12:27:12,708 autoreload File C:\Users\user\AppData\Local\Programs\Python\Python312\Lib\asyncio\selector_events.py first seen with mtime 1738667112.0
DEBUG 2025-05-03 12:27:12,708 autoreload File C:\Users\user\AppData\Local\pypoetry\Cache\virtualenvs\djangologging-R3W2srQ6-py3.12\Lib\site-packages\django\utils\connection.py first seen with mtime 1746256411.9987214
DEBUG 2025-05-03 12:27:12,708 autoreload File C:\Users\user\AppData\Local\pypoetry\Cache\virtualenvs\djangologging-R3W2srQ6-py3.12\Lib\site-packages\django\db\models\lookups.py first seen with mtime 1746256411.8992198
DEBUG 2025-05-03 12:27:12,708 autoreload File C:\Users\user\AppData\Local\pypoetry\Cache\virtualenvs\djangologging-R3W2srQ6-py3.12\Lib\site-packages\sqlparse\keywords.py first seen with mtime 1746256409.5288763
DEBUG 2025-05-03 12:27:12,708 autoreload File C:\Users\user\AppData\Local\pypoetry\Cache\virtualenvs\djangologging-R3W2srQ6-py3.12\Lib\site-packages\django\template\exceptions.py first seen with mtime 1746256411.9763935
DEBUG 2025-05-03 12:27:12,709 autoreload File C:\Users\user\AppData\Local\pypoetry\Cache\virtualenvs\djangologging-R3W2srQ6-py3.12\Lib\site-packages\django\views\decorators\cache.py first seen with mtime 1746256412.0183396
DEBUG 2025-05-03 12:27:12,709 autoreload File C:\Users\user\AppData\Local\pypoetry\Cache\virtualenvs\djangologging-R3W2srQ6-py3.12\Lib\site-packages\django\contrib\admin\decorators.py first seen with mtime 1746256410.2112896
DEBUG 2025-05-03 12:27:12,709 autoreload File C:\Users\user\AppData\Local\pypoetry\Cache\virtualenvs\djangologging-R3W2srQ6-py3.12\Lib\site-packages\django\contrib\staticfiles\handlers.py first seen with mtime 1746256411.7923658
DEBUG 2025-05-03 12:27:12,709 autoreload File C:\Users\user\AppData\Local\pypoetry\Cache\virtualenvs\djangologging-R3W2srQ6-py3.12\Lib\site-packages\asgiref\__init__.py first seen with mtime 1746256409.545873
DEBUG 2025-05-03 12:27:12,709 autoreload File C:\Users\user\AppData\Local\pypoetry\Cache\virtualenvs\djangologging-R3W2srQ6-py3.12\Lib\site-packages\django\http\cookie.py first seen with mtime 1746256411.964735
DEBUG 2025-05-03 12:27:12,709 autoreload File C:\Users\user\AppData\Local\pypoetry\Cache\virtualenvs\djangologging-R3W2srQ6-py3.12\Lib\site-packages\django\db\backends\base\creation.py first seen with mtime 1746256411.8572488
DEBUG 2025-05-03 12:27:12,709 autoreload File C:\Users\user\AppData\Local\pypoetry\Cache\virtualenvs\djangologging-R3W2srQ6-py3.12\Lib\site-packages\django\middleware\csrf.py first seen with mtime 1746256411.9690204
DEBUG 2025-05-03 12:27:12,710 autoreload File C:\Users\user\AppData\Local\pypoetry\Cache\virtualenvs\djangologging-R3W2srQ6-py3.12\Lib\site-packages\sqlparse\engine\filter_stack.py first seen with mtime 1746256409.530897
DEBUG 2025-05-03 12:27:12,710 autoreload File C:\Users\user\AppData\Local\Programs\Python\Python312\Lib\dis.py first seen with mtime 1738667112.0
DEBUG 2025-05-03 12:27:12,710 autoreload File C:\Users\user\AppData\Local\pypoetry\Cache\virtualenvs\djangologging-R3W2srQ6-py3.12\Lib\site-packages\anyio\abc\_sockets.py first seen with mtime 1746256717.058929
DEBUG 2025-05-03 12:27:12,710 autoreload File C:\Users\user\AppData\Local\Programs\Python\Python312\Lib\json\decoder.py first seen with mtime 1738667112.0
DEBUG 2025-05-03 12:27:12,710 autoreload File C:\Users\user\AppData\Local\Programs\Python\Python312\Lib\zoneinfo\_tzpath.py first seen with mtime 1738667114.0
DEBUG 2025-05-03 12:27:12,710 autoreload File C:\Users\user\AppData\Local\pypoetry\Cache\virtualenvs\djangologging-R3W2srQ6-py3.12\Lib\site-packages\django\core\management\commands\__init__.py first seen with mtime 1746256411.833639
DEBUG 2025-05-03 12:27:12,710 autoreload File C:\Users\user\AppData\Local\pypoetry\Cache\virtualenvs\djangologging-R3W2srQ6-py3.12\Lib\site-packages\django\core\files\storage\handler.py first seen with mtime 1746256411.8211155
DEBUG 2025-05-03 12:27:12,711 autoreload File C:\Users\user\AppData\Local\pypoetry\Cache\virtualenvs\djangologging-R3W2srQ6-py3.12\Lib\site-packages\starlette\__init__.py first seen with mtime 1746256717.1554277
DEBUG 2025-05-03 12:27:12,711 autoreload File C:\Users\user\AppData\Local\pypoetry\Cache\virtualenvs\djangologging-R3W2srQ6-py3.12\Lib\site-packages\anyio\_core\_tempfile.py first seen with mtime 1746256717.0552845
DEBUG 2025-05-03 12:27:12,711 autoreload File C:\Users\user\AppData\Local\Programs\Python\Python312\Lib\email\mime\__init__.py first seen with mtime 1738667112.0
DEBUG 2025-05-03 12:27:12,711 autoreload File C:\Users\user\AppData\Local\pypoetry\Cache\virtualenvs\djangologging-R3W2srQ6-py3.12\Lib\site-packages\sqlparse\engine\statement_splitter.py first seen with mtime 1746256409.5334206
DEBUG 2025-05-03 12:27:12,711 autoreload File C:\Users\user\AppData\Local\pypoetry\Cache\virtualenvs\djangologging-R3W2srQ6-py3.12\Lib\site-packages\anyio\abc\_subprocesses.py first seen with mtime 1746256717.060106
DEBUG 2025-05-03 12:27:12,711 autoreload File C:\Users\user\AppData\Local\pypoetry\Cache\virtualenvs\djangologging-R3W2srQ6-py3.12\Lib\site-packages\django\db\models\fields\related_lookups.py first seen with mtime 1746256411.907968
DEBUG 2025-05-03 12:27:12,711 autoreload File C:\Users\user\AppData\Local\pypoetry\Cache\virtualenvs\djangologging-R3W2srQ6-py3.12\Lib\site-packages\sqlparse\utils.py first seen with mtime 1746256409.530897
DEBUG 2025-05-03 12:27:12,712 autoreload File C:\Users\user\AppData\Local\pypoetry\Cache\virtualenvs\djangologging-R3W2srQ6-py3.12\Lib\site-packages\django\db\models\fields\mixins.py first seen with mtime 1746256411.905233
DEBUG 2025-05-03 12:27:12,712 autoreload File C:\Users\user\AppData\Local\pypoetry\Cache\virtualenvs\djangologging-R3W2srQ6-py3.12\Lib\site-packages\django\db\models\fields\composite.py first seen with mtime 1746256411.9038277
DEBUG 2025-05-03 12:27:12,712 autoreload File C:\Users\user\AppData\Local\pypoetry\Cache\virtualenvs\djangologging-R3W2srQ6-py3.12\Lib\site-packages\django\template\loader_tags.py first seen with mtime 1746256411.9778478
DEBUG 2025-05-03 12:27:12,712 autoreload File C:\Users\user\AppData\Local\pypoetry\Cache\virtualenvs\djangologging-R3W2srQ6-py3.12\Lib\site-packages\django\utils\version.py first seen with mtime 1746256412.012114
DEBUG 2025-05-03 12:27:12,712 autoreload File C:\Users\user\AppData\Local\pypoetry\Cache\virtualenvs\djangologging-R3W2srQ6-py3.12\Lib\site-packages\django\utils\termcolors.py first seen with mtime 1746256412.010488
DEBUG 2025-05-03 12:27:12,712 autoreload File C:\Users\user\AppData\Local\Programs\Python\Python312\Lib\concurrent\futures\_base.py first seen with mtime 1738667112.0
DEBUG 2025-05-03 12:27:12,713 autoreload File C:\Users\user\AppData\Local\pypoetry\Cache\virtualenvs\djangologging-R3W2srQ6-py3.12\Lib\site-packages\django\middleware\security.py first seen with mtime 1746256411.970941
DEBUG 2025-05-03 12:27:12,713 autoreload File C:\Users\user\AppData\Local\Programs\Python\Python312\Lib\concurrent\futures\__init__.py first seen with mtime 1738667112.0
DEBUG 2025-05-03 12:27:12,713 autoreload File C:\Users\user\AppData\Local\pypoetry\Cache\virtualenvs\djangologging-R3W2srQ6-py3.12\Lib\site-packages\django\db\backends\sqlite3\base.py first seen with mtime 1746256411.8798387
DEBUG 2025-05-03 12:27:12,713 autoreload File C:\Users\user\AppData\Local\pypoetry\Cache\virtualenvs\djangologging-R3W2srQ6-py3.12\Lib\site-packages\django\contrib\contenttypes\apps.py first seen with mtime 1746256410.7990339
DEBUG 2025-05-03 12:27:12,713 autoreload File C:\Users\user\AppData\Local\Programs\Python\Python312\Lib\traceback.py first seen with mtime 1738667114.0
DEBUG 2025-05-03 12:27:12,713 autoreload File C:\Users\user\AppData\Local\Programs\Python\Python312\Lib\email\_policybase.py first seen with mtime 1738667112.0
DEBUG 2025-05-03 12:27:12,713 autoreload File C:\Users\user\AppData\Local\Programs\Python\Python312\Lib\asyncio\trsock.py first seen with mtime 1738667112.0
DEBUG 2025-05-03 12:27:12,714 autoreload File C:\Users\user\AppData\Local\pypoetry\Cache\virtualenvs\djangologging-R3W2srQ6-py3.12\Lib\site-packages\django\utils\dates.py first seen with mtime 1746256412.0010698
DEBUG 2025-05-03 12:27:12,714 autoreload File C:\Users\user\AppData\Local\pypoetry\Cache\virtualenvs\djangologging-R3W2srQ6-py3.12\Lib\site-packages\django\contrib\admin\templatetags\admin_urls.py first seen with mtime 1746256410.5392795
DEBUG 2025-05-03 12:27:12,714 autoreload File C:\Users\user\AppData\Local\pypoetry\Cache\virtualenvs\djangologging-R3W2srQ6-py3.12\Lib\site-packages\django\contrib\admin\exceptions.py first seen with mtime 1746256410.2112896
DEBUG 2025-05-03 12:27:12,714 autoreload File C:\Users\user\AppData\Local\pypoetry\Cache\virtualenvs\djangologging-R3W2srQ6-py3.12\Lib\site-packages\django\conf\global_settings.py first seen with mtime 1746256410.0025756
DEBUG 2025-05-03 12:27:12,714 autoreload File C:\Users\user\AppData\Local\pypoetry\Cache\virtualenvs\djangologging-R3W2srQ6-py3.12\Lib\site-packages\anyio\_core\_exceptions.py first seen with mtime 1746256717.0508645
DEBUG 2025-05-03 12:27:12,714 autoreload File C:\Users\user\AppData\Local\pypoetry\Cache\virtualenvs\djangologging-R3W2srQ6-py3.12\Lib\site-packages\django\conf\urls\__init__.py first seen with mtime 1746256410.20771
DEBUG 2025-05-03 12:27:12,715 autoreload File C:\Users\user\AppData\Local\pypoetry\Cache\virtualenvs\djangologging-R3W2srQ6-py3.12\Lib\site-packages\django\utils\__init__.py first seen with mtime 1746256411.9955611
DEBUG 2025-05-03 12:27:12,715 autoreload File C:\Users\user\AppData\Local\pypoetry\Cache\virtualenvs\djangologging-R3W2srQ6-py3.12\Lib\site-packages\django\contrib\auth\views.py first seen with mtime 1746256410.6725228
DEBUG 2025-05-03 12:27:12,715 autoreload File C:\Users\user\AppData\Local\Programs\Python\Python312\Lib\asyncio\queues.py first seen with mtime 1738667112.0
DEBUG 2025-05-03 12:27:12,715 autoreload File C:\Users\user\AppData\Local\pypoetry\Cache\virtualenvs\djangologging-R3W2srQ6-py3.12\Lib\site-packages\django\core\files\images.py first seen with mtime 1746256411.8167593
DEBUG 2025-05-03 12:27:12,715 autoreload File C:\Users\user\AppData\Local\pypoetry\Cache\virtualenvs\djangologging-R3W2srQ6-py3.12\Lib\site-packages\django\contrib\messages\api.py first seen with mtime 1746256411.3321464
DEBUG 2025-05-03 12:27:12,715 autoreload File C:\Users\user\AppData\Local\pypoetry\Cache\virtualenvs\djangologging-R3W2srQ6-py3.12\Lib\site-packages\django\contrib\sessions\middleware.py first seen with mtime 1746256411.5499372
DEBUG 2025-05-03 12:27:12,715 autoreload File C:\Users\user\AppData\Local\Programs\Python\Python312\Lib\_compat_pickle.py first seen with mtime 1738667112.0
DEBUG 2025-05-03 12:27:12,716 autoreload File C:\Users\user\AppData\Local\Programs\Python\Python312\Lib\asyncio\mixins.py first seen with mtime 1738667112.0
DEBUG 2025-05-03 12:27:12,716 autoreload File C:\Users\user\AppData\Local\Programs\Python\Python312\Lib\json\encoder.py first seen with mtime 1738667112.0
DEBUG 2025-05-03 12:27:12,716 autoreload File C:\Users\user\AppData\Local\Programs\Python\Python312\Lib\re\_compiler.py first seen with mtime 1738667112.0
DEBUG 2025-05-03 12:27:12,716 autoreload File C:\Users\user\AppData\Local\Programs\Python\Python312\Lib\ctypes\wintypes.py first seen with mtime 1738667112.0
DEBUG 2025-05-03 12:27:12,716 autoreload File C:\Users\user\AppData\Local\Programs\Python\Python312\Lib\opcode.py first seen with mtime 1738667112.0
DEBUG 2025-05-03 12:27:12,716 autoreload File C:\Users\user\AppData\Local\pypoetry\Cache\virtualenvs\djangologging-R3W2srQ6-py3.12\Lib\site-packages\django\template\__init__.py first seen with mtime 1746256411.970941
DEBUG 2025-05-03 12:27:12,716 autoreload File C:\Users\user\AppData\Local\pypoetry\Cache\virtualenvs\djangologging-R3W2srQ6-py3.12\Lib\site-packages\django\db\models\options.py first seen with mtime 1746256411.900443
DEBUG 2025-05-03 12:27:12,716 autoreload File C:\Users\user\AppData\Local\pypoetry\Cache\virtualenvs\djangologging-R3W2srQ6-py3.12\Lib\site-packages\django\template\context.py first seen with mtime 1746256411.9724474
DEBUG 2025-05-03 12:27:12,716 autoreload File C:\Users\user\AppData\Local\pypoetry\Cache\virtualenvs\djangologging-R3W2srQ6-py3.12\Lib\site-packages\django\core\checks\__init__.py first seen with mtime 1746256411.8078442
DEBUG 2025-05-03 12:27:12,718 autoreload File C:\Users\user\AppData\Local\pypoetry\Cache\virtualenvs\djangologging-R3W2srQ6-py3.12\Lib\site-packages\django\views\generic\detail.py first seen with mtime 1746256412.0234709
DEBUG 2025-05-03 12:27:12,718 autoreload File C:\Users\user\AppData\Local\Programs\Python\Python312\Lib\asyncio\runners.py first seen with mtime 1738667112.0
DEBUG 2025-05-03 12:27:12,718 autoreload File C:\Users\user\AppData\Local\Programs\Python\Python312\Lib\shutil.py first seen with mtime 1738667112.0
DEBUG 2025-05-03 12:27:12,718 autoreload File C:\Users\user\AppData\Local\Programs\Python\Python312\Lib\struct.py first seen with mtime 1738667112.0
DEBUG 2025-05-03 12:27:12,718 autoreload File C:\Users\user\AppData\Local\pypoetry\Cache\virtualenvs\djangologging-R3W2srQ6-py3.12\Lib\site-packages\sqlparse\cli.py first seen with mtime 1746256409.5274873
DEBUG 2025-05-03 12:27:12,718 autoreload File C:\Users\user\AppData\Local\pypoetry\Cache\virtualenvs\djangologging-R3W2srQ6-py3.12\Lib\site-packages\django\utils\timesince.py first seen with mtime 1746256412.011611
DEBUG 2025-05-03 12:27:12,718 autoreload File C:\Users\user\AppData\Local\Programs\Python\Python312\Lib\email\_parseaddr.py first seen with mtime 1738667112.0
DEBUG 2025-05-03 12:27:12,719 autoreload File C:\Users\user\AppData\Local\pypoetry\Cache\virtualenvs\djangologging-R3W2srQ6-py3.12\Lib\site-packages\django\db\models\constants.py first seen with mtime 1746256411.8955238
DEBUG 2025-05-03 12:27:12,719 autoreload File C:\Users\user\AppData\Local\pypoetry\Cache\virtualenvs\djangologging-R3W2srQ6-py3.12\Lib\site-packages\sqlparse\filters\output.py first seen with mtime 1746256409.5356703
DEBUG 2025-05-03 12:27:12,719 autoreload File C:\Users\user\AppData\Local\pypoetry\Cache\virtualenvs\djangologging-R3W2srQ6-py3.12\Lib\site-packages\django\core\checks\database.py first seen with mtime 1746256411.808906
DEBUG 2025-05-03 12:27:12,719 autoreload File C:\Users\user\AppData\Local\Programs\Python\Python312\Lib\http\client.py first seen with mtime 1738667112.0
DEBUG 2025-05-03 12:27:12,719 autoreload File C:\Users\user\AppData\Local\pypoetry\Cache\virtualenvs\djangologging-R3W2srQ6-py3.12\Lib\site-packages\django\views\generic\base.py first seen with mtime 1746256412.0223968
DEBUG 2025-05-03 12:27:12,719 autoreload File C:\Users\user\AppData\Local\pypoetry\Cache\virtualenvs\djangologging-R3W2srQ6-py3.12\Lib\site-packages\sqlparse\filters\reindent.py first seen with mtime 1746256409.536673
DEBUG 2025-05-03 12:27:12,720 autoreload File C:\Users\user\AppData\Local\pypoetry\Cache\virtualenvs\djangologging-R3W2srQ6-py3.12\Lib\site-packages\django\forms\utils.py first seen with mtime 1746256411.9223197
DEBUG 2025-05-03 12:27:12,720 autoreload File C:\Users\user\AppData\Local\pypoetry\Cache\virtualenvs\djangologging-R3W2srQ6-py3.12\Lib\site-packages\django\contrib\admin\templatetags\admin_modify.py first seen with mtime 1746256410.5392795
DEBUG 2025-05-03 12:27:12,720 autoreload File C:\Users\user\AppData\Local\pypoetry\Cache\virtualenvs\djangologging-R3W2srQ6-py3.12\Lib\site-packages\django\db\backends\__init__.py first seen with mtime 1746256411.8538966
DEBUG 2025-05-03 12:27:12,720 autoreload File C:\Users\user\AppData\Local\pypoetry\Cache\virtualenvs\djangologging-R3W2srQ6-py3.12\Lib\site-packages\django\db\migrations\operations\special.py first seen with mtime 1746256411.89381
DEBUG 2025-05-03 12:27:12,720 autoreload File C:\Users\user\AppData\Local\pypoetry\Cache\virtualenvs\djangologging-R3W2srQ6-py3.12\Lib\site-packages\django\templatetags\static.py first seen with mtime 1746256411.9869876
DEBUG 2025-05-03 12:27:12,720 autoreload File C:\Users\user\AppData\Local\pypoetry\Cache\virtualenvs\djangologging-R3W2srQ6-py3.12\Lib\site-packages\django\contrib\auth\__init__.py first seen with mtime 1746256410.663787
DEBUG 2025-05-03 12:27:12,721 autoreload File C:\Users\user\AppData\Local\pypoetry\Cache\virtualenvs\djangologging-R3W2srQ6-py3.12\Lib\site-packages\anyio\abc\_streams.py first seen with mtime 1746256717.060106
DEBUG 2025-05-03 12:27:12,721 autoreload File C:\Users\user\AppData\Local\Programs\Python\Python312\Lib\socket.py first seen with mtime 1738667112.0
DEBUG 2025-05-03 12:27:12,721 autoreload File C:\Users\user\AppData\Local\Programs\Python\Python312\Lib\types.py first seen with mtime 1738667114.0
DEBUG 2025-05-03 12:27:12,721 autoreload File C:\Users\user\AppData\Local\pypoetry\Cache\virtualenvs\djangologging-R3W2srQ6-py3.12\Lib\site-packages\django\db\models\sql\query.py first seen with mtime 1746256411.9159045
DEBUG 2025-05-03 12:27:12,721 autoreload File C:\Users\user\AppData\Local\pypoetry\Cache\virtualenvs\djangologging-R3W2srQ6-py3.12\Lib\site-packages\django\apps\__init__.py first seen with mtime 1746256410.0010693
DEBUG 2025-05-03 12:27:12,721 autoreload File C:\Users\user\AppData\Local\Programs\Python\Python312\Lib\email\generator.py first seen with mtime 1738667112.0
DEBUG 2025-05-03 12:27:12,721 autoreload File C:\Users\user\AppData\Local\pypoetry\Cache\virtualenvs\djangologging-R3W2srQ6-py3.12\Lib\site-packages\django\db\backends\sqlite3\introspection.py first seen with mtime 1746256411.8823473
DEBUG 2025-05-03 12:27:12,722 autoreload File C:\Users\user\AppData\Local\pypoetry\Cache\virtualenvs\djangologging-R3W2srQ6-py3.12\Lib\site-packages\django\views\decorators\__init__.py first seen with mtime 1746256412.0183396
DEBUG 2025-05-03 12:27:12,722 autoreload File C:\Users\user\AppData\Local\pypoetry\Cache\virtualenvs\djangologging-R3W2srQ6-py3.12\Lib\site-packages\django\contrib\staticfiles\management\commands\__init__.py first seen with mtime 1746256411.7955227
DEBUG 2025-05-03 12:27:12,722 autoreload File C:\Users\user\AppData\Local\Programs\Python\Python312\Lib\hmac.py first seen with mtime 1738667112.0
DEBUG 2025-05-03 12:27:12,722 autoreload File C:\Users\user\AppData\Local\Programs\Python\Python312\Lib\email\header.py first seen with mtime 1738667112.0
DEBUG 2025-05-03 12:27:12,722 autoreload File C:\Users\user\AppData\Local\Programs\Python\Python312\Lib\queue.py first seen with mtime 1738667112.0
DEBUG 2025-05-03 12:27:12,722 autoreload File C:\Users\user\AppData\Local\pypoetry\Cache\virtualenvs\djangologging-R3W2srQ6-py3.12\Lib\site-packages\django\core\signals.py first seen with mtime 1746256411.8005147
DEBUG 2025-05-03 12:27:12,723 autoreload File C:\Users\user\AppData\Local\Programs\Python\Python312\Lib\token.py first seen with mtime 1738667114.0
DEBUG 2025-05-03 12:27:12,723 autoreload File C:\Users\user\AppData\Local\pypoetry\Cache\virtualenvs\djangologging-R3W2srQ6-py3.12\Lib\site-packages\anyio\to_thread.py first seen with mtime 1746256717.0478442
DEBUG 2025-05-03 12:27:12,723 autoreload File C:\Users\user\AppData\Local\Programs\Python\Python312\DLLs\_socket.pyd first seen with mtime 1738667166.0
DEBUG 2025-05-03 12:27:12,723 autoreload File C:\Users\user\AppData\Local\pypoetry\Cache\virtualenvs\djangologging-R3W2srQ6-py3.12\Lib\site-packages\anyio\abc\__init__.py first seen with mtime 1746256717.0577502
DEBUG 2025-05-03 12:27:12,723 autoreload File C:\Users\user\AppData\Local\pypoetry\Cache\virtualenvs\djangologging-R3W2srQ6-py3.12\Lib\site-packages\django\http\__init__.py first seen with mtime 1746256411.964735
DEBUG 2025-05-03 12:27:12,723 autoreload File C:\Users\user\AppData\Local\Programs\Python\Python312\Lib\html\entities.py first seen with mtime 1738667112.0
DEBUG 2025-05-03 12:27:12,723 autoreload File C:\Users\user\AppData\Local\Programs\Python\Python312\Lib\multiprocessing\context.py first seen with mtime 1738667112.0
DEBUG 2025-05-03 12:27:12,723 autoreload File C:\Users\user\AppData\Local\pypoetry\Cache\virtualenvs\djangologging-R3W2srQ6-py3.12\Lib\site-packages\anyio\streams\tls.py first seen with mtime 1746256717.0644045
DEBUG 2025-05-03 12:27:12,723 autoreload File C:\Users\user\AppData\Local\pypoetry\Cache\virtualenvs\djangologging-R3W2srQ6-py3.12\Lib\site-packages\django\db\backends\ddl_references.py first seen with mtime 1746256411.8549006
DEBUG 2025-05-03 12:27:12,724 autoreload File C:\Users\user\AppData\Local\Programs\Python\Python312\Lib\sysconfig.py first seen with mtime 1738667112.0
DEBUG 2025-05-03 12:27:12,724 autoreload File C:\Users\user\AppData\Local\Programs\Python\Python312\Lib\argparse.py first seen with mtime 1738667112.0
DEBUG 2025-05-03 12:27:12,724 autoreload File C:\Users\user\AppData\Local\Programs\Python\Python312\DLLs\_overlapped.pyd first seen with mtime 1738667166.0
DEBUG 2025-05-03 12:27:12,724 autoreload File C:\Users\user\AppData\Local\pypoetry\Cache\virtualenvs\djangologging-R3W2srQ6-py3.12\Lib\site-packages\django\contrib\admin\templatetags\__init__.py first seen with mtime 1746256410.5382652
DEBUG 2025-05-03 12:27:12,724 autoreload File C:\Users\user\AppData\Local\Programs\Python\Python312\Lib\threading.py first seen with mtime 1738667114.0
DEBUG 2025-05-03 12:27:12,724 autoreload File C:\Users\user\AppData\Local\pypoetry\Cache\virtualenvs\djangologging-R3W2srQ6-py3.12\Lib\site-packages\django\db\models\functions\json.py first seen with mtime 1746256411.9108667
DEBUG 2025-05-03 12:27:12,725 autoreload File C:\Users\user\AppData\Local\Programs\Python\Python312\Lib\logging\handlers.py first seen with mtime 1738667112.0
DEBUG 2025-05-03 12:27:12,725 autoreload File C:\Users\user\AppData\Local\Programs\Python\Python312\Lib\email\policy.py first seen with mtime 1738667112.0
DEBUG 2025-05-03 12:27:12,725 autoreload File C:\Users\user\AppData\Local\pypoetry\Cache\virtualenvs\djangologging-R3W2srQ6-py3.12\Lib\site-packages\django\contrib\admin\__init__.py first seen with mtime 1746256410.2087321
DEBUG 2025-05-03 12:27:12,725 autoreload File C:\Users\user\AppData\Local\Programs\Python\Python312\Lib\encodings\utf_8.py first seen with mtime 1738667112.0
DEBUG 2025-05-03 12:27:12,725 autoreload File C:\Users\user\AppData\Local\pypoetry\Cache\virtualenvs\djangologging-R3W2srQ6-py3.12\Lib\site-packages\django\utils\ipv6.py first seen with mtime 1746256412.0068316
DEBUG 2025-05-03 12:27:12,725 autoreload File C:\Users\user\AppData\Local\Programs\Python\Python312\Lib\asyncio\windows_events.py first seen with mtime 1738667112.0
DEBUG 2025-05-03 12:27:12,726 autoreload File C:\Users\user\AppData\Local\Programs\Python\Python312\Lib\gettext.py first seen with mtime 1738667112.0
DEBUG 2025-05-03 12:27:12,726 autoreload File C:\Users\user\AppData\Local\pypoetry\Cache\virtualenvs\djangologging-R3W2srQ6-py3.12\Lib\site-packages\django\contrib\contenttypes\__init__.py first seen with mtime 1746256410.797899
DEBUG 2025-05-03 12:27:12,726 autoreload File C:\Users\user\AppData\Local\pypoetry\Cache\virtualenvs\djangologging-R3W2srQ6-py3.12\Lib\site-packages\django\db\models\functions\datetime.py first seen with mtime 1746256411.9108667
DEBUG 2025-05-03 12:27:12,726 autoreload File C:\Users\user\AppData\Local\pypoetry\Cache\virtualenvs\djangologging-R3W2srQ6-py3.12\Lib\site-packages\django\utils\formats.py first seen with mtime 1746256412.0039809
DEBUG 2025-05-03 12:27:12,726 autoreload File C:\Users\user\AppData\Local\pypoetry\Cache\virtualenvs\djangologging-R3W2srQ6-py3.12\Lib\site-packages\django\db\models\functions\window.py first seen with mtime 1746256411.912372
DEBUG 2025-05-03 12:27:12,726 autoreload File C:\Users\user\AppData\Local\Programs\Python\Python312\Lib\glob.py first seen with mtime 1738667112.0
DEBUG 2025-05-03 12:27:12,727 autoreload File C:\Users\user\AppData\Local\pypoetry\Cache\virtualenvs\djangologging-R3W2srQ6-py3.12\Lib\site-packages\django\templatetags\cache.py first seen with mtime 1746256411.9850018
DEBUG 2025-05-03 12:27:12,727 autoreload File C:\Users\user\AppData\Local\pypoetry\Cache\virtualenvs\djangologging-R3W2srQ6-py3.12\Lib\site-packages\django\__init__.py first seen with mtime 1746256409.9989858
DEBUG 2025-05-03 12:27:12,727 autoreload File C:\Users\user\AppData\Local\pypoetry\Cache\virtualenvs\djangologging-R3W2srQ6-py3.12\Lib\site-packages\django\template\backends\base.py first seen with mtime 1746256411.980354
DEBUG 2025-05-03 12:27:12,727 autoreload File C:\Users\user\AppData\Local\Programs\Python\Python312\Lib\email\errors.py first seen with mtime 1738667112.0
DEBUG 2025-05-03 12:27:12,727 autoreload File C:\Users\user\AppData\Local\Programs\Python\Python312\Lib\tempfile.py first seen with mtime 1738667112.0
DEBUG 2025-05-03 12:27:12,727 autoreload File C:\Users\user\AppData\Local\Programs\Python\Python312\Lib\email\message.py first seen with mtime 1738667112.0
DEBUG 2025-05-03 12:27:12,727 autoreload File C:\Users\user\AppData\Local\pypoetry\Cache\virtualenvs\djangologging-R3W2srQ6-py3.12\Lib\site-packages\django\core\files\storage\__init__.py first seen with mtime 1746256411.8190231
DEBUG 2025-05-03 12:27:12,727 autoreload File C:\Users\user\AppData\Local\pypoetry\Cache\virtualenvs\djangologging-R3W2srQ6-py3.12\Lib\site-packages\django\utils\module_loading.py first seen with mtime 1746256412.0078921
DEBUG 2025-05-03 12:27:12,727 autoreload File C:\Users\user\AppData\Local\Programs\Python\Python312\Lib\email\__init__.py first seen with mtime 1738667112.0
DEBUG 2025-05-03 12:27:12,729 autoreload File C:\Users\user\AppData\Local\pypoetry\Cache\virtualenvs\djangologging-R3W2srQ6-py3.12\Lib\site-packages\django\db\backends\sqlite3\client.py first seen with mtime 1746256411.8808417
DEBUG 2025-05-03 12:27:12,729 autoreload File C:\Users\user\AppData\Local\pypoetry\Cache\virtualenvs\djangologging-R3W2srQ6-py3.12\Lib\site-packages\starlette\datastructures.py first seen with mtime 1746256717.1601782
DEBUG 2025-05-03 12:27:12,729 autoreload File C:\Users\user\AppData\Local\pypoetry\Cache\virtualenvs\djangologging-R3W2srQ6-py3.12\Lib\site-packages\django\db\backends\base\operations.py first seen with mtime 1746256411.859545
DEBUG 2025-05-03 12:27:12,729 autoreload File C:\Users\user\AppData\Local\pypoetry\Cache\virtualenvs\djangologging-R3W2srQ6-py3.12\Lib\site-packages\anyio\_core\_tasks.py first seen with mtime 1746256717.0552845
DEBUG 2025-05-03 12:27:12,729 autoreload File C:\Users\user\AppData\Local\pypoetry\Cache\virtualenvs\djangologging-R3W2srQ6-py3.12\Lib\site-packages\django\core\checks\model_checks.py first seen with mtime 1746256411.8101928
DEBUG 2025-05-03 12:27:12,729 autoreload File C:\Users\user\AppData\Local\pypoetry\Cache\virtualenvs\djangologging-R3W2srQ6-py3.12\Lib\site-packages\django\urls\__init__.py first seen with mtime 1746256411.9924395
DEBUG 2025-05-03 12:27:12,729 autoreload File C:\Users\user\AppData\Local\pypoetry\Cache\virtualenvs\djangologging-R3W2srQ6-py3.12\Lib\site-packages\django\contrib\admin\options.py first seen with mtime 1746256410.2145782
DEBUG 2025-05-03 12:27:12,730 autoreload File C:\Users\user\AppData\Local\Programs\Python\Python312\Lib\importlib\_abc.py first seen with mtime 1738667112.0
DEBUG 2025-05-03 12:27:12,730 autoreload File C:\Users\user\AppData\Local\Programs\Python\Python312\Lib\asyncio\threads.py first seen with mtime 1738667112.0
DEBUG 2025-05-03 12:27:12,730 autoreload File C:\Users\user\AppData\Local\pypoetry\Cache\virtualenvs\djangologging-R3W2srQ6-py3.12\Lib\site-packages\django\core\files\uploadhandler.py first seen with mtime 1746256411.817969
DEBUG 2025-05-03 12:27:12,730 autoreload File C:\Users\user\AppData\Local\pypoetry\Cache\virtualenvs\djangologging-R3W2srQ6-py3.12\Lib\site-packages\django\db\models\fields\files.py first seen with mtime 1746256411.9038277
DEBUG 2025-05-03 12:27:12,730 autoreload File C:\Users\user\AppData\Local\Programs\Python\Python312\Lib\urllib\__init__.py first seen with mtime 1738667114.0
DEBUG 2025-05-03 12:27:12,730 autoreload File C:\Users\user\AppData\Local\pypoetry\Cache\virtualenvs\djangologging-R3W2srQ6-py3.12\Lib\site-packages\django\template\base.py first seen with mtime 1746256411.9724474
DEBUG 2025-05-03 12:27:12,731 autoreload File C:\Users\user\AppData\Local\pypoetry\Cache\virtualenvs\djangologging-R3W2srQ6-py3.12\Lib\site-packages\django\views\decorators\common.py first seen with mtime 1746256412.01954
DEBUG 2025-05-03 12:27:12,731 autoreload File C:\Users\user\AppData\Local\Programs\Python\Python312\Lib\decimal.py first seen with mtime 1738667112.0
DEBUG 2025-05-03 12:27:12,731 autoreload File C:\Users\user\AppData\Local\pypoetry\Cache\virtualenvs\djangologging-R3W2srQ6-py3.12\Lib\site-packages\django\utils\deconstruct.py first seen with mtime 1746256412.0010698
DEBUG 2025-05-03 12:27:12,731 autoreload File C:\Users\user\AppData\Local\pypoetry\Cache\virtualenvs\djangologging-R3W2srQ6-py3.12\Lib\site-packages\django\db\models\constraints.py first seen with mtime 1746256411.8967454
DEBUG 2025-05-03 12:27:12,731 autoreload File C:\Users\user\AppData\Local\Programs\Python\Python312\Lib\uuid.py first seen with mtime 1738667114.0
DEBUG 2025-05-03 12:27:12,731 autoreload File C:\Users\user\AppData\Local\pypoetry\Cache\virtualenvs\djangologging-R3W2srQ6-py3.12\Lib\site-packages\django\db\models\deletion.py first seen with mtime 1746256411.8967454
DEBUG 2025-05-03 12:27:12,732 autoreload File C:\Users\user\AppData\Local\pypoetry\Cache\virtualenvs\djangologging-R3W2srQ6-py3.12\Lib\site-packages\django\contrib\admin\sites.py first seen with mtime 1746256410.2145782
DEBUG 2025-05-03 12:27:12,732 autoreload File C:\Users\user\AppData\Local\pypoetry\Cache\virtualenvs\djangologging-R3W2srQ6-py3.12\Lib\site-packages\sqlparse\engine\__init__.py first seen with mtime 1746256409.530897
DEBUG 2025-05-03 12:27:12,732 autoreload File C:\Users\user\AppData\Local\pypoetry\Cache\virtualenvs\djangologging-R3W2srQ6-py3.12\Lib\site-packages\django\utils\lorem_ipsum.py first seen with mtime 1746256412.0078921
DEBUG 2025-05-03 12:27:12,732 autoreload File C:\Users\user\AppData\Local\pypoetry\Cache\virtualenvs\djangologging-R3W2srQ6-py3.12\Lib\site-packages\django\db\models\functions\__init__.py first seen with mtime 1746256411.909868
DEBUG 2025-05-03 12:27:12,732 autoreload File C:\Users\user\AppData\Local\pypoetry\Cache\virtualenvs\djangologging-R3W2srQ6-py3.12\Lib\site-packages\anyio\from_thread.py first seen with mtime 1746256717.0453887
DEBUG 2025-05-03 12:27:12,732 autoreload File C:\Users\user\AppData\Local\Programs\Python\Python312\Lib\operator.py first seen with mtime 1738667112.0
DEBUG 2025-05-03 12:27:12,732 autoreload File C:\Users\user\AppData\Local\pypoetry\Cache\virtualenvs\djangologging-R3W2srQ6-py3.12\Lib\site-packages\django\template\defaultfilters.py first seen with mtime 1746256411.974392
DEBUG 2025-05-03 12:27:12,733 autoreload File C:\Users\user\AppData\Local\pypoetry\Cache\virtualenvs\djangologging-R3W2srQ6-py3.12\Lib\site-packages\django\utils\translation\trans_real.py first seen with mtime 1746256412.0151374
DEBUG 2025-05-03 12:27:12,733 autoreload File C:\Users\user\AppData\Local\pypoetry\Cache\virtualenvs\djangologging-R3W2srQ6-py3.12\Lib\site-packages\sqlparse\filters\__init__.py first seen with mtime 1746256409.5334206
DEBUG 2025-05-03 12:27:12,733 autoreload File C:\Users\user\AppData\Local\pypoetry\Cache\virtualenvs\djangologging-R3W2srQ6-py3.12\Lib\site-packages\django\forms\renderers.py first seen with mtime 1746256411.9223197
DEBUG 2025-05-03 12:27:12,733 autoreload File C:\Users\user\AppData\Local\pypoetry\Cache\virtualenvs\djangologging-R3W2srQ6-py3.12\Lib\site-packages\django\contrib\auth\forms.py first seen with mtime 1746256410.6684692
DEBUG 2025-05-03 12:27:12,733 autoreload File C:\Users\user\AppData\Local\pypoetry\Cache\virtualenvs\djangologging-R3W2srQ6-py3.12\Lib\site-packages\django\contrib\admin\templatetags\base.py first seen with mtime 1746256410.5404077
DEBUG 2025-05-03 12:27:12,733 autoreload File C:\Users\user\AppData\Local\pypoetry\Cache\virtualenvs\djangologging-R3W2srQ6-py3.12\Lib\site-packages\django\contrib\messages\utils.py first seen with mtime 1746256411.3321464
DEBUG 2025-05-03 12:27:12,734 autoreload File C:\Users\user\AppData\Local\pypoetry\Cache\virtualenvs\djangologging-R3W2srQ6-py3.12\Lib\site-packages\sqlparse\formatter.py first seen with mtime 1746256409.5288763
DEBUG 2025-05-03 12:27:12,734 autoreload File C:\Users\user\AppData\Local\pypoetry\Cache\virtualenvs\djangologging-R3W2srQ6-py3.12\Lib\site-packages\django\core\files\temp.py first seen with mtime 1746256411.817969
DEBUG 2025-05-03 12:27:12,734 autoreload File C:\Users\user\AppData\Local\pypoetry\Cache\virtualenvs\djangologging-R3W2srQ6-py3.12\Lib\site-packages\django\contrib\staticfiles\__init__.py first seen with mtime 1746256411.7903342
DEBUG 2025-05-03 12:27:12,734 autoreload File C:\Users\user\AppData\Local\Programs\Python\Python312\Lib\encodings\__init__.py first seen with mtime 1738667112.0
DEBUG 2025-05-03 12:27:12,734 autoreload File C:\Users\user\AppData\Local\pypoetry\Cache\virtualenvs\djangologging-R3W2srQ6-py3.12\Lib\site-packages\django\contrib\auth\middleware.py first seen with mtime 1746256410.6684692
DEBUG 2025-05-03 12:27:12,734 autoreload File C:\Users\user\AppData\Local\Programs\Python\Python312\Lib\pickle.py first seen with mtime 1738667112.0
DEBUG 2025-05-03 12:27:12,734 autoreload File C:\Users\user\AppData\Local\pypoetry\Cache\virtualenvs\djangologging-R3W2srQ6-py3.12\Lib\site-packages\django\core\files\storage\mixins.py first seen with mtime 1746256411.822113
DEBUG 2025-05-03 12:27:12,734 autoreload File C:\Users\user\AppData\Local\Programs\Python\Python312\Lib\ast.py first seen with mtime 1738667112.0
DEBUG 2025-05-03 12:27:12,735 autoreload File C:\Users\user\AppData\Local\pypoetry\Cache\virtualenvs\djangologging-R3W2srQ6-py3.12\Lib\site-packages\django\db\models\expressions.py first seen with mtime 1746256411.898209
DEBUG 2025-05-03 12:27:12,735 autoreload File C:\Users\user\AppData\Local\pypoetry\Cache\virtualenvs\djangologging-R3W2srQ6-py3.12\Lib\site-packages\anyio\_core\_typedattr.py first seen with mtime 1746256717.056639
DEBUG 2025-05-03 12:27:12,735 autoreload File C:\Users\user\AppData\Local\Programs\Python\Python312\Lib\lzma.py first seen with mtime 1738667112.0
DEBUG 2025-05-03 12:27:12,735 autoreload File C:\Users\user\AppData\Local\pypoetry\Cache\virtualenvs\djangologging-R3W2srQ6-py3.12\Lib\site-packages\django\db\models\fields\tuple_lookups.py first seen with mtime 1746256411.909403
DEBUG 2025-05-03 12:27:12,735 autoreload File C:\Users\user\AppData\Local\pypoetry\Cache\virtualenvs\djangologging-R3W2srQ6-py3.12\Lib\site-packages\django\core\checks\caches.py first seen with mtime 1746256411.8078442
DEBUG 2025-05-03 12:27:12,735 autoreload File C:\Users\user\AppData\Local\pypoetry\Cache\virtualenvs\djangologging-R3W2srQ6-py3.12\Lib\site-packages\django\contrib\staticfiles\management\commands\runserver.py first seen with mtime 1746256411.7965257
DEBUG 2025-05-03 12:27:12,735 autoreload File C:\Users\user\AppData\Local\pypoetry\Cache\virtualenvs\djangologging-R3W2srQ6-py3.12\Lib\site-packages\django\db\models\functions\text.py first seen with mtime 1746256411.912372
DEBUG 2025-05-03 12:27:12,736 autoreload File C:\Users\user\AppData\Local\pypoetry\Cache\virtualenvs\djangologging-R3W2srQ6-py3.12\Lib\site-packages\django\db\migrations\operations\base.py first seen with mtime 1746256411.892121
DEBUG 2025-05-03 12:27:12,736 autoreload File C:\Users\user\AppData\Local\pypoetry\Cache\virtualenvs\djangologging-R3W2srQ6-py3.12\Lib\site-packages\django\contrib\admin\widgets.py first seen with mtime 1746256410.2160678
DEBUG 2025-05-03 12:27:12,736 autoreload File C:\Users\user\AppData\Local\pypoetry\Cache\virtualenvs\djangologging-R3W2srQ6-py3.12\Lib\site-packages\django\contrib\auth\apps.py first seen with mtime 1746256410.6651137
DEBUG 2025-05-03 12:27:12,736 autoreload File C:\Users\user\AppData\Local\pypoetry\Cache\virtualenvs\djangologging-R3W2srQ6-py3.12\Lib\site-packages\django\forms\formsets.py first seen with mtime 1746256411.920814
DEBUG 2025-05-03 12:27:12,736 autoreload File C:\Users\user\AppData\Local\Programs\Python\Python312\Lib\asyncio\locks.py first seen with mtime 1738667112.0
DEBUG 2025-05-03 12:27:12,736 autoreload File C:\Users\user\AppData\Local\pypoetry\Cache\virtualenvs\djangologging-R3W2srQ6-py3.12\Lib\site-packages\django\contrib\contenttypes\views.py first seen with mtime 1746256410.8014126
DEBUG 2025-05-03 12:27:12,737 autoreload File C:\Users\user\AppData\Local\pypoetry\Cache\virtualenvs\djangologging-R3W2srQ6-py3.12\Lib\site-packages\django\db\backends\base\base.py first seen with mtime 1746256411.8559482
DEBUG 2025-05-03 12:27:12,737 autoreload File C:\Users\user\AppData\Local\Programs\Python\Python312\Lib\asyncio\tasks.py first seen with mtime 1738667112.0
DEBUG 2025-05-03 12:27:12,737 autoreload File C:\Users\user\AppData\Local\pypoetry\Cache\virtualenvs\djangologging-R3W2srQ6-py3.12\Lib\site-packages\django\core\handlers\exception.py first seen with mtime 1746256411.8244987
DEBUG 2025-05-03 12:27:12,737 autoreload File C:\Users\user\AppData\Local\pypoetry\Cache\virtualenvs\djangologging-R3W2srQ6-py3.12\Lib\site-packages\django\contrib\auth\validators.py first seen with mtime 1746256410.6710162
DEBUG 2025-05-03 12:27:12,737 autoreload File C:\Users\user\AppData\Local\pypoetry\Cache\virtualenvs\djangologging-R3W2srQ6-py3.12\Lib\site-packages\django\urls\exceptions.py first seen with mtime 1746256411.994109
DEBUG 2025-05-03 12:27:12,737 autoreload File C:\Users\user\AppData\Local\Programs\Python\Python312\Lib\weakref.py first seen with mtime 1738667114.0
DEBUG 2025-05-03 12:27:12,738 autoreload File C:\Users\user\AppData\Local\pypoetry\Cache\virtualenvs\djangologging-R3W2srQ6-py3.12\Lib\site-packages\django\urls\conf.py first seen with mtime 1746256411.9924395
DEBUG 2025-05-03 12:27:12,738 autoreload File C:\Users\user\AppData\Local\pypoetry\Cache\virtualenvs\djangologging-R3W2srQ6-py3.12\Lib\site-packages\django\core\management\color.py first seen with mtime 1746256411.832371
DEBUG 2025-05-03 12:27:12,738 autoreload File C:\Users\user\AppData\Local\pypoetry\Cache\virtualenvs\djangologging-R3W2srQ6-py3.12\Lib\site-packages\django\views\generic\list.py first seen with mtime 1746256412.0248578
DEBUG 2025-05-03 12:27:12,738 autoreload File C:\Users\user\AppData\Local\pypoetry\Cache\virtualenvs\djangologging-R3W2srQ6-py3.12\Lib\site-packages\anyio\abc\_testing.py first seen with mtime 1746256717.0614345
DEBUG 2025-05-03 12:27:12,738 autoreload File C:\Users\user\AppData\Local\pypoetry\Cache\virtualenvs\djangologging-R3W2srQ6-py3.12\Lib\site-packages\django\contrib\admin\checks.py first seen with mtime 1746256410.2098038
DEBUG 2025-05-03 12:27:12,738 autoreload File C:\Users\user\AppData\Local\pypoetry\Cache\virtualenvs\djangologging-R3W2srQ6-py3.12\Lib\site-packages\django\utils\translation\reloader.py first seen with mtime 1746256412.012114
DEBUG 2025-05-03 12:27:12,739 autoreload File C:\Users\user\AppData\Local\Programs\Python\Python312\Lib\asyncio\exceptions.py first seen with mtime 1738667112.0
DEBUG 2025-05-03 12:27:12,739 autoreload File C:\Users\user\AppData\Local\pypoetry\Cache\virtualenvs\djangologging-R3W2srQ6-py3.12\Lib\site-packages\django\core\paginator.py first seen with mtime 1746256411.8005147
DEBUG 2025-05-03 12:27:12,739 autoreload File C:\Users\user\AppData\Local\pypoetry\Cache\virtualenvs\djangologging-R3W2srQ6-py3.12\Lib\site-packages\django\forms\boundfield.py first seen with mtime 1746256411.9198127
DEBUG 2025-05-03 12:27:12,739 autoreload File C:\Users\user\AppData\Local\Programs\Python\Python312\Lib\keyword.py first seen with mtime 1738667112.0
DEBUG 2025-05-03 12:27:12,739 autoreload File C:\Users\user\AppData\Local\pypoetry\Cache\virtualenvs\djangologging-R3W2srQ6-py3.12\Lib\site-packages\django\db\migrations\utils.py first seen with mtime 1746256411.8901534
DEBUG 2025-05-03 12:27:12,739 autoreload File C:\Users\user\AppData\Local\Programs\Python\Python312\Lib\wsgiref\headers.py first seen with mtime 1738667114.0
DEBUG 2025-05-03 12:27:12,739 autoreload File C:\Users\user\AppData\Local\pypoetry\Cache\virtualenvs\djangologging-R3W2srQ6-py3.12\Lib\site-packages\django\contrib\contenttypes\fields.py first seen with mtime 1746256410.800413
DEBUG 2025-05-03 12:27:12,740 autoreload File C:\Users\user\AppData\Local\pypoetry\Cache\virtualenvs\djangologging-R3W2srQ6-py3.12\Lib\site-packages\django\conf\__init__.py first seen with mtime 1746256410.0025756
DEBUG 2025-05-03 12:27:12,740 autoreload File C:\Users\user\AppData\Local\Programs\Python\Python312\Lib\base64.py first seen with mtime 1738667112.0
DEBUG 2025-05-03 12:27:12,740 autoreload File C:\Users\user\AppData\Local\Programs\Python\Python312\Lib\importlib\__init__.py first seen with mtime 1738667112.0
DEBUG 2025-05-03 12:27:12,740 autoreload File C:\Users\user\AppData\Local\pypoetry\Cache\virtualenvs\djangologging-R3W2srQ6-py3.12\Lib\site-packages\django\utils\choices.py first seen with mtime 1746256411.9979098
DEBUG 2025-05-03 12:27:12,740 autoreload File C:\Users\user\AppData\Local\Programs\Python\Python312\Lib\ssl.py first seen with mtime 1738667112.0
DEBUG 2025-05-03 12:27:12,740 autoreload File C:\Users\user\AppData\Local\pypoetry\Cache\virtualenvs\djangologging-R3W2srQ6-py3.12\Lib\site-packages\anyio\_core\_streams.py first seen with mtime 1746256717.0539944
DEBUG 2025-05-03 12:27:12,741 autoreload File C:\Users\user\AppData\Local\pypoetry\Cache\virtualenvs\djangologging-R3W2srQ6-py3.12\Lib\site-packages\django\utils\duration.py first seen with mtime 1746256412.0025759
DEBUG 2025-05-03 12:27:12,741 autoreload File C:\Users\user\AppData\Local\Programs\Python\Python312\Lib\asyncio\base_futures.py first seen with mtime 1738667112.0
DEBUG 2025-05-03 12:27:12,741 autoreload File C:\Users\user\AppData\Local\Programs\Python\Python312\Lib\nturl2path.py first seen with mtime 1738667112.0
DEBUG 2025-05-03 12:27:12,741 autoreload File C:\Users\user\AppData\Local\pypoetry\Cache\virtualenvs\djangologging-R3W2srQ6-py3.12\Lib\site-packages\django\core\management\commands\runserver.py first seen with mtime 1746256411.8408988
DEBUG 2025-05-03 12:27:12,741 autoreload File C:\Users\user\AppData\Local\pypoetry\Cache\virtualenvs\djangologging-R3W2srQ6-py3.12\Lib\site-packages\django\contrib\sites\requests.py first seen with mtime 1746256411.668214
DEBUG 2025-05-03 12:27:12,741 autoreload File C:\Users\user\AppData\Local\Programs\Python\Python312\Lib\asyncio\taskgroups.py first seen with mtime 1738667112.0
DEBUG 2025-05-03 12:27:12,741 autoreload File C:\Users\user\AppData\Local\Programs\Python\Python312\Lib\_weakrefset.py first seen with mtime 1738667112.0
DEBUG 2025-05-03 12:27:12,742 autoreload File C:\Users\user\AppData\Local\Programs\Python\Python312\Lib\datetime.py first seen with mtime 1738667112.0
DEBUG 2025-05-03 12:27:12,742 autoreload File C:\Users\user\AppData\Local\pypoetry\Cache\virtualenvs\djangologging-R3W2srQ6-py3.12\Lib\site-packages\anyio\lowlevel.py first seen with mtime 1746256717.0453887
DEBUG 2025-05-03 12:27:12,742 autoreload File C:\Users\user\AppData\Local\pypoetry\Cache\virtualenvs\djangologging-R3W2srQ6-py3.12\Lib\site-packages\django\template\library.py first seen with mtime 1746256411.9763935
DEBUG 2025-05-03 12:27:12,742 autoreload File C:\Users\user\AppData\Local\pypoetry\Cache\virtualenvs\djangologging-R3W2srQ6-py3.12\Lib\site-packages\anyio\_core\_resources.py first seen with mtime 1746256717.0519862
DEBUG 2025-05-03 12:27:12,742 autoreload File C:\Users\user\AppData\Local\pypoetry\Cache\virtualenvs\djangologging-R3W2srQ6-py3.12\Lib\site-packages\django\contrib\sessions\models.py first seen with mtime 1746256411.5509398
DEBUG 2025-05-03 12:27:12,742 autoreload File C:\Users\user\AppData\Local\pypoetry\Cache\virtualenvs\djangologging-R3W2srQ6-py3.12\Lib\site-packages\django\db\backends\base\features.py first seen with mtime 1746256411.858266
DEBUG 2025-05-03 12:27:12,743 autoreload File C:\Users\user\AppData\Local\pypoetry\Cache\virtualenvs\djangologging-R3W2srQ6-py3.12\Lib\site-packages\django\contrib\admin\views\autocomplete.py first seen with mtime 1746256410.5415373
DEBUG 2025-05-03 12:27:12,743 autoreload File C:\Users\user\AppData\Local\Programs\Python\Python312\DLLs\_lzma.pyd first seen with mtime 1738667166.0
DEBUG 2025-05-03 12:27:12,743 autoreload File C:\Users\user\AppData\Local\Programs\Python\Python312\Lib\asyncio\streams.py first seen with mtime 1738667112.0
DEBUG 2025-05-03 12:27:12,743 autoreload File C:\Users\user\AppData\Local\Programs\Python\Python312\Lib\concurrent\futures\thread.py first seen with mtime 1738667112.0
DEBUG 2025-05-03 12:27:12,743 autoreload File C:\Users\user\AppData\Local\pypoetry\Cache\virtualenvs\djangologging-R3W2srQ6-py3.12\Lib\site-packages\django\db\models\aggregates.py first seen with mtime 1746256411.8945248
DEBUG 2025-05-03 12:27:12,743 autoreload File C:\Users\user\AppData\Local\Programs\Python\Python312\Lib\encodings\cp1251.py first seen with mtime 1738667112.0
DEBUG 2025-05-03 12:27:12,743 autoreload File C:\Users\user\AppData\Local\pypoetry\Cache\virtualenvs\djangologging-R3W2srQ6-py3.12\Lib\site-packages\django\core\checks\security\sessions.py first seen with mtime 1746256411.8146474
DEBUG 2025-05-03 12:27:12,744 autoreload File C:\Users\user\Desktop\web2025\DjangoLogging\Logg_app\views.py first seen with mtime 1746257231.0833628
DEBUG 2025-05-03 12:27:12,744 autoreload File C:\Users\user\AppData\Local\Programs\Python\Python312\Lib\encodings\aliases.py first seen with mtime 1738667112.0
DEBUG 2025-05-03 12:27:12,744 autoreload File C:\Users\user\AppData\Local\Programs\Python\Python312\Lib\graphlib.py first seen with mtime 1738667112.0
DEBUG 2025-05-03 12:27:12,744 autoreload File C:\Users\user\AppData\Local\Programs\Python\Python312\Lib\email\encoders.py first seen with mtime 1738667112.0
DEBUG 2025-05-03 12:27:12,744 autoreload File C:\Users\user\AppData\Local\pypoetry\Cache\virtualenvs\djangologging-R3W2srQ6-py3.12\Lib\site-packages\django\core\handlers\asgi.py first seen with mtime 1746256411.8234367
DEBUG 2025-05-03 12:27:12,744 autoreload File C:\Users\user\Desktop\web2025\DjangoLogging\manage.py first seen with mtime 1746256544.2551692
DEBUG 2025-05-03 12:27:12,744 autoreload File C:\Users\user\AppData\Local\Programs\Python\Python312\Lib\collections\__init__.py first seen with mtime 1738667112.0
DEBUG 2025-05-03 12:27:12,744 autoreload File C:\Users\user\AppData\Local\Programs\Python\Python312\Lib\copy.py first seen with mtime 1738667112.0
DEBUG 2025-05-03 12:27:12,745 autoreload File C:\Users\user\AppData\Local\Programs\Python\Python312\Lib\asyncio\format_helpers.py first seen with mtime 1738667112.0
DEBUG 2025-05-03 12:27:12,745 autoreload File C:\Users\user\AppData\Local\Programs\Python\Python312\Lib\email\mime\nonmultipart.py first seen with mtime 1738667112.0
DEBUG 2025-05-03 12:27:12,745 autoreload File C:\Users\user\AppData\Local\pypoetry\Cache\virtualenvs\djangologging-R3W2srQ6-py3.12\Lib\site-packages\asgiref\local.py first seen with mtime 1746256409.5478785
DEBUG 2025-05-03 12:27:12,745 autoreload File C:\Users\user\AppData\Local\pypoetry\Cache\virtualenvs\djangologging-R3W2srQ6-py3.12\Lib\site-packages\django\db\models\indexes.py first seen with mtime 1746256411.898209
DEBUG 2025-05-03 12:27:12,745 autoreload File C:\Users\user\AppData\Local\Programs\Python\Python312\Lib\http\__init__.py first seen with mtime 1738667112.0
DEBUG 2025-05-03 12:27:12,745 autoreload File C:\Users\user\Desktop\web2025\DjangoLogging\Logging_prj\settings.py first seen with mtime 1746256896.675815
DEBUG 2025-05-03 12:27:12,745 autoreload File C:\Users\user\AppData\Local\Programs\Python\Python312\DLLs\_ssl.pyd first seen with mtime 1738667166.0
DEBUG 2025-05-03 12:27:12,746 autoreload File C:\Users\user\AppData\Local\pypoetry\Cache\virtualenvs\djangologging-R3W2srQ6-py3.12\Lib\site-packages\_virtualenv.py first seen with mtime 1746256397.9404626
DEBUG 2025-05-03 12:27:12,746 autoreload File C:\Users\user\AppData\Local\pypoetry\Cache\virtualenvs\djangologging-R3W2srQ6-py3.12\Lib\site-packages\django\db\models\sql\where.py first seen with mtime 1746256411.9173667
DEBUG 2025-05-03 12:27:12,746 autoreload File C:\Users\user\AppData\Local\pypoetry\Cache\virtualenvs\djangologging-R3W2srQ6-py3.12\Lib\site-packages\asgiref\sync.py first seen with mtime 1746256409.5486782
DEBUG 2025-05-03 12:27:12,746 autoreload File C:\Users\user\AppData\Local\pypoetry\Cache\virtualenvs\djangologging-R3W2srQ6-py3.12\Lib\site-packages\django\db\models\fields\__init__.py first seen with mtime 1746256411.9038277
DEBUG 2025-05-03 12:27:12,746 autoreload File C:\Users\user\AppData\Local\pypoetry\Cache\virtualenvs\djangologging-R3W2srQ6-py3.12\Lib\site-packages\django\views\decorators\csrf.py first seen with mtime 1746256412.01954
DEBUG 2025-05-03 12:27:12,746 autoreload File C:\Users\user\AppData\Local\pypoetry\Cache\virtualenvs\djangologging-R3W2srQ6-py3.12\Lib\site-packages\anyio\_core\_subprocesses.py first seen with mtime 1746256717.0539944
DEBUG 2025-05-03 12:27:12,748 autoreload File C:\Users\user\AppData\Local\pypoetry\Cache\virtualenvs\djangologging-R3W2srQ6-py3.12\Lib\site-packages\django\templatetags\__init__.py first seen with mtime 1746256411.9850018
DEBUG 2025-05-03 12:27:12,748 autoreload File C:\Users\user\AppData\Local\pypoetry\Cache\virtualenvs\djangologging-R3W2srQ6-py3.12\Lib\site-packages\django\db\models\fields\json.py first seen with mtime 1746256411.905233
DEBUG 2025-05-03 12:27:12,748 autoreload File C:\Users\user\AppData\Local\Programs\Python\Python312\Lib\asyncio\futures.py first seen with mtime 1738667112.0
DEBUG 2025-05-03 12:27:12,748 autoreload File C:\Users\user\AppData\Local\Programs\Python\Python312\Lib\asyncio\protocols.py first seen with mtime 1738667112.0
DEBUG 2025-05-03 12:27:12,748 autoreload File C:\Users\user\AppData\Local\pypoetry\Cache\virtualenvs\djangologging-R3W2srQ6-py3.12\Lib\site-packages\django\http\response.py first seen with mtime 1746256411.966788
DEBUG 2025-05-03 12:27:12,748 autoreload File C:\Users\user\AppData\Local\pypoetry\Cache\virtualenvs\djangologging-R3W2srQ6-py3.12\Lib\site-packages\django\views\__init__.py first seen with mtime 1746256412.0151374
DEBUG 2025-05-03 12:27:12,748 autoreload File C:\Users\user\AppData\Local\pypoetry\Cache\virtualenvs\djangologging-R3W2srQ6-py3.12\Lib\site-packages\django\contrib\admin\views\__init__.py first seen with mtime 1746256410.5404077
DEBUG 2025-05-03 12:27:12,749 autoreload File C:\Users\user\AppData\Local\pypoetry\Cache\virtualenvs\djangologging-R3W2srQ6-py3.12\Lib\site-packages\django\core\checks\commands.py first seen with mtime 1746256411.808906
DEBUG 2025-05-03 12:27:12,749 autoreload File C:\Users\user\AppData\Local\pypoetry\Cache\virtualenvs\djangologging-R3W2srQ6-py3.12\Lib\site-packages\django\core\mail\utils.py first seen with mtime 1746256411.827394
DEBUG 2025-05-03 12:27:12,749 autoreload File C:\Users\user\AppData\Local\pypoetry\Cache\virtualenvs\djangologging-R3W2srQ6-py3.12\Lib\site-packages\anyio\_core\_signals.py first seen with mtime 1746256717.0529833
DEBUG 2025-05-03 12:27:12,749 autoreload File C:\Users\user\AppData\Local\pypoetry\Cache\virtualenvs\djangologging-R3W2srQ6-py3.12\Lib\site-packages\django\core\wsgi.py first seen with mtime 1746256411.8023612
DEBUG 2025-05-03 12:27:12,749 autoreload File C:\Users\user\AppData\Local\pypoetry\Cache\virtualenvs\djangologging-R3W2srQ6-py3.12\Lib\site-packages\django\db\models\sql\constants.py first seen with mtime 1746256411.9146137
DEBUG 2025-05-03 12:27:12,749 autoreload File C:\Users\user\AppData\Local\pypoetry\Cache\virtualenvs\djangologging-R3W2srQ6-py3.12\Lib\site-packages\django\db\backends\sqlite3\creation.py first seen with mtime 1746256411.8808417
DEBUG 2025-05-03 12:27:12,750 autoreload File C:\Users\user\AppData\Local\pypoetry\Cache\virtualenvs\djangologging-R3W2srQ6-py3.12\Lib\site-packages\django\templatetags\tz.py first seen with mtime 1746256411.9869876
DEBUG 2025-05-03 12:27:12,750 autoreload File C:\Users\user\AppData\Local\pypoetry\Cache\virtualenvs\djangologging-R3W2srQ6-py3.12\Lib\site-packages\django\core\cache\utils.py first seen with mtime 1746256411.8023612
DEBUG 2025-05-03 12:27:12,750 autoreload File C:\Users\user\AppData\Local\Programs\Python\Python312\Lib\re\__init__.py first seen with mtime 1738667112.0
DEBUG 2025-05-03 12:27:12,750 autoreload File C:\Users\user\AppData\Local\pypoetry\Cache\virtualenvs\djangologging-R3W2srQ6-py3.12\Lib\site-packages\django\dispatch\__init__.py first seen with mtime 1746256411.9173667
DEBUG 2025-05-03 12:27:12,750 autoreload File C:\Users\user\AppData\Local\pypoetry\Cache\virtualenvs\djangologging-R3W2srQ6-py3.12\Lib\site-packages\django\contrib\admin\apps.py first seen with mtime 1746256410.2098038
DEBUG 2025-05-03 12:27:12,750 autoreload File C:\Users\user\AppData\Local\Programs\Python\Python312\Lib\multiprocessing\process.py first seen with mtime 1738667112.0
DEBUG 2025-05-03 12:27:12,750 autoreload File C:\Users\user\AppData\Local\Programs\Python\Python312\Lib\urllib\response.py first seen with mtime 1738667114.0
DEBUG 2025-05-03 12:27:12,751 autoreload File C:\Users\user\AppData\Local\pypoetry\Cache\virtualenvs\djangologging-R3W2srQ6-py3.12\Lib\site-packages\django\core\management\commands\makemigrations.py first seen with mtime 1746256411.8397155
DEBUG 2025-05-03 12:27:12,751 autoreload File C:\Users\user\AppData\Local\pypoetry\Cache\virtualenvs\djangologging-R3W2srQ6-py3.12\Lib\site-packages\django\db\migrations\operations\__init__.py first seen with mtime 1746256411.8915112
DEBUG 2025-05-03 12:27:12,751 autoreload File C:\Users\user\AppData\Local\pypoetry\Cache\virtualenvs\djangologging-R3W2srQ6-py3.12\Lib\site-packages\django\core\validators.py first seen with mtime 1746256411.801858
DEBUG 2025-05-03 12:27:12,751 autoreload File C:\Users\user\AppData\Local\pypoetry\Cache\virtualenvs\djangologging-R3W2srQ6-py3.12\Lib\site-packages\django\contrib\auth\signals.py first seen with mtime 1746256410.6710162
DEBUG 2025-05-03 12:27:12,751 autoreload File C:\Users\user\AppData\Local\pypoetry\Cache\virtualenvs\djangologging-R3W2srQ6-py3.12\Lib\site-packages\django\contrib\staticfiles\finders.py first seen with mtime 1746256411.7913692
DEBUG 2025-05-03 12:27:12,751 autoreload File C:\Users\user\AppData\Local\Programs\Python\Python312\Lib\sqlite3\dbapi2.py first seen with mtime 1738667112.0
DEBUG 2025-05-03 12:27:12,752 autoreload File C:\Users\user\AppData\Local\pypoetry\Cache\virtualenvs\djangologging-R3W2srQ6-py3.12\Lib\site-packages\django\core\servers\basehttp.py first seen with mtime 1746256411.8514786
DEBUG 2025-05-03 12:27:12,752 autoreload File C:\Users\user\AppData\Local\Programs\Python\Python312\Lib\numbers.py first seen with mtime 1738667112.0
DEBUG 2025-05-03 12:27:12,752 autoreload File C:\Users\user\AppData\Local\pypoetry\Cache\virtualenvs\djangologging-R3W2srQ6-py3.12\Lib\site-packages\django\utils\translation\__init__.py first seen with mtime 1746256412.012114
DEBUG 2025-05-03 12:27:12,752 autoreload File C:\Users\user\AppData\Local\pypoetry\Cache\virtualenvs\djangologging-R3W2srQ6-py3.12\Lib\site-packages\django\apps\config.py first seen with mtime 1746256410.0010693
DEBUG 2025-05-03 12:27:12,752 autoreload File C:\Users\user\AppData\Local\pypoetry\Cache\virtualenvs\djangologging-R3W2srQ6-py3.12\Lib\site-packages\django\forms\models.py first seen with mtime 1746256411.920814
DEBUG 2025-05-03 12:27:12,752 autoreload File C:\Users\user\AppData\Local\pypoetry\Cache\virtualenvs\djangologging-R3W2srQ6-py3.12\Lib\site-packages\django\templatetags\i18n.py first seen with mtime 1746256411.9859853
DEBUG 2025-05-03 12:27:12,753 autoreload File C:\Users\user\AppData\Local\pypoetry\Cache\virtualenvs\djangologging-R3W2srQ6-py3.12\Lib\site-packages\django\utils\deprecation.py first seen with mtime 1746256412.0010698
DEBUG 2025-05-03 12:27:12,753 autoreload File C:\Users\user\AppData\Local\Programs\Python\Python312\Lib\asyncio\base_subprocess.py first seen with mtime 1738667112.0
DEBUG 2025-05-03 12:27:12,753 autoreload File C:\Users\user\AppData\Local\pypoetry\Cache\virtualenvs\djangologging-R3W2srQ6-py3.12\Lib\site-packages\django\contrib\staticfiles\utils.py first seen with mtime 1746256411.7945163
DEBUG 2025-05-03 12:27:12,753 autoreload File C:\Users\user\Desktop\web2025\DjangoLogging\Logging_prj\__init__.py first seen with mtime 1746256544.2826383
DEBUG 2025-05-03 12:27:12,753 autoreload File C:\Users\user\AppData\Local\Programs\Python\Python312\Lib\tokenize.py first seen with mtime 1738667114.0
DEBUG 2025-05-03 12:27:12,753 autoreload File C:\Users\user\AppData\Local\pypoetry\Cache\virtualenvs\djangologging-R3W2srQ6-py3.12\Lib\site-packages\anyio\_core\_eventloop.py first seen with mtime 1746256717.0508645
DEBUG 2025-05-03 12:27:12,753 autoreload File C:\Users\user\AppData\Local\Programs\Python\Python312\Lib\logging\config.py first seen with mtime 1738667112.0
DEBUG 2025-05-03 12:27:12,753 autoreload File C:\Users\user\AppData\Local\pypoetry\Cache\virtualenvs\djangologging-R3W2srQ6-py3.12\Lib\site-packages\django\db\models\sql\__init__.py first seen with mtime 1746256411.9135585
DEBUG 2025-05-03 12:27:12,753 autoreload File C:\Users\user\AppData\Local\pypoetry\Cache\virtualenvs\djangologging-R3W2srQ6-py3.12\Lib\site-packages\django\contrib\auth\management\__init__.py first seen with mtime 1746256410.7899559
DEBUG 2025-05-03 12:27:12,753 autoreload File C:\Users\user\AppData\Local\pypoetry\Cache\virtualenvs\djangologging-R3W2srQ6-py3.12\Lib\site-packages\django\template\response.py first seen with mtime 1746256411.9778478
DEBUG 2025-05-03 12:27:12,754 autoreload File C:\Users\user\AppData\Local\Programs\Python\Python312\Lib\email\mime\multipart.py first seen with mtime 1738667112.0
DEBUG 2025-05-03 12:27:12,754 autoreload File C:\Users\user\AppData\Local\Programs\Python\Python312\Lib\html\parser.py first seen with mtime 1738667112.0
DEBUG 2025-05-03 12:27:12,754 autoreload File C:\Users\user\AppData\Local\pypoetry\Cache\virtualenvs\djangologging-R3W2srQ6-py3.12\Lib\site-packages\anyio\_core\_testing.py first seen with mtime 1746256717.056639
DEBUG 2025-05-03 12:27:12,754 autoreload File C:\Users\user\AppData\Local\Programs\Python\Python312\DLLs\_bz2.pyd first seen with mtime 1738667166.0
DEBUG 2025-05-03 12:27:12,754 autoreload File C:\Users\user\AppData\Local\pypoetry\Cache\virtualenvs\djangologging-R3W2srQ6-py3.12\Lib\site-packages\django\core\checks\files.py first seen with mtime 1746256411.808906
DEBUG 2025-05-03 12:27:12,754 autoreload File C:\Users\user\AppData\Local\pypoetry\Cache\virtualenvs\djangologging-R3W2srQ6-py3.12\Lib\site-packages\django\db\migrations\state.py first seen with mtime 1746256411.8901534
DEBUG 2025-05-03 12:27:12,755 autoreload File C:\Users\user\AppData\Local\pypoetry\Cache\virtualenvs\djangologging-R3W2srQ6-py3.12\Lib\site-packages\django\utils\inspect.py first seen with mtime 1746256412.0056026
DEBUG 2025-05-03 12:27:12,755 autoreload File C:\Users\user\AppData\Local\pypoetry\Cache\virtualenvs\djangologging-R3W2srQ6-py3.12\Lib\site-packages\django\core\cache\backends\locmem.py first seen with mtime 1746256411.8057356
DEBUG 2025-05-03 12:27:12,755 autoreload File C:\Users\user\AppData\Local\Programs\Python\Python312\Lib\re\_casefix.py first seen with mtime 1738667112.0
DEBUG 2025-05-03 12:27:12,755 autoreload File C:\Users\user\AppData\Local\pypoetry\Cache\virtualenvs\djangologging-R3W2srQ6-py3.12\Lib\site-packages\django\db\migrations\__init__.py first seen with mtime 1746256411.8833477
DEBUG 2025-05-03 12:27:12,755 autoreload File C:\Users\user\AppData\Local\Programs\Python\Python312\Lib\asyncio\timeouts.py first seen with mtime 1738667112.0
DEBUG 2025-05-03 12:27:12,755 autoreload File C:\Users\user\AppData\Local\pypoetry\Cache\virtualenvs\djangologging-R3W2srQ6-py3.12\Lib\site-packages\django\template\autoreload.py first seen with mtime 1746256411.9724474
DEBUG 2025-05-03 12:27:12,756 autoreload File C:\Users\user\AppData\Local\pypoetry\Cache\virtualenvs\djangologging-R3W2srQ6-py3.12\Lib\site-packages\django\core\checks\translation.py first seen with mtime 1746256411.8112595
DEBUG 2025-05-03 12:27:12,756 autoreload File C:\Users\user\AppData\Local\pypoetry\Cache\virtualenvs\djangologging-R3W2srQ6-py3.12\Lib\site-packages\django\conf\locale\__init__.py first seen with mtime 1746256410.0062466
DEBUG 2025-05-03 12:27:12,756 autoreload File C:\Users\user\AppData\Local\pypoetry\Cache\virtualenvs\djangologging-R3W2srQ6-py3.12\Lib\site-packages\django\core\servers\__init__.py first seen with mtime 1746256411.8504765
DEBUG 2025-05-03 12:27:12,756 autoreload File C:\Users\user\AppData\Local\pypoetry\Cache\virtualenvs\djangologging-R3W2srQ6-py3.12\Lib\site-packages\django\utils\timezone.py first seen with mtime 1746256412.012114
DEBUG 2025-05-03 12:27:12,756 autoreload File C:\Users\user\AppData\Local\pypoetry\Cache\virtualenvs\djangologging-R3W2srQ6-py3.12\Lib\site-packages\django\forms\forms.py first seen with mtime 1746256411.920814
DEBUG 2025-05-03 12:27:12,756 autoreload File C:\Users\user\AppData\Local\Programs\Python\Python312\Lib\asyncio\base_tasks.py first seen with mtime 1738667112.0
DEBUG 2025-05-03 12:27:12,757 autoreload File C:\Users\user\AppData\Local\pypoetry\Cache\virtualenvs\djangologging-R3W2srQ6-py3.12\Lib\site-packages\django\db\backends\sqlite3\__init__.py first seen with mtime 1746256411.8798387
DEBUG 2025-05-03 12:27:12,757 autoreload File C:\Users\user\AppData\Local\Programs\Python\Python312\Lib\multiprocessing\__init__.py first seen with mtime 1738667112.0
DEBUG 2025-05-03 12:27:12,757 autoreload File C:\Users\user\AppData\Local\pypoetry\Cache\virtualenvs\djangologging-R3W2srQ6-py3.12\Lib\site-packages\django\db\backends\base\validation.py first seen with mtime 1746256411.8605468
DEBUG 2025-05-03 12:27:12,757 autoreload File C:\Users\user\AppData\Local\pypoetry\Cache\virtualenvs\djangologging-R3W2srQ6-py3.12\Lib\site-packages\django\db\backends\base\schema.py first seen with mtime 1746256411.8605468
DEBUG 2025-05-03 12:27:12,757 autoreload File C:\Users\user\AppData\Local\pypoetry\Cache\virtualenvs\djangologging-R3W2srQ6-py3.12\Lib\site-packages\django\utils\dateformat.py first seen with mtime 1746256412.0000849
DEBUG 2025-05-03 12:27:12,757 autoreload File C:\Users\user\AppData\Local\Programs\Python\Python312\Lib\asyncio\base_events.py first seen with mtime 1738667112.0
DEBUG 2025-05-03 12:27:12,757 autoreload File C:\Users\user\AppData\Local\pypoetry\Cache\virtualenvs\djangologging-R3W2srQ6-py3.12\Lib\site-packages\django\template\backends\__init__.py first seen with mtime 1746256411.9788594
DEBUG 2025-05-03 12:27:12,758 autoreload File C:\Users\user\AppData\Local\Programs\Python\Python312\Lib\enum.py first seen with mtime 1738667112.0
DEBUG 2025-05-03 12:27:12,758 autoreload File C:\Users\user\AppData\Local\pypoetry\Cache\virtualenvs\djangologging-R3W2srQ6-py3.12\Lib\site-packages\django\core\cache\__init__.py first seen with mtime 1746256411.8023612
DEBUG 2025-05-03 12:27:12,758 autoreload File C:\Users\user\AppData\Local\pypoetry\Cache\virtualenvs\djangologging-R3W2srQ6-py3.12\Lib\site-packages\django\template\loader.py first seen with mtime 1746256411.9763935
DEBUG 2025-05-03 12:27:12,758 autoreload File C:\Users\user\AppData\Local\Programs\Python\Python312\Lib\selectors.py first seen with mtime 1738667112.0
DEBUG 2025-05-03 12:27:12,758 autoreload File C:\Users\user\AppData\Local\pypoetry\Cache\virtualenvs\djangologging-R3W2srQ6-py3.12\Lib\site-packages\sqlparse\filters\aligned_indent.py first seen with mtime 1746256409.5346692
DEBUG 2025-05-03 12:27:12,758 autoreload File C:\Users\user\AppData\Local\pypoetry\Cache\virtualenvs\djangologging-R3W2srQ6-py3.12\Lib\site-packages\sqlparse\filters\right_margin.py first seen with mtime 1746256409.536673
DEBUG 2025-05-03 12:27:12,758 autoreload File C:\Users\user\AppData\Local\Programs\Python\Python312\Lib\pathlib.py first seen with mtime 1738667112.0
DEBUG 2025-05-03 12:27:12,759 autoreload File C:\Users\user\AppData\Local\pypoetry\Cache\virtualenvs\djangologging-R3W2srQ6-py3.12\Lib\site-packages\django\urls\base.py first seen with mtime 1746256411.9924395
DEBUG 2025-05-03 12:27:12,759 autoreload File C:\Users\user\AppData\Local\pypoetry\Cache\virtualenvs\djangologging-R3W2srQ6-py3.12\Lib\site-packages\django\middleware\common.py first seen with mtime 1746256411.9690204
DEBUG 2025-05-03 12:27:12,759 autoreload File C:\Users\user\AppData\Local\pypoetry\Cache\virtualenvs\djangologging-R3W2srQ6-py3.12\Lib\site-packages\django\core\__init__.py first seen with mtime 1746256411.7991593
DEBUG 2025-05-03 12:27:12,759 autoreload File C:\Users\user\AppData\Local\pypoetry\Cache\virtualenvs\djangologging-R3W2srQ6-py3.12\Lib\site-packages\anyio\_core\__init__.py first seen with mtime 1746256717.0498595
DEBUG 2025-05-03 12:27:12,759 autoreload File C:\Users\user\AppData\Local\pypoetry\Cache\virtualenvs\djangologging-R3W2srQ6-py3.12\Lib\site-packages\django\db\utils.py first seen with mtime 1746256411.852423
DEBUG 2025-05-03 12:27:12,759 autoreload File C:\Users\user\AppData\Local\Programs\Python\Python312\Lib\asyncio\windows_utils.py first seen with mtime 1738667112.0
DEBUG 2025-05-03 12:27:12,759 autoreload File C:\Users\user\AppData\Local\Programs\Python\Python312\DLLs\_zoneinfo.pyd first seen with mtime 1738667166.0
DEBUG 2025-05-03 12:27:12,760 autoreload File C:\Users\user\AppData\Local\pypoetry\Cache\virtualenvs\djangologging-R3W2srQ6-py3.12\Lib\site-packages\anyio\streams\stapled.py first seen with mtime 1746256717.0644045
DEBUG 2025-05-03 12:27:12,760 autoreload File C:\Users\user\AppData\Local\pypoetry\Cache\virtualenvs\djangologging-R3W2srQ6-py3.12\Lib\site-packages\sqlparse\filters\others.py first seen with mtime 1746256409.5356703
DEBUG 2025-05-03 12:27:12,760 autoreload File C:\Users\user\AppData\Local\Programs\Python\Python312\Lib\warnings.py first seen with mtime 1738667114.0
DEBUG 2025-05-03 12:27:12,760 autoreload File C:\Users\user\AppData\Local\pypoetry\Cache\virtualenvs\djangologging-R3W2srQ6-py3.12\Lib\site-packages\django\core\files\storage\base.py first seen with mtime 1746256411.8200572
DEBUG 2025-05-03 12:27:12,760 autoreload File C:\Users\user\AppData\Local\pypoetry\Cache\virtualenvs\djangologging-R3W2srQ6-py3.12\Lib\site-packages\django\core\checks\security\base.py first seen with mtime 1746256411.8134346
DEBUG 2025-05-03 12:27:12,760 autoreload File C:\Users\user\AppData\Local\pypoetry\Cache\virtualenvs\djangologging-R3W2srQ6-py3.12\Lib\site-packages\django\contrib\messages\storage\__init__.py first seen with mtime 1746256411.3350177
DEBUG 2025-05-03 12:27:12,760 autoreload File C:\Users\user\AppData\Local\pypoetry\Cache\virtualenvs\djangologging-R3W2srQ6-py3.12\Lib\site-packages\django\template\loaders\base.py first seen with mtime 1746256411.9825833
DEBUG 2025-05-03 12:27:12,762 autoreload File C:\Users\user\AppData\Local\pypoetry\Cache\virtualenvs\djangologging-R3W2srQ6-py3.12\Lib\site-packages\django\urls\resolvers.py first seen with mtime 1746256411.994109
DEBUG 2025-05-03 12:27:12,762 autoreload File C:\Users\user\AppData\Local\pypoetry\Cache\virtualenvs\djangologging-R3W2srQ6-py3.12\Lib\site-packages\django\contrib\messages\__init__.py first seen with mtime 1746256411.3321464
DEBUG 2025-05-03 12:27:12,762 autoreload File C:\Users\user\AppData\Local\pypoetry\Cache\virtualenvs\djangologging-R3W2srQ6-py3.12\Lib\site-packages\django\utils\html.py first seen with mtime 1746256412.004507
DEBUG 2025-05-03 12:27:12,762 autoreload File C:\Users\user\AppData\Local\pypoetry\Cache\virtualenvs\djangologging-R3W2srQ6-py3.12\Lib\site-packages\django\views\generic\dates.py first seen with mtime 1746256412.0234709
DEBUG 2025-05-03 12:27:12,762 autoreload File C:\Users\user\AppData\Local\Programs\Python\Python312\DLLs\_decimal.pyd first seen with mtime 1738667166.0
DEBUG 2025-05-03 12:27:12,762 autoreload File C:\Users\user\AppData\Local\pypoetry\Cache\virtualenvs\djangologging-R3W2srQ6-py3.12\Lib\site-packages\django\views\debug.py first seen with mtime 1746256412.0161393
DEBUG 2025-05-03 12:27:12,763 autoreload File C:\Users\user\AppData\Local\pypoetry\Cache\virtualenvs\djangologging-R3W2srQ6-py3.12\Lib\site-packages\django\db\models\sql\subqueries.py first seen with mtime 1746256411.9159045
DEBUG 2025-05-03 12:27:12,763 autoreload File C:\Users\user\AppData\Local\pypoetry\Cache\virtualenvs\djangologging-R3W2srQ6-py3.12\Lib\site-packages\django\templatetags\l10n.py first seen with mtime 1746256411.9859853
DEBUG 2025-05-03 12:27:12,763 autoreload File C:\Users\user\AppData\Local\Programs\Python\Python312\Lib\html\__init__.py first seen with mtime 1738667112.0
DEBUG 2025-05-03 12:27:12,763 autoreload File C:\Users\user\AppData\Local\pypoetry\Cache\virtualenvs\djangologging-R3W2srQ6-py3.12\Lib\site-packages\django\db\models\fields\proxy.py first seen with mtime 1746256411.9066458
DEBUG 2025-05-03 12:27:12,763 autoreload File C:\Users\user\AppData\Local\Programs\Python\Python312\Lib\shlex.py first seen with mtime 1738667112.0
DEBUG 2025-05-03 12:27:12,763 autoreload File C:\Users\user\AppData\Local\pypoetry\Cache\virtualenvs\djangologging-R3W2srQ6-py3.12\Lib\site-packages\django\views\generic\edit.py first seen with mtime 1746256412.0234709
DEBUG 2025-05-03 12:27:12,763 autoreload File C:\Users\user\AppData\Local\Programs\Python\Python312\DLLs\_hashlib.pyd first seen with mtime 1738667166.0
DEBUG 2025-05-03 12:27:12,763 autoreload File C:\Users\user\AppData\Local\pypoetry\Cache\virtualenvs\djangologging-R3W2srQ6-py3.12\Lib\site-packages\django\db\models\base.py first seen with mtime 1746256411.8955238
DEBUG 2025-05-03 12:27:12,763 autoreload File C:\Users\user\AppData\Local\pypoetry\Cache\virtualenvs\djangologging-R3W2srQ6-py3.12\Lib\site-packages\django\db\migrations\operations\fields.py first seen with mtime 1746256411.8926249
DEBUG 2025-05-03 12:27:12,763 autoreload File C:\Users\user\Desktop\web2025\DjangoLogging\Logging_prj\urls.py first seen with mtime 1746256966.688867
DEBUG 2025-05-03 12:27:12,764 autoreload File C:\Users\user\AppData\Local\Programs\Python\Python312\Lib\textwrap.py first seen with mtime 1738667114.0
DEBUG 2025-05-03 12:27:12,764 autoreload File C:\Users\user\AppData\Local\pypoetry\Cache\virtualenvs\djangologging-R3W2srQ6-py3.12\Lib\site-packages\django\core\handlers\wsgi.py first seen with mtime 1746256411.8257725
DEBUG 2025-05-03 12:27:12,764 autoreload File C:\Users\user\AppData\Local\pypoetry\Cache\virtualenvs\djangologging-R3W2srQ6-py3.12\Lib\site-packages\django\forms\__init__.py first seen with mtime 1746256411.918609
DEBUG 2025-05-03 12:27:12,764 autoreload File C:\Users\user\AppData\Local\pypoetry\Cache\virtualenvs\djangologging-R3W2srQ6-py3.12\Lib\site-packages\django\contrib\sessions\__init__.py first seen with mtime 1746256411.5488305
DEBUG 2025-05-03 12:27:12,764 autoreload File C:\Users\user\AppData\Local\pypoetry\Cache\virtualenvs\djangologging-R3W2srQ6-py3.12\Lib\site-packages\django\template\loaders\cached.py first seen with mtime 1746256411.9835901
DEBUG 2025-05-03 12:27:12,764 autoreload File C:\Users\user\AppData\Local\pypoetry\Cache\virtualenvs\djangologging-R3W2srQ6-py3.12\Lib\site-packages\django\contrib\admin\templatetags\admin_list.py first seen with mtime 1746256410.5382652
DEBUG 2025-05-03 12:27:12,764 autoreload File C:\Users\user\AppData\Local\pypoetry\Cache\virtualenvs\djangologging-R3W2srQ6-py3.12\Lib\site-packages\django\db\transaction.py first seen with mtime 1746256411.852423
DEBUG 2025-05-03 12:27:12,765 autoreload File C:\Users\user\AppData\Local\Programs\Python\Python312\Lib\wsgiref\handlers.py first seen with mtime 1738667114.0
DEBUG 2025-05-03 12:27:12,765 autoreload File C:\Users\user\AppData\Local\pypoetry\Cache\virtualenvs\djangologging-R3W2srQ6-py3.12\Lib\site-packages\django\db\backends\signals.py first seen with mtime 1746256411.8549006
DEBUG 2025-05-03 12:27:12,765 autoreload File C:\Users\user\AppData\Local\Programs\Python\Python312\Lib\concurrent\__init__.py first seen with mtime 1738667112.0
DEBUG 2025-05-03 12:27:12,765 autoreload File C:\Users\user\AppData\Local\pypoetry\Cache\virtualenvs\djangologging-R3W2srQ6-py3.12\Lib\site-packages\django\core\management\__init__.py first seen with mtime 1746256411.8304968
DEBUG 2025-05-03 12:27:12,765 autoreload File C:\Users\user\AppData\Local\pypoetry\Cache\virtualenvs\djangologging-R3W2srQ6-py3.12\Lib\site-packages\sqlparse\exceptions.py first seen with mtime 1746256409.5274873
DEBUG 2025-05-03 12:27:12,765 autoreload File C:\Users\user\AppData\Local\pypoetry\Cache\virtualenvs\djangologging-R3W2srQ6-py3.12\Lib\site-packages\django\template\smartif.py first seen with mtime 1746256411.9788594
DEBUG 2025-05-03 12:27:12,765 autoreload File C:\Users\user\AppData\Local\Programs\Python\Python312\Lib\urllib\request.py first seen with mtime 1738667114.0
DEBUG 2025-05-03 12:27:12,765 autoreload File C:\Users\user\AppData\Local\pypoetry\Cache\virtualenvs\djangologging-R3W2srQ6-py3.12\Lib\site-packages\django\contrib\staticfiles\checks.py first seen with mtime 1746256411.7913692
DEBUG 2025-05-03 12:27:12,766 autoreload File C:\Users\user\AppData\Local\pypoetry\Cache\virtualenvs\djangologging-R3W2srQ6-py3.12\Lib\site-packages\django\contrib\admin\filters.py first seen with mtime 1746256410.2122872
DEBUG 2025-05-03 12:27:12,766 autoreload File C:\Users\user\AppData\Local\Programs\Python\Python312\Lib\asyncio\__init__.py first seen with mtime 1738667112.0
DEBUG 2025-05-03 12:27:12,766 autoreload File C:\Users\user\AppData\Local\pypoetry\Cache\virtualenvs\djangologging-R3W2srQ6-py3.12\Lib\site-packages\sqlparse\engine\grouping.py first seen with mtime 1746256409.5324028
DEBUG 2025-05-03 12:27:12,766 autoreload File C:\Users\user\AppData\Local\pypoetry\Cache\virtualenvs\djangologging-R3W2srQ6-py3.12\Lib\site-packages\django\middleware\cache.py first seen with mtime 1746256411.968021
DEBUG 2025-05-03 12:27:12,766 autoreload File C:\Users\user\AppData\Local\Programs\Python\Python312\Lib\quopri.py first seen with mtime 1738667112.0
DEBUG 2025-05-03 12:27:12,766 autoreload File C:\Users\user\AppData\Local\pypoetry\Cache\virtualenvs\djangologging-R3W2srQ6-py3.12\Lib\site-packages\django\db\backends\base\introspection.py first seen with mtime 1746256411.858266
DEBUG 2025-05-03 12:27:12,767 autoreload File C:\Users\user\AppData\Local\pypoetry\Cache\virtualenvs\djangologging-R3W2srQ6-py3.12\Lib\site-packages\typing_extensions.py first seen with mtime 1746256716.9538212
DEBUG 2025-05-03 12:27:12,767 autoreload File C:\Users\user\AppData\Local\pypoetry\Cache\virtualenvs\djangologging-R3W2srQ6-py3.12\Lib\site-packages\django\db\models\functions\mixins.py first seen with mtime 1746256411.9108667
DEBUG 2025-05-03 12:27:12,767 autoreload File C:\Users\user\AppData\Local\pypoetry\Cache\virtualenvs\djangologging-R3W2srQ6-py3.12\Lib\site-packages\django\contrib\sessions\exceptions.py first seen with mtime 1746256411.5499372
DEBUG 2025-05-03 12:27:12,767 autoreload File C:\Users\user\AppData\Local\Programs\Python\Python312\DLLs\_ctypes.pyd first seen with mtime 1738667166.0
DEBUG 2025-05-03 12:27:12,767 autoreload File C:\Users\user\AppData\Local\pypoetry\Cache\virtualenvs\djangologging-R3W2srQ6-py3.12\Lib\site-packages\django\core\files\utils.py first seen with mtime 1746256411.8190231
DEBUG 2025-05-03 12:27:12,767 autoreload File C:\Users\user\AppData\Local\Programs\Python\Python312\Lib\random.py first seen with mtime 1738667112.0
DEBUG 2025-05-03 12:27:12,768 autoreload File C:\Users\user\AppData\Local\Programs\Python\Python312\Lib\signal.py first seen with mtime 1738667112.0
DEBUG 2025-05-03 12:27:12,768 autoreload File C:\Users\user\AppData\Local\pypoetry\Cache\virtualenvs\djangologging-R3W2srQ6-py3.12\Lib\site-packages\django\db\backends\base\__init__.py first seen with mtime 1746256411.8559482
DEBUG 2025-05-03 12:27:12,768 autoreload File C:\Users\user\AppData\Local\pypoetry\Cache\virtualenvs\djangologging-R3W2srQ6-py3.12\Lib\site-packages\django\contrib\admin\views\main.py first seen with mtime 1746256410.5425348
DEBUG 2025-05-03 12:27:12,768 autoreload File C:\Users\user\AppData\Local\Programs\Python\Python312\Lib\asyncio\transports.py first seen with mtime 1738667112.0
DEBUG 2025-05-03 12:27:12,768 autoreload File C:\Users\user\AppData\Local\pypoetry\Cache\virtualenvs\djangologging-R3W2srQ6-py3.12\Lib\site-packages\django\urls\utils.py first seen with mtime 1746256411.9951081
DEBUG 2025-05-03 12:27:12,768 autoreload File C:\Users\user\AppData\Local\pypoetry\Cache\virtualenvs\djangologging-R3W2srQ6-py3.12\Lib\site-packages\sniffio\_version.py first seen with mtime 1746256716.9503016
DEBUG 2025-05-03 12:27:12,768 autoreload File C:\Users\user\AppData\Local\Programs\Python\Python312\Lib\asyncio\subprocess.py first seen with mtime 1738667112.0
DEBUG 2025-05-03 12:27:12,769 autoreload File C:\Users\user\AppData\Local\pypoetry\Cache\virtualenvs\djangologging-R3W2srQ6-py3.12\Lib\site-packages\django\db\models\sql\datastructures.py first seen with mtime 1746256411.9146137
DEBUG 2025-05-03 12:27:12,769 autoreload File C:\Users\user\AppData\Local\pypoetry\Cache\virtualenvs\djangologging-R3W2srQ6-py3.12\Lib\site-packages\django\core\cache\backends\__init__.py first seen with mtime 1746256411.803698
DEBUG 2025-05-03 12:27:12,769 autoreload File C:\Users\user\AppData\Local\pypoetry\Cache\virtualenvs\djangologging-R3W2srQ6-py3.12\Lib\site-packages\django\contrib\sites\__init__.py first seen with mtime 1746256411.6645691
DEBUG 2025-05-03 12:27:12,769 autoreload File C:\Users\user\AppData\Local\pypoetry\Cache\virtualenvs\djangologging-R3W2srQ6-py3.12\Lib\site-packages\sqlparse\lexer.py first seen with mtime 1746256409.5298936
DEBUG 2025-05-03 12:27:12,769 autoreload File C:\Users\user\AppData\Local\Programs\Python\Python312\DLLs\_asyncio.pyd first seen with mtime 1738667166.0
DEBUG 2025-05-03 12:27:12,769 autoreload File C:\Users\user\AppData\Local\pypoetry\Cache\virtualenvs\djangologging-R3W2srQ6-py3.12\Lib\site-packages\django\urls\converters.py first seen with mtime 1746256411.9924395
DEBUG 2025-05-03 12:27:12,770 autoreload File C:\Users\user\AppData\Local\pypoetry\Cache\virtualenvs\djangologging-R3W2srQ6-py3.12\Lib\site-packages\asgiref\current_thread_executor.py first seen with mtime 1746256409.5468757
DEBUG 2025-05-03 12:27:12,770 autoreload File C:\Users\user\AppData\Local\pypoetry\Cache\virtualenvs\djangologging-R3W2srQ6-py3.12\Lib\site-packages\django\contrib\auth\checks.py first seen with mtime 1746256410.666146
DEBUG 2025-05-03 12:27:12,770 autoreload File C:\Users\user\AppData\Local\Programs\Python\Python312\Lib\asyncio\sslproto.py first seen with mtime 1738667112.0
DEBUG 2025-05-03 12:27:12,770 autoreload File C:\Users\user\AppData\Local\pypoetry\Cache\virtualenvs\djangologging-R3W2srQ6-py3.12\Lib\site-packages\django\db\backends\utils.py first seen with mtime 1746256411.8549006
DEBUG 2025-05-03 12:27:12,770 autoreload File C:\Users\user\AppData\Local\pypoetry\Cache\virtualenvs\djangologging-R3W2srQ6-py3.12\Lib\site-packages\django\views\decorators\debug.py first seen with mtime 1746256412.01954
DEBUG 2025-05-03 12:27:12,770 autoreload File C:\Users\user\AppData\Local\Programs\Python\Python312\Lib\email\_header_value_parser.py first seen with mtime 1738667112.0
DEBUG 2025-05-03 12:27:12,770 autoreload File C:\Users\user\AppData\Local\pypoetry\Cache\virtualenvs\djangologging-R3W2srQ6-py3.12\Lib\site-packages\django\views\generic\__init__.py first seen with mtime 1746256412.0223968
DEBUG 2025-05-03 12:27:12,772 autoreload File C:\Users\user\AppData\Local\Programs\Python\Python312\Lib\dataclasses.py first seen with mtime 1738667112.0
DEBUG 2025-05-03 12:27:12,772 autoreload File C:\Users\user\AppData\Local\pypoetry\Cache\virtualenvs\djangologging-R3W2srQ6-py3.12\Lib\site-packages\django\contrib\sites\shortcuts.py first seen with mtime 1746256411.668214
DEBUG 2025-05-03 12:27:12,772 autoreload File C:\Users\user\AppData\Local\Programs\Python\Python312\Lib\re\_parser.py first seen with mtime 1738667112.0
DEBUG 2025-05-03 12:27:12,772 autoreload File C:\Users\user\AppData\Local\pypoetry\Cache\virtualenvs\djangologging-R3W2srQ6-py3.12\Lib\site-packages\django\utils\hashable.py first seen with mtime 1746256412.004507
DEBUG 2025-05-03 12:27:12,772 autoreload File C:\Users\user\AppData\Local\pypoetry\Cache\virtualenvs\djangologging-R3W2srQ6-py3.12\Lib\site-packages\django\contrib\messages\middleware.py first seen with mtime 1746256411.3321464
DEBUG 2025-05-03 12:27:12,772 autoreload File C:\Users\user\AppData\Local\pypoetry\Cache\virtualenvs\djangologging-R3W2srQ6-py3.12\Lib\site-packages\django\core\signing.py first seen with mtime 1746256411.8005147
DEBUG 2025-05-03 12:27:12,772 autoreload File C:\Users\user\AppData\Local\Programs\Python\Python312\Lib\ctypes\_endian.py first seen with mtime 1738667112.0
DEBUG 2025-05-03 12:27:12,772 autoreload File C:\Users\user\AppData\Local\Programs\Python\Python312\Lib\json\scanner.py first seen with mtime 1738667112.0
DEBUG 2025-05-03 12:27:12,773 autoreload File C:\Users\user\AppData\Local\pypoetry\Cache\virtualenvs\djangologging-R3W2srQ6-py3.12\Lib\site-packages\django\db\models\functions\comparison.py first seen with mtime 1746256411.909868
DEBUG 2025-05-03 12:27:12,773 autoreload File C:\Users\user\AppData\Local\pypoetry\Cache\virtualenvs\djangologging-R3W2srQ6-py3.12\Lib\site-packages\django\utils\decorators.py first seen with mtime 1746256412.0010698
DEBUG 2025-05-03 12:27:12,773 autoreload File C:\Users\user\AppData\Local\Programs\Python\Python312\Lib\re\_constants.py first seen with mtime 1738667112.0
DEBUG 2025-05-03 12:27:12,773 autoreload File C:\Users\user\AppData\Local\pypoetry\Cache\virtualenvs\djangologging-R3W2srQ6-py3.12\Lib\site-packages\django\contrib\auth\backends.py first seen with mtime 1746256410.6651137
DEBUG 2025-05-03 12:27:12,773 autoreload File C:\Users\user\AppData\Local\pypoetry\Cache\virtualenvs\djangologging-R3W2srQ6-py3.12\Lib\site-packages\django\contrib\auth\hashers.py first seen with mtime 1746256410.6684692
DEBUG 2025-05-03 12:27:12,773 autoreload File C:\Users\user\AppData\Local\pypoetry\Cache\virtualenvs\djangologging-R3W2srQ6-py3.12\Lib\site-packages\django\utils\regex_helper.py first seen with mtime 1746256412.0089042
DEBUG 2025-05-03 12:27:12,774 autoreload File C:\Users\user\AppData\Local\pypoetry\Cache\virtualenvs\djangologging-R3W2srQ6-py3.12\Lib\site-packages\django\core\mail\message.py first seen with mtime 1746256411.8263748
DEBUG 2025-05-03 12:27:12,774 autoreload File C:\Users\user\AppData\Local\pypoetry\Cache\virtualenvs\djangologging-R3W2srQ6-py3.12\Lib\site-packages\starlette\concurrency.py first seen with mtime 1746256717.1588318
DEBUG 2025-05-03 12:27:12,774 autoreload File C:\Users\user\AppData\Local\Programs\Python\Python312\Lib\pprint.py first seen with mtime 1738667112.0
DEBUG 2025-05-03 12:27:12,774 autoreload File C:\Users\user\AppData\Local\Programs\Python\Python312\Lib\bz2.py first seen with mtime 1738667112.0
DEBUG 2025-05-03 12:27:12,774 autoreload File C:\Users\user\AppData\Local\pypoetry\Cache\virtualenvs\djangologging-R3W2srQ6-py3.12\Lib\site-packages\django\template\utils.py first seen with mtime 1746256411.9788594
DEBUG 2025-05-03 12:27:12,774 autoreload File C:\Users\user\AppData\Local\Programs\Python\Python312\Lib\email\utils.py first seen with mtime 1738667112.0
DEBUG 2025-05-03 12:27:12,774 autoreload File C:\Users\user\AppData\Local\pypoetry\Cache\virtualenvs\djangologging-R3W2srQ6-py3.12\Lib\site-packages\django\shortcuts.py first seen with mtime 1746256410.0000362
DEBUG 2025-05-03 12:27:12,774 autoreload File C:\Users\user\AppData\Local\pypoetry\Cache\virtualenvs\djangologging-R3W2srQ6-py3.12\Lib\site-packages\django\contrib\auth\tokens.py first seen with mtime 1746256410.6710162
DEBUG 2025-05-03 12:27:12,775 autoreload File C:\Users\user\AppData\Local\pypoetry\Cache\virtualenvs\djangologging-R3W2srQ6-py3.12\Lib\site-packages\django\utils\safestring.py first seen with mtime 1746256412.0099506
DEBUG 2025-05-03 12:27:12,775 autoreload File C:\Users\user\AppData\Local\pypoetry\Cache\virtualenvs\djangologging-R3W2srQ6-py3.12\Lib\site-packages\django\core\checks\compatibility\__init__.py first seen with mtime 1746256411.8122575
DEBUG 2025-05-03 12:27:12,775 autoreload File C:\Users\user\AppData\Local\pypoetry\Cache\virtualenvs\djangologging-R3W2srQ6-py3.12\Lib\site-packages\django\core\files\__init__.py first seen with mtime 1746256411.81565
DEBUG 2025-05-03 12:27:12,775 autoreload File C:\Users\user\AppData\Local\pypoetry\Cache\virtualenvs\djangologging-R3W2srQ6-py3.12\Lib\site-packages\django\db\models\fields\generated.py first seen with mtime 1746256411.905233
DEBUG 2025-05-03 12:27:12,775 autoreload File C:\Users\user\AppData\Local\pypoetry\Cache\virtualenvs\djangologging-R3W2srQ6-py3.12\Lib\site-packages\django\db\backends\base\client.py first seen with mtime 1746256411.8572488
DEBUG 2025-05-03 12:27:12,775 autoreload File C:\Users\user\AppData\Local\Programs\Python\Python312\Lib\fractions.py first seen with mtime 1738667112.0
DEBUG 2025-05-03 12:27:12,776 autoreload File C:\Users\user\AppData\Local\Programs\Python\Python312\Lib\asyncio\coroutines.py first seen with mtime 1738667112.0
DEBUG 2025-05-03 12:27:12,776 autoreload File C:\Users\user\AppData\Local\Programs\Python\Python312\Lib\wsgiref\util.py first seen with mtime 1738667114.0
DEBUG 2025-05-03 12:27:12,776 autoreload File C:\Users\user\AppData\Local\pypoetry\Cache\virtualenvs\djangologging-R3W2srQ6-py3.12\Lib\site-packages\django\forms\widgets.py first seen with mtime 1746256411.9235806
DEBUG 2025-05-03 12:27:12,776 autoreload File C:\Users\user\AppData\Local\pypoetry\Cache\virtualenvs\djangologging-R3W2srQ6-py3.12\Lib\site-packages\django\http\multipartparser.py first seen with mtime 1746256411.9657617
DEBUG 2025-05-03 12:27:12,776 autoreload File C:\Users\user\AppData\Local\pypoetry\Cache\virtualenvs\djangologging-R3W2srQ6-py3.12\Lib\site-packages\django\contrib\sessions\backends\__init__.py first seen with mtime 1746256411.5509398
DEBUG 2025-05-03 12:27:12,776 autoreload File C:\Users\user\AppData\Local\pypoetry\Cache\virtualenvs\djangologging-R3W2srQ6-py3.12\Lib\site-packages\anyio\abc\_eventloop.py first seen with mtime 1746256717.0577502
DEBUG 2025-05-03 12:27:12,776 autoreload File C:\Users\user\AppData\Local\pypoetry\Cache\virtualenvs\djangologging-R3W2srQ6-py3.12\Lib\site-packages\django\core\management\base.py first seen with mtime 1746256411.831868
DEBUG 2025-05-03 12:27:12,777 autoreload File C:\Users\user\AppData\Local\pypoetry\Cache\virtualenvs\djangologging-R3W2srQ6-py3.12\Lib\site-packages\django\db\models\manager.py first seen with mtime 1746256411.8992198
DEBUG 2025-05-03 12:27:12,777 autoreload File C:\Users\user\AppData\Local\pypoetry\Cache\virtualenvs\djangologging-R3W2srQ6-py3.12\Lib\site-packages\django\core\checks\registry.py first seen with mtime 1746256411.8112595
DEBUG 2025-05-03 12:27:12,777 autoreload File C:\Users\user\AppData\Local\Programs\Python\Python312\Lib\asyncio\constants.py first seen with mtime 1738667112.0
DEBUG 2025-05-03 12:27:12,777 autoreload File C:\Users\user\AppData\Local\pypoetry\Cache\virtualenvs\djangologging-R3W2srQ6-py3.12\Lib\site-packages\django\dispatch\dispatcher.py first seen with mtime 1746256411.9173667
DEBUG 2025-05-03 12:27:12,777 autoreload File C:\Users\user\AppData\Local\Programs\Python\Python312\Lib\encodings\utf_8_sig.py first seen with mtime 1738667112.0
DEBUG 2025-05-03 12:27:12,777 autoreload File C:\Users\user\AppData\Local\pypoetry\Cache\virtualenvs\djangologging-R3W2srQ6-py3.12\Lib\site-packages\anyio\_core\_synchronization.py first seen with mtime 1746256717.0552845
DEBUG 2025-05-03 12:27:12,778 autoreload File C:\Users\user\AppData\Local\Programs\Python\Python312\Lib\inspect.py first seen with mtime 1738667112.0
DEBUG 2025-05-03 12:27:12,778 autoreload File C:\Users\user\AppData\Local\pypoetry\Cache\virtualenvs\djangologging-R3W2srQ6-py3.12\Lib\site-packages\django\utils\log.py first seen with mtime 1746256412.0068316
DEBUG 2025-05-03 12:27:12,778 autoreload File C:\Users\user\AppData\Local\Programs\Python\Python312\Lib\asyncio\log.py first seen with mtime 1738667112.0
DEBUG 2025-05-03 12:27:12,778 autoreload File C:\Users\user\AppData\Local\pypoetry\Cache\virtualenvs\djangologging-R3W2srQ6-py3.12\Lib\site-packages\django\db\migrations\operations\models.py first seen with mtime 1746256411.893113
DEBUG 2025-05-03 12:27:12,778 autoreload File C:\Users\user\AppData\Local\Programs\Python\Python312\Lib\email\_encoded_words.py first seen with mtime 1738667112.0
DEBUG 2025-05-03 12:27:12,778 autoreload File C:\Users\user\AppData\Local\pypoetry\Cache\virtualenvs\djangologging-R3W2srQ6-py3.12\Lib\site-packages\django\db\models\utils.py first seen with mtime 1746256411.9024587
DEBUG 2025-05-03 12:27:12,778 autoreload File C:\Users\user\AppData\Local\Programs\Python\Python312\Lib\platform.py first seen with mtime 1738667112.0
DEBUG 2025-05-03 12:27:12,779 autoreload File C:\Users\user\AppData\Local\pypoetry\Cache\virtualenvs\djangologging-R3W2srQ6-py3.12\Lib\site-packages\anyio\_core\_sockets.py first seen with mtime 1746256717.0529833
DEBUG 2025-05-03 12:27:12,779 autoreload File C:\Users\user\AppData\Local\pypoetry\Cache\virtualenvs\djangologging-R3W2srQ6-py3.12\Lib\site-packages\django\db\models\signals.py first seen with mtime 1746256411.9024587
DEBUG 2025-05-03 12:27:12,779 autoreload File C:\Users\user\AppData\Local\pypoetry\Cache\virtualenvs\djangologging-R3W2srQ6-py3.12\Lib\site-packages\django\core\checks\security\csrf.py first seen with mtime 1746256411.8146474
DEBUG 2025-05-03 12:27:12,779 autoreload File C:\Users\user\AppData\Local\pypoetry\Cache\virtualenvs\djangologging-R3W2srQ6-py3.12\Lib\site-packages\django\contrib\sessions\apps.py first seen with mtime 1746256411.5488305
DEBUG 2025-05-03 12:27:12,779 autoreload File C:\Users\user\AppData\Local\pypoetry\Cache\virtualenvs\djangologging-R3W2srQ6-py3.12\Lib\site-packages\django\http\request.py first seen with mtime 1746256411.9657617
DEBUG 2025-05-03 12:27:12,779 autoreload File C:\Users\user\AppData\Local\pypoetry\Cache\virtualenvs\djangologging-R3W2srQ6-py3.12\Lib\site-packages\django\contrib\messages\constants.py first seen with mtime 1746256411.3321464
DEBUG 2025-05-03 12:27:12,779 autoreload File C:\Users\user\AppData\Local\Programs\Python\Python312\Lib\email\mime\base.py first seen with mtime 1738667112.0
DEBUG 2025-05-03 12:27:12,780 autoreload File C:\Users\user\AppData\Local\Programs\Python\Python312\Lib\email\mime\message.py first seen with mtime 1738667112.0
DEBUG 2025-05-03 12:27:12,780 autoreload File C:\Users\user\AppData\Local\pypoetry\Cache\virtualenvs\djangologging-R3W2srQ6-py3.12\Lib\site-packages\django\utils\autoreload.py first seen with mtime 1746256411.996907
DEBUG 2025-05-03 12:27:12,780 autoreload File C:\Users\user\AppData\Local\pypoetry\Cache\virtualenvs\djangologging-R3W2srQ6-py3.12\Lib\site-packages\django\db\backends\sqlite3\schema.py first seen with mtime 1746256411.8833477
DEBUG 2025-05-03 12:27:12,780 autoreload File C:\Users\user\AppData\Local\pypoetry\Cache\virtualenvs\djangologging-R3W2srQ6-py3.12\Lib\site-packages\django\contrib\auth\models.py first seen with mtime 1746256410.6698077
DEBUG 2025-05-03 12:27:12,780 autoreload File C:\Users\user\AppData\Local\Programs\Python\Python312\Lib\asyncio\events.py first seen with mtime 1738667112.0
DEBUG 2025-05-03 12:27:12,780 autoreload File C:\Users\user\AppData\Local\pypoetry\Cache\virtualenvs\djangologging-R3W2srQ6-py3.12\Lib\site-packages\django\template\loaders\__init__.py first seen with mtime 1746256411.9825833
DEBUG 2025-05-03 12:27:12,780 autoreload File C:\Users\user\AppData\Local\pypoetry\Cache\virtualenvs\djangologging-R3W2srQ6-py3.12\Lib\site-packages\django\contrib\staticfiles\views.py first seen with mtime 1746256411.7945163
DEBUG 2025-05-03 12:27:12,781 autoreload File C:\Users\user\Desktop\web2025\DjangoLogging\Logg_app\urls.py first seen with mtime 1746257009.8362732
DEBUG 2025-05-03 12:27:12,781 autoreload File C:\Users\user\AppData\Local\pypoetry\Cache\virtualenvs\djangologging-R3W2srQ6-py3.12\Lib\site-packages\django\template\backends\django.py first seen with mtime 1746256411.980354
DEBUG 2025-05-03 12:27:12,781 autoreload File C:\Users\user\AppData\Local\pypoetry\Cache\virtualenvs\djangologging-R3W2srQ6-py3.12\Lib\site-packages\django\views\i18n.py first seen with mtime 1746256412.01734
DEBUG 2025-05-03 12:27:12,781 autoreload File C:\Users\user\AppData\Local\Programs\Python\Python312\Lib\urllib\parse.py first seen with mtime 1738667114.0
DEBUG 2025-05-03 12:27:12,781 autoreload File C:\Users\user\AppData\Local\pypoetry\Cache\virtualenvs\djangologging-R3W2srQ6-py3.12\Lib\site-packages\django\core\cache\backends\base.py first seen with mtime 1746256411.803698
DEBUG 2025-05-03 12:27:12,781 autoreload File C:\Users\user\AppData\Local\pypoetry\Cache\virtualenvs\djangologging-R3W2srQ6-py3.12\Lib\site-packages\django\views\static.py first seen with mtime 1746256412.01734
DEBUG 2025-05-03 12:27:12,781 autoreload File C:\Users\user\AppData\Local\Programs\Python\Python312\Lib\__future__.py first seen with mtime 1738667112.0
DEBUG 2025-05-03 12:27:12,781 autoreload File C:\Users\user\AppData\Local\pypoetry\Cache\virtualenvs\djangologging-R3W2srQ6-py3.12\Lib\site-packages\django\db\__init__.py first seen with mtime 1746256411.852423
DEBUG 2025-05-03 12:27:12,783 autoreload File C:\Users\user\AppData\Local\pypoetry\Cache\virtualenvs\djangologging-R3W2srQ6-py3.12\Lib\site-packages\django\core\mail\__init__.py first seen with mtime 1746256411.8263748
DEBUG 2025-05-03 12:27:12,783 autoreload File C:\Users\user\AppData\Local\Programs\Python\Python312\DLLs\unicodedata.pyd first seen with mtime 1738667166.0
DEBUG 2025-05-03 12:27:12,783 autoreload File C:\Users\user\AppData\Local\pypoetry\Cache\virtualenvs\djangologging-R3W2srQ6-py3.12\Lib\site-packages\django\contrib\admin\templatetags\log.py first seen with mtime 1746256410.5404077
DEBUG 2025-05-03 12:27:12,783 autoreload File C:\Users\user\AppData\Local\pypoetry\Cache\virtualenvs\djangologging-R3W2srQ6-py3.12\Lib\site-packages\django\contrib\auth\admin.py first seen with mtime 1746256410.663787
DEBUG 2025-05-03 12:27:12,783 autoreload File C:\Users\user\AppData\Local\pypoetry\Cache\virtualenvs\djangologging-R3W2srQ6-py3.12\Lib\site-packages\django\db\models\fields\related_descriptors.py first seen with mtime 1746256411.907968
DEBUG 2025-05-03 12:27:12,783 autoreload File C:\Users\user\AppData\Local\Programs\Python\Python312\Lib\_compression.py first seen with mtime 1738667112.0
DEBUG 2025-05-03 12:27:12,783 autoreload File C:\Users\user\AppData\Local\Programs\Python\Python312\DLLs\_queue.pyd first seen with mtime 1738667166.0
DEBUG 2025-05-03 12:27:12,783 autoreload File C:\Users\user\AppData\Local\Programs\Python\Python312\DLLs\_sqlite3.pyd first seen with mtime 1738667166.0
DEBUG 2025-05-03 12:27:12,783 autoreload File C:\Users\user\AppData\Local\pypoetry\Cache\virtualenvs\djangologging-R3W2srQ6-py3.12\Lib\site-packages\django\contrib\contenttypes\forms.py first seen with mtime 1746256410.800413
DEBUG 2025-05-03 12:27:12,784 autoreload File C:\Users\user\AppData\Local\pypoetry\Cache\virtualenvs\djangologging-R3W2srQ6-py3.12\Lib\site-packages\django\utils\cache.py first seen with mtime 1746256411.9979098
DEBUG 2025-05-03 12:27:12,784 autoreload File C:\Users\user\AppData\Local\Programs\Python\Python312\DLLs\select.pyd first seen with mtime 1738667166.0
DEBUG 2025-05-03 12:27:12,784 autoreload File C:\Users\user\AppData\Local\Programs\Python\Python312\Lib\socketserver.py first seen with mtime 1738667112.0
DEBUG 2025-05-03 12:27:12,784 autoreload File C:\Users\user\AppData\Local\Programs\Python\Python312\Lib\typing.py first seen with mtime 1738667114.0
DEBUG 2025-05-03 12:27:12,784 autoreload File C:\Users\user\AppData\Local\pypoetry\Cache\virtualenvs\djangologging-R3W2srQ6-py3.12\Lib\site-packages\django\contrib\staticfiles\management\__init__.py first seen with mtime 1746256411.7945163
DEBUG 2025-05-03 12:27:12,784 autoreload File C:\Users\user\AppData\Local\Programs\Python\Python312\Lib\email\quoprimime.py first seen with mtime 1738667112.0
DEBUG 2025-05-03 12:27:12,784 autoreload File C:\Users\user\AppData\Local\pypoetry\Cache\virtualenvs\djangologging-R3W2srQ6-py3.12\Lib\site-packages\django\contrib\messages\storage\base.py first seen with mtime 1746256411.3350177
DEBUG 2025-05-03 12:27:12,785 autoreload File C:\Users\user\AppData\Local\pypoetry\Cache\virtualenvs\djangologging-R3W2srQ6-py3.12\Lib\site-packages\django\contrib\auth\decorators.py first seen with mtime 1746256410.667147
DEBUG 2025-05-03 12:27:12,785 autoreload File C:\Users\user\AppData\Local\pypoetry\Cache\virtualenvs\djangologging-R3W2srQ6-py3.12\Lib\site-packages\django\db\migrations\exceptions.py first seen with mtime 1746256411.884678
DEBUG 2025-05-03 12:27:12,785 autoreload File C:\Users\user\AppData\Local\pypoetry\Cache\virtualenvs\djangologging-R3W2srQ6-py3.12\Lib\site-packages\django\db\models\enums.py first seen with mtime 1746256411.8967454
DEBUG 2025-05-03 12:27:12,785 autoreload File C:\Users\user\AppData\Local\Programs\Python\Python312\Lib\email\base64mime.py first seen with mtime 1738667112.0
DEBUG 2025-05-03 12:27:12,785 autoreload File C:\Users\user\AppData\Local\Programs\Python\Python312\Lib\email\contentmanager.py first seen with mtime 1738667112.0
DEBUG 2025-05-03 12:27:12,785 autoreload File C:\Users\user\AppData\Local\pypoetry\Cache\virtualenvs\djangologging-R3W2srQ6-py3.12\Lib\site-packages\django\db\models\fields\reverse_related.py first seen with mtime 1746256411.907968
DEBUG 2025-05-03 12:27:12,786 autoreload File C:\Users\user\AppData\Local\pypoetry\Cache\virtualenvs\djangologging-R3W2srQ6-py3.12\Lib\site-packages\django\utils\text.py first seen with mtime 1746256412.010488
DEBUG 2025-05-03 12:27:12,786 autoreload File C:\Users\user\AppData\Local\Programs\Python\Python312\Lib\email\parser.py first seen with mtime 1738667112.0
DEBUG 2025-05-03 12:27:12,786 autoreload File C:\Users\user\AppData\Local\pypoetry\Cache\virtualenvs\djangologging-R3W2srQ6-py3.12\Lib\site-packages\django\utils\functional.py first seen with mtime 1746256412.004507
DEBUG 2025-05-03 12:27:12,786 autoreload File C:\Users\user\AppData\Local\pypoetry\Cache\virtualenvs\djangologging-R3W2srQ6-py3.12\Lib\site-packages\django\core\exceptions.py first seen with mtime 1746256411.7995157
DEBUG 2025-05-03 12:27:12,786 autoreload File C:\Users\user\AppData\Local\pypoetry\Cache\virtualenvs\djangologging-R3W2srQ6-py3.12\Lib\site-packages\django\template\defaulttags.py first seen with mtime 1746256411.9753966
DEBUG 2025-05-03 12:27:12,786 autoreload File C:\Users\user\AppData\Local\pypoetry\Cache\virtualenvs\djangologging-R3W2srQ6-py3.12\Lib\site-packages\django\core\checks\security\__init__.py first seen with mtime 1746256411.8134346
DEBUG 2025-05-03 12:27:12,786 autoreload File C:\Users\user\AppData\Local\pypoetry\Cache\virtualenvs\djangologging-R3W2srQ6-py3.12\Lib\site-packages\django\core\checks\urls.py first seen with mtime 1746256411.8122575
DEBUG 2025-05-03 12:27:12,787 autoreload File C:\Users\user\AppData\Local\Programs\Python\Python312\Lib\_markupbase.py first seen with mtime 1738667112.0
DEBUG 2025-05-03 12:27:12,787 autoreload File C:\Users\user\AppData\Local\Programs\Python\Python312\Lib\email\feedparser.py first seen with mtime 1738667112.0
DEBUG 2025-05-03 12:27:12,787 autoreload File C:\Users\user\AppData\Local\pypoetry\Cache\virtualenvs\djangologging-R3W2srQ6-py3.12\Lib\site-packages\django\core\files\base.py first seen with mtime 1746256411.81565
DEBUG 2025-05-03 12:27:12,787 autoreload File C:\Users\user\AppData\Local\Programs\Python\Python312\Lib\email\iterators.py first seen with mtime 1738667112.0
DEBUG 2025-05-03 12:27:12,787 autoreload File C:\Users\user\AppData\Local\Programs\Python\Python312\Lib\json\__init__.py first seen with mtime 1738667112.0
DEBUG 2025-05-03 12:27:12,787 autoreload File C:\Users\user\AppData\Local\pypoetry\Cache\virtualenvs\djangologging-R3W2srQ6-py3.12\Lib\site-packages\django\contrib\__init__.py first seen with mtime 1746256410.2087321
DEBUG 2025-05-03 12:27:12,787 autoreload File C:\Users\user\AppData\Local\pypoetry\Cache\virtualenvs\djangologging-R3W2srQ6-py3.12\Lib\site-packages\django\contrib\admin\utils.py first seen with mtime 1746256410.2160678
DEBUG 2025-05-03 12:27:12,788 autoreload File C:\Users\user\AppData\Local\Programs\Python\Python312\Lib\difflib.py first seen with mtime 1738667112.0
DEBUG 2025-05-03 12:27:12,788 autoreload File C:\Users\user\AppData\Local\pypoetry\Cache\virtualenvs\djangologging-R3W2srQ6-py3.12\Lib\site-packages\sniffio\_impl.py first seen with mtime 1746256716.9503016
DEBUG 2025-05-03 12:27:12,788 autoreload File C:\Users\user\AppData\Local\Programs\Python\Python312\Lib\ctypes\__init__.py first seen with mtime 1738667112.0
DEBUG 2025-05-03 12:27:12,788 autoreload File C:\Users\user\AppData\Local\pypoetry\Cache\virtualenvs\djangologging-R3W2srQ6-py3.12\Lib\site-packages\django\core\serializers\__init__.py first seen with mtime 1746256411.847203
DEBUG 2025-05-03 12:27:12,788 autoreload File C:\Users\user\AppData\Local\pypoetry\Cache\virtualenvs\djangologging-R3W2srQ6-py3.12\Lib\site-packages\django\db\backends\sqlite3\operations.py first seen with mtime 1746256411.8833477
DEBUG 2025-05-03 12:27:12,788 autoreload File C:\Users\user\AppData\Local\pypoetry\Cache\virtualenvs\djangologging-R3W2srQ6-py3.12\Lib\site-packages\sniffio\__init__.py first seen with mtime 1746256716.949299
DEBUG 2025-05-03 12:27:12,789 autoreload File C:\Users\user\AppData\Local\pypoetry\Cache\virtualenvs\djangologging-R3W2srQ6-py3.12\Lib\site-packages\django\contrib\sessions\backends\base.py first seen with mtime 1746256411.5509398
DEBUG 2025-05-03 12:27:12,789 autoreload File C:\Users\user\AppData\Local\pypoetry\Cache\virtualenvs\djangologging-R3W2srQ6-py3.12\Lib\site-packages\django\core\checks\async_checks.py first seen with mtime 1746256411.8078442
DEBUG 2025-05-03 12:27:12,789 autoreload File C:\Users\user\AppData\Local\Programs\Python\Python312\Lib\secrets.py first seen with mtime 1738667112.0
DEBUG 2025-05-03 12:27:12,789 autoreload File C:\Users\user\AppData\Local\Programs\Python\Python312\Lib\urllib\error.py first seen with mtime 1738667114.0
DEBUG 2025-05-03 12:27:12,789 autoreload File C:\Users\user\AppData\Local\pypoetry\Cache\virtualenvs\djangologging-R3W2srQ6-py3.12\Lib\site-packages\django\core\checks\templates.py first seen with mtime 1746256411.8112595
DEBUG 2025-05-03 12:27:12,789 autoreload File C:\Users\user\AppData\Local\pypoetry\Cache\virtualenvs\djangologging-R3W2srQ6-py3.12\Lib\site-packages\django\db\models\functions\math.py first seen with mtime 1746256411.9108667
DEBUG 2025-05-03 12:27:12,789 autoreload File C:\Users\user\AppData\Local\Programs\Python\Python312\Lib\subprocess.py first seen with mtime 1738667112.0
DEBUG 2025-05-03 12:27:12,790 autoreload File C:\Users\user\AppData\Local\pypoetry\Cache\virtualenvs\djangologging-R3W2srQ6-py3.12\Lib\site-packages\django\contrib\contenttypes\models.py first seen with mtime 1746256410.800413
DEBUG 2025-05-03 12:27:12,790 autoreload File C:\Users\user\AppData\Local\pypoetry\Cache\virtualenvs\djangologging-R3W2srQ6-py3.12\Lib\site-packages\django\core\serializers\json.py first seen with mtime 1746256411.848205
DEBUG 2025-05-03 12:27:12,790 autoreload File C:\Users\user\AppData\Local\Programs\Python\Python312\Lib\http\cookies.py first seen with mtime 1738667112.0
DEBUG 2025-05-03 12:27:12,790 autoreload File C:\Users\user\AppData\Local\pypoetry\Cache\virtualenvs\djangologging-R3W2srQ6-py3.12\Lib\site-packages\django\apps\registry.py first seen with mtime 1746256410.0010693
DEBUG 2025-05-03 12:27:12,790 autoreload File C:\Users\user\AppData\Local\pypoetry\Cache\virtualenvs\djangologging-R3W2srQ6-py3.12\Lib\site-packages\django\core\files\locks.py first seen with mtime 1746256411.8167593
DEBUG 2025-05-03 12:27:12,790 autoreload File C:\Users\user\AppData\Local\pypoetry\Cache\virtualenvs\djangologging-R3W2srQ6-py3.12\Lib\site-packages\sqlparse\filters\tokens.py first seen with mtime 1746256409.5377047
DEBUG 2025-05-03 12:27:12,791 autoreload File C:\Users\user\AppData\Local\Programs\Python\Python312\Lib\linecache.py first seen with mtime 1738667112.0
DEBUG 2025-05-03 12:27:12,791 autoreload File C:\Users\user\AppData\Local\pypoetry\Cache\virtualenvs\djangologging-R3W2srQ6-py3.12\Lib\site-packages\sqlparse\tokens.py first seen with mtime 1746256409.530897
DEBUG 2025-05-03 12:27:12,791 autoreload File C:\Users\user\AppData\Local\Programs\Python\Python312\Lib\calendar.py first seen with mtime 1738667112.0
DEBUG 2025-05-03 12:27:12,791 autoreload File C:\Users\user\AppData\Local\pypoetry\Cache\virtualenvs\djangologging-R3W2srQ6-py3.12\Lib\site-packages\django\db\models\__init__.py first seen with mtime 1746256411.8945248
DEBUG 2025-05-03 12:27:12,791 autoreload File C:\Users\user\AppData\Local\pypoetry\Cache\virtualenvs\djangologging-R3W2srQ6-py3.12\Lib\site-packages\anyio\abc\_resources.py first seen with mtime 1746256717.058929
DEBUG 2025-05-03 12:27:12,791 autoreload File C:\Users\user\AppData\Local\pypoetry\Cache\virtualenvs\djangologging-R3W2srQ6-py3.12\Lib\site-packages\django\db\backends\sqlite3\features.py first seen with mtime 1746256411.8808417
DEBUG 2025-05-03 12:27:12,791 autoreload File C:\Users\user\AppData\Local\pypoetry\Cache\virtualenvs\djangologging-R3W2srQ6-py3.12\Lib\site-packages\django\template\engine.py first seen with mtime 1746256411.9753966
DEBUG 2025-05-03 12:27:12,793 autoreload File C:\Users\user\AppData\Local\pypoetry\Cache\virtualenvs\djangologging-R3W2srQ6-py3.12\Lib\site-packages\anyio\_core\_fileio.py first seen with mtime 1746256717.0519862
DEBUG 2025-05-03 12:27:12,793 autoreload File C:\Users\user\AppData\Local\Programs\Python\Python312\Lib\asyncio\staggered.py first seen with mtime 1738667112.0
DEBUG 2025-05-03 12:27:12,793 autoreload File C:\Users\user\AppData\Local\pypoetry\Cache\virtualenvs\djangologging-R3W2srQ6-py3.12\Lib\site-packages\django\utils\_os.py first seen with mtime 1746256411.9955611
DEBUG 2025-05-03 12:27:12,793 autoreload File C:\Users\user\AppData\Local\pypoetry\Cache\virtualenvs\djangologging-R3W2srQ6-py3.12\Lib\site-packages\anyio\abc\_tasks.py first seen with mtime 1746256717.0614345
DEBUG 2025-05-03 12:27:12,793 autoreload File C:\Users\user\AppData\Local\pypoetry\Cache\virtualenvs\djangologging-R3W2srQ6-py3.12\Lib\site-packages\django\db\backends\sqlite3\_functions.py first seen with mtime 1746256411.8798387
DEBUG 2025-05-03 12:27:12,793 autoreload File C:\Users\user\AppData\Local\pypoetry\Cache\virtualenvs\djangologging-R3W2srQ6-py3.12\Lib\site-packages\starlette\config.py first seen with mtime 1746256717.1588318
DEBUG 2025-05-03 12:27:12,793 autoreload File C:\Users\user\AppData\Local\pypoetry\Cache\virtualenvs\djangologging-R3W2srQ6-py3.12\Lib\site-packages\django\contrib\staticfiles\apps.py first seen with mtime 1746256411.7903342
DEBUG 2025-05-03 12:27:12,793 autoreload File C:\Users\user\AppData\Local\Programs\Python\Python312\DLLs\_uuid.pyd first seen with mtime 1738667166.0
DEBUG 2025-05-03 12:27:12,793 autoreload File C:\Users\user\AppData\Local\pypoetry\Cache\virtualenvs\djangologging-R3W2srQ6-py3.12\Lib\site-packages\django\contrib\admin\actions.py first seen with mtime 1746256410.2098038
DEBUG 2025-05-03 12:27:12,793 autoreload File C:\Users\user\AppData\Local\pypoetry\Cache\virtualenvs\djangologging-R3W2srQ6-py3.12\Lib\site-packages\django\db\models\query_utils.py first seen with mtime 1746256411.901461
DEBUG 2025-05-03 12:27:12,794 autoreload File C:\Users\user\AppData\Local\pypoetry\Cache\virtualenvs\djangologging-R3W2srQ6-py3.12\Lib\site-packages\django\core\checks\compatibility\django_4_0.py first seen with mtime 1746256411.8122575
DEBUG 2025-05-03 12:27:12,794 autoreload File C:\Users\user\AppData\Local\pypoetry\Cache\virtualenvs\djangologging-R3W2srQ6-py3.12\Lib\site-packages\django\forms\fields.py first seen with mtime 1746256411.9198127
DEBUG 2025-05-03 12:27:12,794 autoreload File C:\Users\user\AppData\Local\pypoetry\Cache\virtualenvs\djangologging-R3W2srQ6-py3.12\Lib\site-packages\django\core\files\move.py first seen with mtime 1746256411.8167593
DEBUG 2025-05-03 12:27:12,794 autoreload File C:\Users\user\AppData\Local\Programs\Python\Python312\Lib\multiprocessing\reduction.py first seen with mtime 1738667112.0
DEBUG 2025-05-03 12:27:12,794 autoreload File C:\Users\user\AppData\Local\Programs\Python\Python312\Lib\wsgiref\simple_server.py first seen with mtime 1738667114.0
DEBUG 2025-05-03 12:27:12,794 autoreload File C:\Users\user\AppData\Local\Programs\Python\Python312\Lib\email\headerregistry.py first seen with mtime 1738667112.0
DEBUG 2025-05-03 12:27:12,794 autoreload File C:\Users\user\AppData\Local\Programs\Python\Python312\Lib\email\charset.py first seen with mtime 1738667112.0
DEBUG 2025-05-03 12:27:12,795 autoreload File C:\Users\user\AppData\Local\pypoetry\Cache\virtualenvs\djangologging-R3W2srQ6-py3.12\Lib\site-packages\anyio\__init__.py first seen with mtime 1746256717.0442736
DEBUG 2025-05-03 12:27:12,795 autoreload File C:\Users\user\AppData\Local\pypoetry\Cache\virtualenvs\djangologging-R3W2srQ6-py3.12\Lib\site-packages\django\utils\encoding.py first seen with mtime 1746256412.0025759
DEBUG 2025-05-03 12:27:12,795 autoreload File C:\Users\user\AppData\Local\Programs\Python\Python312\Lib\zoneinfo\__init__.py first seen with mtime 1738667114.0
DEBUG 2025-05-03 12:27:12,795 autoreload File C:\Users\user\AppData\Local\Programs\Python\Python312\Lib\zoneinfo\_common.py first seen with mtime 1738667114.0
DEBUG 2025-05-03 12:27:12,795 autoreload File C:\Users\user\AppData\Local\pypoetry\Cache\virtualenvs\djangologging-R3W2srQ6-py3.12\Lib\site-packages\django\core\cache\backends\filebased.py first seen with mtime 1746256411.8057356
DEBUG 2025-05-03 12:27:12,795 autoreload File C:\Users\user\AppData\Local\pypoetry\Cache\virtualenvs\djangologging-R3W2srQ6-py3.12\Lib\site-packages\django\contrib\admin\helpers.py first seen with mtime 1746256410.2133653
DEBUG 2025-05-03 12:27:12,796 autoreload File C:\Users\user\AppData\Local\pypoetry\Cache\virtualenvs\djangologging-R3W2srQ6-py3.12\Lib\site-packages\django\db\models\query.py first seen with mtime 1746256411.901461
DEBUG 2025-05-03 12:27:12,796 autoreload File C:\Users\user\AppData\Local\pypoetry\Cache\virtualenvs\djangologging-R3W2srQ6-py3.12\Lib\site-packages\django\core\handlers\__init__.py first seen with mtime 1746256411.8234367
DEBUG 2025-05-03 12:27:12,796 autoreload File C:\Users\user\AppData\Local\Programs\Python\Python312\Lib\fnmatch.py first seen with mtime 1738667112.0
DEBUG 2025-05-03 12:27:12,796 autoreload File C:\Users\user\AppData\Local\pypoetry\Cache\virtualenvs\djangologging-R3W2srQ6-py3.12\Lib\site-packages\django\core\handlers\base.py first seen with mtime 1746256411.8244987
DEBUG 2025-05-03 12:27:12,796 autoreload File C:\Users\user\AppData\Local\Programs\Python\Python312\Lib\copyreg.py first seen with mtime 1738667112.0
DEBUG 2025-05-03 12:27:12,796 autoreload File C:\Users\user\AppData\Local\pypoetry\Cache\virtualenvs\djangologging-R3W2srQ6-py3.12\Lib\site-packages\sqlparse\__init__.py first seen with mtime 1746256409.5264869
DEBUG 2025-05-03 12:27:12,797 autoreload File C:\Users\user\AppData\Local\Programs\Python\Python312\Lib\http\server.py first seen with mtime 1738667112.0
DEBUG 2025-05-03 12:27:12,797 autoreload File C:\Users\user\AppData\Local\Programs\Python\Python312\Lib\statistics.py first seen with mtime 1738667112.0
DEBUG 2025-05-03 12:27:12,797 autoreload File C:\Users\user\AppData\Local\pypoetry\Cache\virtualenvs\djangologging-R3W2srQ6-py3.12\Lib\site-packages\django\template\loaders\app_directories.py first seen with mtime 1746256411.9825833
DEBUG 2025-05-03 12:27:12,797 autoreload File C:\Users\user\AppData\Local\pypoetry\Cache\virtualenvs\djangologging-R3W2srQ6-py3.12\Lib\site-packages\anyio\streams\memory.py first seen with mtime 1746256717.0633936
DEBUG 2025-05-03 12:27:12,797 autoreload File C:\Users\user\AppData\Local\pypoetry\Cache\virtualenvs\djangologging-R3W2srQ6-py3.12\Lib\site-packages\django\template\loaders\filesystem.py first seen with mtime 1746256411.9835901
DEBUG 2025-05-03 12:27:12,797 autoreload File C:\Users\user\AppData\Local\Programs\Python\Python312\Lib\contextlib.py first seen with mtime 1738667112.0
DEBUG 2025-05-03 12:27:12,798 autoreload File C:\Users\user\AppData\Local\pypoetry\Cache\virtualenvs\djangologging-R3W2srQ6-py3.12\Lib\site-packages\django\utils\http.py first seen with mtime 1746256412.0056026
DEBUG 2025-05-03 12:27:12,798 autoreload File C:\Users\user\AppData\Local\Programs\Python\Python312\Lib\functools.py first seen with mtime 1738667112.0
DEBUG 2025-05-03 12:27:12,798 autoreload File C:\Users\user\AppData\Local\pypoetry\Cache\virtualenvs\djangologging-R3W2srQ6-py3.12\Lib\site-packages\django\utils\asyncio.py first seen with mtime 1746256411.996907
DEBUG 2025-05-03 12:27:12,798 autoreload File C:\Users\user\AppData\Local\pypoetry\Cache\virtualenvs\djangologging-R3W2srQ6-py3.12\Lib\site-packages\django\core\serializers\python.py first seen with mtime 1746256411.8494666
DEBUG 2025-05-03 12:27:12,798 autoreload File C:\Users\user\AppData\Local\pypoetry\Cache\virtualenvs\djangologging-R3W2srQ6-py3.12\Lib\site-packages\django\contrib\admin\models.py first seen with mtime 1746256410.2133653
DEBUG 2025-05-03 12:27:12,798 autoreload File C:\Users\user\AppData\Local\pypoetry\Cache\virtualenvs\djangologging-R3W2srQ6-py3.12\Lib\site-packages\django\contrib\auth\base_user.py first seen with mtime 1746256410.6651137
DEBUG 2025-05-03 12:27:12,798 autoreload File C:\Users\user\AppData\Local\Programs\Python\Python312\Lib\ipaddress.py first seen with mtime 1738667112.0
DEBUG 2025-05-03 12:27:12,799 autoreload File C:\Users\user\AppData\Local\pypoetry\Cache\virtualenvs\djangologging-R3W2srQ6-py3.12\Lib\site-packages\django\utils\tree.py first seen with mtime 1746256412.012114
DEBUG 2025-05-03 12:27:12,799 autoreload File C:\Users\user\AppData\Local\Programs\Python\Python312\Lib\logging\__init__.py first seen with mtime 1738667112.0
DEBUG 2025-05-03 12:27:12,799 autoreload File C:\Users\user\AppData\Local\Programs\Python\Python312\Lib\reprlib.py first seen with mtime 1738667112.0
DEBUG 2025-05-03 12:27:12,799 autoreload File C:\Users\user\AppData\Local\Programs\Python\Python312\Lib\getpass.py first seen with mtime 1738667112.0
DEBUG 2025-05-03 12:27:12,799 autoreload File C:\Users\user\AppData\Local\Programs\Python\Python312\Lib\gzip.py first seen with mtime 1738667112.0
DEBUG 2025-05-03 12:27:12,799 autoreload File C:\Users\user\AppData\Local\pypoetry\Cache\virtualenvs\djangologging-R3W2srQ6-py3.12\Lib\site-packages\django\core\files\uploadedfile.py first seen with mtime 1746256411.817969
DEBUG 2025-05-03 12:27:12,799 autoreload File C:\Users\user\AppData\Local\pypoetry\Cache\virtualenvs\djangologging-R3W2srQ6-py3.12\Lib\site-packages\django\db\migrations\migration.py first seen with mtime 1746256411.8871236
DEBUG 2025-05-03 12:27:12,800 autoreload File C:\Users\user\AppData\Local\Programs\Python\Python312\Lib\contextvars.py first seen with mtime 1738667112.0
DEBUG 2025-05-03 12:27:12,800 autoreload File C:\Users\user\AppData\Local\pypoetry\Cache\virtualenvs\djangologging-R3W2srQ6-py3.12\Lib\site-packages\django\utils\dateparse.py first seen with mtime 1746256412.0000849
DEBUG 2025-05-03 12:27:12,800 autoreload File C:\Users\user\AppData\Local\Programs\Python\Python312\DLLs\_wmi.pyd first seen with mtime 1738667166.0
DEBUG 2025-05-03 12:27:12,800 autoreload File C:\Users\user\AppData\Local\pypoetry\Cache\virtualenvs\djangologging-R3W2srQ6-py3.12\Lib\site-packages\django\contrib\auth\password_validation.py first seen with mtime 1746256410.6698077
DEBUG 2025-05-03 12:27:12,800 autoreload File C:\Users\user\AppData\Local\pypoetry\Cache\virtualenvs\djangologging-R3W2srQ6-py3.12\Lib\site-packages\sqlparse\sql.py first seen with mtime 1746256409.5298936
DEBUG 2025-05-03 12:27:12,800 autoreload File C:\Users\user\AppData\Local\Programs\Python\Python312\Lib\bisect.py first seen with mtime 1738667112.0
DEBUG 2025-05-03 12:27:12,800 autoreload File C:\Users\user\AppData\Local\Programs\Python\Python312\Lib\pkgutil.py first seen with mtime 1738667112.0
DEBUG 2025-05-03 12:27:12,801 autoreload File C:\Users\user\AppData\Local\Programs\Python\Python312\Lib\locale.py first seen with mtime 1738667112.0
DEBUG 2025-05-03 12:27:12,801 autoreload File C:\Users\user\AppData\Local\Programs\Python\Python312\Lib\hashlib.py first seen with mtime 1738667112.0
DEBUG 2025-05-03 12:27:12,801 autoreload File C:\Users\user\AppData\Local\pypoetry\Cache\virtualenvs\djangologging-R3W2srQ6-py3.12\Lib\site-packages\django\core\files\storage\memory.py first seen with mtime 1746256411.822113
DEBUG 2025-05-03 12:27:12,801 autoreload File C:\Users\user\AppData\Local\Programs\Python\Python312\Lib\string.py first seen with mtime 1738667112.0
DEBUG 2025-05-03 12:27:12,801 autoreload File C:\Users\user\Desktop\web2025\DjangoLogging\Logg_app\__init__.py first seen with mtime 1746256604.2628853
DEBUG 2025-05-03 12:27:12,801 autoreload File C:\Users\user\AppData\Local\pypoetry\Cache\virtualenvs\djangologging-R3W2srQ6-py3.12\Lib\site-packages\django\contrib\contenttypes\admin.py first seen with mtime 1746256410.7990339
DEBUG 2025-05-03 12:27:12,801 autoreload File C:\Users\user\AppData\Local\Programs\Python\Python312\Lib\collections\abc.py first seen with mtime 1738667112.0
DEBUG 2025-05-03 12:27:12,801 autoreload File C:\Users\user\AppData\Local\Programs\Python\Python312\Lib\heapq.py first seen with mtime 1738667112.0
DEBUG 2025-05-03 12:27:12,801 autoreload File C:\Users\user\AppData\Local\Programs\Python\Python312\Lib\wsgiref\__init__.py first seen with mtime 1738667114.0
DEBUG 2025-05-03 12:27:12,801 autoreload File C:\Users\user\AppData\Local\pypoetry\Cache\virtualenvs\djangologging-R3W2srQ6-py3.12\Lib\site-packages\django\utils\datastructures.py first seen with mtime 1746256411.999733
DEBUG 2025-05-03 12:27:12,801 autoreload File C:\Users\user\AppData\Local\pypoetry\Cache\virtualenvs\djangologging-R3W2srQ6-py3.12\Lib\site-packages\django\utils\crypto.py first seen with mtime 1746256411.9987214
DEBUG 2025-05-03 12:27:12,801 autoreload File C:\Users\user\AppData\Local\pypoetry\Cache\virtualenvs\djangologging-R3W2srQ6-py3.12\Lib\site-packages\django\db\models\fields\related.py first seen with mtime 1746256411.9066458
DEBUG 2025-05-03 12:27:12,801 autoreload File C:\Users\user\AppData\Local\pypoetry\Cache\virtualenvs\djangologging-R3W2srQ6-py3.12\Lib\site-packages\django\contrib\messages\apps.py first seen with mtime 1746256411.3321464
DEBUG 2025-05-03 12:27:12,803 autoreload File C:\Users\user\AppData\Local\pypoetry\Cache\virtualenvs\djangologging-R3W2srQ6-py3.12\Lib\site-packages\django\core\serializers\base.py first seen with mtime 1746256411.847203
DEBUG 2025-05-03 12:27:12,803 autoreload File C:\Users\user\AppData\Local\Programs\Python\Python312\Lib\email\mime\text.py first seen with mtime 1738667112.0
DEBUG 2025-05-03 12:27:12,803 autoreload File C:\Users\user\AppData\Local\pypoetry\Cache\virtualenvs\djangologging-R3W2srQ6-py3.12\Lib\site-packages\django\contrib\contenttypes\checks.py first seen with mtime 1746256410.7990339
DEBUG 2025-05-03 12:27:12,803 autoreload File C:\Users\user\AppData\Local\pypoetry\Cache\virtualenvs\djangologging-R3W2srQ6-py3.12\Lib\site-packages\anyio\streams\__init__.py first seen with mtime 1746256717.0614345
DEBUG 2025-05-03 12:27:13,963 autoreload File C:\Users\user\AppData\Local\pypoetry\Cache\virtualenvs\djangologging-R3W2srQ6-py3.12\Lib\site-packages\django\contrib\auth\migrations\0010_alter_group_name_max_length.py first seen with mtime 1746256410.7947216
DEBUG 2025-05-03 12:27:13,965 autoreload File C:\Users\user\AppData\Local\pypoetry\Cache\virtualenvs\djangologging-R3W2srQ6-py3.12\Lib\site-packages\django\contrib\auth\migrations\__init__.py first seen with mtime 1746256410.7968955
DEBUG 2025-05-03 12:27:13,965 autoreload File C:\Users\user\AppData\Local\pypoetry\Cache\virtualenvs\djangologging-R3W2srQ6-py3.12\Lib\site-packages\django\db\migrations\optimizer.py first seen with mtime 1746256411.88814
DEBUG 2025-05-03 12:27:13,967 autoreload File C:\Users\user\AppData\Local\pypoetry\Cache\virtualenvs\djangologging-R3W2srQ6-py3.12\Lib\site-packages\django\contrib\admin\migrations\0001_initial.py first seen with mtime 1746256410.433666
DEBUG 2025-05-03 12:27:13,967 autoreload File C:\Users\user\AppData\Local\pypoetry\Cache\virtualenvs\djangologging-R3W2srQ6-py3.12\Lib\site-packages\django\contrib\auth\migrations\0004_alter_user_username_opts.py first seen with mtime 1746256410.7925694
DEBUG 2025-05-03 12:27:13,967 autoreload File C:\Users\user\AppData\Local\pypoetry\Cache\virtualenvs\djangologging-R3W2srQ6-py3.12\Lib\site-packages\django\contrib\auth\migrations\0011_update_proxy_permissions.py first seen with mtime 1746256410.7958944
DEBUG 2025-05-03 12:27:13,968 autoreload File C:\Users\user\AppData\Local\Programs\Python\Python312\Lib\encodings\idna.py first seen with mtime 1738667112.0
DEBUG 2025-05-03 12:27:13,969 autoreload File C:\Users\user\AppData\Local\pypoetry\Cache\virtualenvs\djangologging-R3W2srQ6-py3.12\Lib\site-packages\django\db\migrations\recorder.py first seen with mtime 1746256411.8891523
DEBUG 2025-05-03 12:27:13,971 autoreload File C:\Users\user\Desktop\web2025\DjangoLogging\Logging_prj\wsgi.py first seen with mtime 1746256544.2816694
DEBUG 2025-05-03 12:27:13,973 autoreload File C:\Users\user\AppData\Local\pypoetry\Cache\virtualenvs\djangologging-R3W2srQ6-py3.12\Lib\site-packages\django\db\migrations\questioner.py first seen with mtime 1746256411.88814
DEBUG 2025-05-03 12:27:13,973 autoreload File C:\Users\user\AppData\Local\pypoetry\Cache\virtualenvs\djangologging-R3W2srQ6-py3.12\Lib\site-packages\django\middleware\clickjacking.py first seen with mtime 1746256411.968021
DEBUG 2025-05-03 12:27:13,974 autoreload File C:\Users\user\AppData\Local\pypoetry\Cache\virtualenvs\djangologging-R3W2srQ6-py3.12\Lib\site-packages\django\views\csrf.py first seen with mtime 1746256412.0161393
DEBUG 2025-05-03 12:27:13,974 autoreload File C:\Users\user\AppData\Local\pypoetry\Cache\virtualenvs\djangologging-R3W2srQ6-py3.12\Lib\site-packages\django\contrib\auth\migrations\0007_alter_validators_add_error_messages.py first seen with mtime 1746256410.7947216
DEBUG 2025-05-03 12:27:13,975 autoreload File C:\Users\user\AppData\Local\pypoetry\Cache\virtualenvs\djangologging-R3W2srQ6-py3.12\Lib\site-packages\django\contrib\sessions\backends\db.py first seen with mtime 1746256411.5535488
DEBUG 2025-05-03 12:27:13,975 autoreload File C:\Users\user\AppData\Local\pypoetry\Cache\virtualenvs\djangologging-R3W2srQ6-py3.12\Lib\site-packages\django\contrib\contenttypes\migrations\0002_remove_content_type_name.py first seen with mtime 1746256410.9114904
DEBUG 2025-05-03 12:27:13,975 autoreload File C:\Users\user\AppData\Local\pypoetry\Cache\virtualenvs\djangologging-R3W2srQ6-py3.12\Lib\site-packages\django\contrib\sessions\migrations\0001_initial.py first seen with mtime 1746256411.6610155
DEBUG 2025-05-03 12:27:13,976 autoreload File C:\Users\user\AppData\Local\pypoetry\Cache\virtualenvs\djangologging-R3W2srQ6-py3.12\Lib\site-packages\django\contrib\sessions\migrations\__init__.py first seen with mtime 1746256411.6610155
DEBUG 2025-05-03 12:27:13,978 autoreload File C:\Users\user\AppData\Local\pypoetry\Cache\virtualenvs\djangologging-R3W2srQ6-py3.12\Lib\site-packages\django\contrib\auth\migrations\0012_alter_user_first_name_max_length.py first seen with mtime 1746256410.7958944
DEBUG 2025-05-03 12:27:13,979 autoreload File C:\Users\user\AppData\Local\pypoetry\Cache\virtualenvs\djangologging-R3W2srQ6-py3.12\Lib\site-packages\django\db\migrations\graph.py first seen with mtime 1746256411.8861246
DEBUG 2025-05-03 12:27:13,979 autoreload File C:\Users\user\AppData\Local\pypoetry\Cache\virtualenvs\djangologging-R3W2srQ6-py3.12\Lib\site-packages\django\db\migrations\loader.py first seen with mtime 1746256411.8871236
DEBUG 2025-05-03 12:27:13,979 autoreload File C:\Users\user\AppData\Local\Programs\Python\Python312\Lib\stringprep.py first seen with mtime 1738667112.0
DEBUG 2025-05-03 12:27:13,980 autoreload File C:\Users\user\AppData\Local\pypoetry\Cache\virtualenvs\djangologging-R3W2srQ6-py3.12\Lib\site-packages\django\core\management\sql.py first seen with mtime 1746256411.832371
DEBUG 2025-05-03 12:27:13,980 autoreload File C:\Users\user\AppData\Local\pypoetry\Cache\virtualenvs\djangologging-R3W2srQ6-py3.12\Lib\site-packages\django\contrib\auth\migrations\0006_require_contenttypes_0002.py first seen with mtime 1746256410.7935803
DEBUG 2025-05-03 12:27:13,981 autoreload File C:\Users\user\AppData\Local\pypoetry\Cache\virtualenvs\djangologging-R3W2srQ6-py3.12\Lib\site-packages\django\contrib\auth\migrations\0005_alter_user_last_login_null.py first seen with mtime 1746256410.7935803
DEBUG 2025-05-03 12:27:13,981 autoreload File C:\Users\user\AppData\Local\pypoetry\Cache\virtualenvs\djangologging-R3W2srQ6-py3.12\Lib\site-packages\django\contrib\auth\migrations\0008_alter_user_username_max_length.py first seen with mtime 1746256410.7947216
DEBUG 2025-05-03 12:27:13,981 autoreload File C:\Users\user\AppData\Local\pypoetry\Cache\virtualenvs\djangologging-R3W2srQ6-py3.12\Lib\site-packages\django\db\migrations\writer.py first seen with mtime 1746256411.8901534
DEBUG 2025-05-03 12:27:13,982 autoreload File C:\Users\user\AppData\Local\pypoetry\Cache\virtualenvs\djangologging-R3W2srQ6-py3.12\Lib\site-packages\django\contrib\auth\migrations\0003_alter_user_email_max_length.py first seen with mtime 1746256410.7925694
DEBUG 2025-05-03 12:27:13,983 autoreload File C:\Users\user\AppData\Local\pypoetry\Cache\virtualenvs\djangologging-R3W2srQ6-py3.12\Lib\site-packages\django\contrib\auth\migrations\0001_initial.py first seen with mtime 1746256410.7910626
DEBUG 2025-05-03 12:27:13,983 autoreload File C:\Users\user\AppData\Local\pypoetry\Cache\virtualenvs\djangologging-R3W2srQ6-py3.12\Lib\site-packages\django\db\migrations\autodetector.py first seen with mtime 1746256411.884678
DEBUG 2025-05-03 12:27:13,983 autoreload File C:\Users\user\AppData\Local\pypoetry\Cache\virtualenvs\djangologging-R3W2srQ6-py3.12\Lib\site-packages\django\contrib\contenttypes\migrations\0001_initial.py first seen with mtime 1746256410.9114904
DEBUG 2025-05-03 12:27:13,984 autoreload File C:\Users\user\AppData\Local\pypoetry\Cache\virtualenvs\djangologging-R3W2srQ6-py3.12\Lib\site-packages\django\contrib\contenttypes\migrations\__init__.py first seen with mtime 1746256410.912489
DEBUG 2025-05-03 12:27:13,985 autoreload File C:\Users\user\AppData\Local\pypoetry\Cache\virtualenvs\djangologging-R3W2srQ6-py3.12\Lib\site-packages\django\contrib\admin\migrations\0002_logentry_remove_auto_add.py first seen with mtime 1746256410.4350212
DEBUG 2025-05-03 12:27:13,985 autoreload File C:\Users\user\AppData\Local\pypoetry\Cache\virtualenvs\djangologging-R3W2srQ6-py3.12\Lib\site-packages\django\core\management\commands\migrate.py first seen with mtime 1746256411.8397155
DEBUG 2025-05-03 12:27:13,985 autoreload File C:\Users\user\AppData\Local\pypoetry\Cache\virtualenvs\djangologging-R3W2srQ6-py3.12\Lib\site-packages\django\contrib\auth\migrations\0002_alter_permission_name_max_length.py first seen with mtime 1746256410.7925694
DEBUG 2025-05-03 12:27:13,985 autoreload File C:\Users\user\AppData\Local\pypoetry\Cache\virtualenvs\djangologging-R3W2srQ6-py3.12\Lib\site-packages\django\db\migrations\serializer.py first seen with mtime 1746256411.8891523
DEBUG 2025-05-03 12:27:13,986 autoreload File C:\Users\user\AppData\Local\pypoetry\Cache\virtualenvs\djangologging-R3W2srQ6-py3.12\Lib\site-packages\django\contrib\admin\migrations\0003_logentry_add_action_flag_choices.py first seen with mtime 1746256410.4350212
DEBUG 2025-05-03 12:27:13,987 autoreload File C:\Users\user\AppData\Local\pypoetry\Cache\virtualenvs\djangologging-R3W2srQ6-py3.12\Lib\site-packages\django\contrib\admin\migrations\__init__.py first seen with mtime 1746256410.4350212
DEBUG 2025-05-03 12:27:13,987 autoreload File C:\Users\user\AppData\Local\pypoetry\Cache\virtualenvs\djangologging-R3W2srQ6-py3.12\Lib\site-packages\django\contrib\auth\migrations\0009_alter_user_last_name_max_length.py first seen with mtime 1746256410.7947216
DEBUG 2025-05-03 12:27:13,987 autoreload File C:\Users\user\AppData\Local\pypoetry\Cache\virtualenvs\djangologging-R3W2srQ6-py3.12\Lib\site-packages\django\db\models\sql\compiler.py first seen with mtime 1746256411.9146137
DEBUG 2025-05-03 12:27:13,990 autoreload File C:\Users\user\AppData\Local\pypoetry\Cache\virtualenvs\djangologging-R3W2srQ6-py3.12\Lib\site-packages\django\db\migrations\executor.py first seen with mtime 1746256411.8861246
DEBUG 2025-05-03 12:27:13,990 autoreload File C:\Users\user\AppData\Local\pypoetry\Cache\virtualenvs\djangologging-R3W2srQ6-py3.12\Lib\site-packages\django\core\management\utils.py first seen with mtime 1746256411.833639
DEBUG 2025-05-03 12:27:17,086 views Ёто DEBUG сообщение Ч отладочна€ информаци€
INFO 2025-05-03 12:27:17,086 views Ёто INFO сообщение Ч общее уведомление
WARNING 2025-05-03 12:27:17,086 views Ёто WARNING сообщение Ч предупреждение
ERROR 2025-05-03 12:27:17,086 views Ёто ERROR сообщение Ч ошибка
CRITICAL 2025-05-03 12:27:17,086 views Ёто CRITICAL сообщение Ч критическа€ ошибка
INFO 2025-05-03 12:27:17,087 basehttp "GET /log-test/ HTTP/1.1" 200 99
DEBUG 2025-05-03 12:27:18,224 autoreload File C:\Users\user\AppData\Local\pypoetry\Cache\virtualenvs\djangologging-R3W2srQ6-py3.12\Lib\site-packages\django\contrib\messages\storage\fallback.py first seen with mtime 1746256411.3364217
DEBUG 2025-05-03 12:27:18,225 autoreload File C:\Users\user\AppData\Local\pypoetry\Cache\virtualenvs\djangologging-R3W2srQ6-py3.12\Lib\site-packages\django\contrib\sessions\serializers.py first seen with mtime 1746256411.5509398
DEBUG 2025-05-03 12:27:18,236 autoreload File C:\Users\user\AppData\Local\pypoetry\Cache\virtualenvs\djangologging-R3W2srQ6-py3.12\Lib\site-packages\django\contrib\messages\storage\cookie.py first seen with mtime 1746256411.3364217
DEBUG 2025-05-03 12:27:18,240 autoreload File C:\Users\user\AppData\Local\pypoetry\Cache\virtualenvs\djangologging-R3W2srQ6-py3.12\Lib\site-packages\django\contrib\messages\storage\session.py first seen with mtime 1746256411.3364217
DEBUG 2025-05-03 12:27:22,431 views Ёто DEBUG сообщение Ч отладочна€ информаци€
INFO 2025-05-03 12:27:22,432 views Ёто INFO сообщение Ч общее уведомление
WARNING 2025-05-03 12:27:22,432 views Ёто WARNING сообщение Ч предупреждение
ERROR 2025-05-03 12:27:22,432 views Ёто ERROR сообщение Ч ошибка
CRITICAL 2025-05-03 12:27:22,432 views Ёто CRITICAL сообщение Ч критическа€ ошибка
INFO 2025-05-03 12:27:22,433 basehttp "GET /log-test/ HTTP/1.1" 200 99
DEBUG 2025-05-03 12:27:59,757 autoreload File C:\Users\user\Desktop\web2025\DjangoLogging\Logging_prj\settings.py previous mtime: 1746256896.675815, current mtime: 1746257279.503219
DEBUG 2025-05-03 12:27:59,757 autoreload C:\Users\user\Desktop\web2025\DjangoLogging\Logging_prj\settings.py notified as changed. Signal results: [(<function template_changed at 0x0000024C93E3EFC0>, None), (<function translation_file_changed at 0x0000024C94D63E20>, None)].
INFO 2025-05-03 12:27:59,757 autoreload C:\Users\user\Desktop\web2025\DjangoLogging\Logging_prj\settings.py changed, reloading.
INFO 2025-05-03 12:28:00,232 autoreload Watching for file changes with StatReloader
DEBUG 2025-05-03 12:28:00,233 autoreload Waiting for apps ready_event.
DEBUG 2025-05-03 12:28:00,237 autoreload Apps ready_event triggered. Sending autoreload_started signal.
DEBUG 2025-05-03 12:28:00,246 autoreload Watching dir C:\Users\user\Desktop\web2025\DjangoLogging\locale with glob **/*.mo.
DEBUG 2025-05-03 12:28:00,289 utils (0.000) 
            SELECT name, type FROM sqlite_master
            WHERE type in ('table', 'view') AND NOT name='sqlite_sequence'
            ORDER BY name; args=None; alias=default
DEBUG 2025-05-03 12:28:00,290 utils (0.000) SELECT "django_migrations"."id", "django_migrations"."app", "django_migrations"."name", "django_migrations"."applied" FROM "django_migrations"; args=(); alias=default
DEBUG 2025-05-03 12:28:00,394 autoreload File C:\Users\user\AppData\Local\pypoetry\Cache\virtualenvs\djangologging-R3W2srQ6-py3.12\Lib\site-packages\django\db\backends\__init__.py first seen with mtime 1746256411.8538966
DEBUG 2025-05-03 12:28:00,394 autoreload File C:\Users\user\AppData\Local\Programs\Python\Python312\Lib\sqlite3\__init__.py first seen with mtime 1738667112.0
DEBUG 2025-05-03 12:28:00,394 autoreload File C:\Users\user\AppData\Local\pypoetry\Cache\virtualenvs\djangologging-R3W2srQ6-py3.12\Lib\site-packages\django\core\signals.py first seen with mtime 1746256411.8005147
DEBUG 2025-05-03 12:28:00,395 autoreload File C:\Users\user\AppData\Local\pypoetry\Cache\virtualenvs\djangologging-R3W2srQ6-py3.12\Lib\site-packages\django\contrib\sessions\base_session.py first seen with mtime 1746256411.5488305
DEBUG 2025-05-03 12:28:00,396 autoreload File C:\Users\user\AppData\Local\Programs\Python\Python312\Lib\email\encoders.py first seen with mtime 1738667112.0
DEBUG 2025-05-03 12:28:00,396 autoreload File C:\Users\user\AppData\Local\pypoetry\Cache\virtualenvs\djangologging-R3W2srQ6-py3.12\Lib\site-packages\anyio\_core\_signals.py first seen with mtime 1746256717.0529833
DEBUG 2025-05-03 12:28:00,396 autoreload File C:\Users\user\AppData\Local\Programs\Python\Python312\Lib\http\__init__.py first seen with mtime 1738667112.0
DEBUG 2025-05-03 12:28:00,396 autoreload File C:\Users\user\AppData\Local\Programs\Python\Python312\Lib\token.py first seen with mtime 1738667114.0
DEBUG 2025-05-03 12:28:00,396 autoreload File C:\Users\user\AppData\Local\Programs\Python\Python312\Lib\asyncio\sslproto.py first seen with mtime 1738667112.0
DEBUG 2025-05-03 12:28:00,397 autoreload File C:\Users\user\AppData\Local\pypoetry\Cache\virtualenvs\djangologging-R3W2srQ6-py3.12\Lib\site-packages\django\template\loaders\cached.py first seen with mtime 1746256411.9835901
DEBUG 2025-05-03 12:28:00,397 autoreload File C:\Users\user\AppData\Local\pypoetry\Cache\virtualenvs\djangologging-R3W2srQ6-py3.12\Lib\site-packages\django\db\migrations\migration.py first seen with mtime 1746256411.8871236
DEBUG 2025-05-03 12:28:00,397 autoreload File C:\Users\user\AppData\Local\Programs\Python\Python312\Lib\encodings\aliases.py first seen with mtime 1738667112.0
DEBUG 2025-05-03 12:28:00,397 autoreload File C:\Users\user\AppData\Local\pypoetry\Cache\virtualenvs\djangologging-R3W2srQ6-py3.12\Lib\site-packages\django\core\files\base.py first seen with mtime 1746256411.81565
DEBUG 2025-05-03 12:28:00,397 autoreload File C:\Users\user\AppData\Local\pypoetry\Cache\virtualenvs\djangologging-R3W2srQ6-py3.12\Lib\site-packages\django\template\loaders\filesystem.py first seen with mtime 1746256411.9835901
DEBUG 2025-05-03 12:28:00,397 autoreload File C:\Users\user\AppData\Local\pypoetry\Cache\virtualenvs\djangologging-R3W2srQ6-py3.12\Lib\site-packages\django\db\backends\base\operations.py first seen with mtime 1746256411.859545
DEBUG 2025-05-03 12:28:00,397 autoreload File C:\Users\user\AppData\Local\pypoetry\Cache\virtualenvs\djangologging-R3W2srQ6-py3.12\Lib\site-packages\django\contrib\contenttypes\forms.py first seen with mtime 1746256410.800413
DEBUG 2025-05-03 12:28:00,397 autoreload File C:\Users\user\AppData\Local\pypoetry\Cache\virtualenvs\djangologging-R3W2srQ6-py3.12\Lib\site-packages\django\db\models\sql\query.py first seen with mtime 1746256411.9159045
DEBUG 2025-05-03 12:28:00,398 autoreload File C:\Users\user\AppData\Local\pypoetry\Cache\virtualenvs\djangologging-R3W2srQ6-py3.12\Lib\site-packages\asgiref\local.py first seen with mtime 1746256409.5478785
DEBUG 2025-05-03 12:28:00,398 autoreload File C:\Users\user\AppData\Local\pypoetry\Cache\virtualenvs\djangologging-R3W2srQ6-py3.12\Lib\site-packages\django\contrib\auth\views.py first seen with mtime 1746256410.6725228
DEBUG 2025-05-03 12:28:00,398 autoreload File C:\Users\user\AppData\Local\Programs\Python\Python312\Lib\email\contentmanager.py first seen with mtime 1738667112.0
DEBUG 2025-05-03 12:28:00,398 autoreload File C:\Users\user\AppData\Local\pypoetry\Cache\virtualenvs\djangologging-R3W2srQ6-py3.12\Lib\site-packages\django\urls\exceptions.py first seen with mtime 1746256411.994109
DEBUG 2025-05-03 12:28:00,398 autoreload File C:\Users\user\AppData\Local\pypoetry\Cache\virtualenvs\djangologging-R3W2srQ6-py3.12\Lib\site-packages\django\http\request.py first seen with mtime 1746256411.9657617
DEBUG 2025-05-03 12:28:00,398 autoreload File C:\Users\user\AppData\Local\pypoetry\Cache\virtualenvs\djangologging-R3W2srQ6-py3.12\Lib\site-packages\django\template\__init__.py first seen with mtime 1746256411.970941
DEBUG 2025-05-03 12:28:00,398 autoreload File C:\Users\user\AppData\Local\pypoetry\Cache\virtualenvs\djangologging-R3W2srQ6-py3.12\Lib\site-packages\sqlparse\utils.py first seen with mtime 1746256409.530897
DEBUG 2025-05-03 12:28:00,398 autoreload File C:\Users\user\AppData\Local\pypoetry\Cache\virtualenvs\djangologging-R3W2srQ6-py3.12\Lib\site-packages\django\views\__init__.py first seen with mtime 1746256412.0151374
DEBUG 2025-05-03 12:28:00,399 autoreload File C:\Users\user\AppData\Local\pypoetry\Cache\virtualenvs\djangologging-R3W2srQ6-py3.12\Lib\site-packages\anyio\streams\memory.py first seen with mtime 1746256717.0633936
DEBUG 2025-05-03 12:28:00,399 autoreload File C:\Users\user\AppData\Local\pypoetry\Cache\virtualenvs\djangologging-R3W2srQ6-py3.12\Lib\site-packages\django\db\models\fields\__init__.py first seen with mtime 1746256411.9038277
DEBUG 2025-05-03 12:28:00,399 autoreload File C:\Users\user\AppData\Local\Programs\Python\Python312\Lib\html\parser.py first seen with mtime 1738667112.0
DEBUG 2025-05-03 12:28:00,399 autoreload File C:\Users\user\AppData\Local\pypoetry\Cache\virtualenvs\djangologging-R3W2srQ6-py3.12\Lib\site-packages\django\core\management\color.py first seen with mtime 1746256411.832371
DEBUG 2025-05-03 12:28:00,399 autoreload File C:\Users\user\AppData\Local\pypoetry\Cache\virtualenvs\djangologging-R3W2srQ6-py3.12\Lib\site-packages\django\template\context.py first seen with mtime 1746256411.9724474
DEBUG 2025-05-03 12:28:00,399 autoreload File C:\Users\user\AppData\Local\pypoetry\Cache\virtualenvs\djangologging-R3W2srQ6-py3.12\Lib\site-packages\django\contrib\admin\templatetags\log.py first seen with mtime 1746256410.5404077
DEBUG 2025-05-03 12:28:00,399 autoreload File C:\Users\user\AppData\Local\pypoetry\Cache\virtualenvs\djangologging-R3W2srQ6-py3.12\Lib\site-packages\starlette\datastructures.py first seen with mtime 1746256717.1601782
DEBUG 2025-05-03 12:28:00,399 autoreload File C:\Users\user\AppData\Local\Programs\Python\Python312\Lib\asyncio\exceptions.py first seen with mtime 1738667112.0
DEBUG 2025-05-03 12:28:00,400 autoreload File C:\Users\user\AppData\Local\Programs\Python\Python312\Lib\logging\handlers.py first seen with mtime 1738667112.0
DEBUG 2025-05-03 12:28:00,400 autoreload File C:\Users\user\AppData\Local\Programs\Python\Python312\Lib\reprlib.py first seen with mtime 1738667112.0
DEBUG 2025-05-03 12:28:00,400 autoreload File C:\Users\user\AppData\Local\pypoetry\Cache\virtualenvs\djangologging-R3W2srQ6-py3.12\Lib\site-packages\django\core\checks\registry.py first seen with mtime 1746256411.8112595
DEBUG 2025-05-03 12:28:00,400 autoreload File C:\Users\user\AppData\Local\Programs\Python\Python312\DLLs\_wmi.pyd first seen with mtime 1738667166.0
DEBUG 2025-05-03 12:28:00,400 autoreload File C:\Users\user\AppData\Local\Programs\Python\Python312\Lib\collections\abc.py first seen with mtime 1738667112.0
DEBUG 2025-05-03 12:28:00,400 autoreload File C:\Users\user\AppData\Local\pypoetry\Cache\virtualenvs\djangologging-R3W2srQ6-py3.12\Lib\site-packages\django\contrib\messages\constants.py first seen with mtime 1746256411.3321464
DEBUG 2025-05-03 12:28:00,400 autoreload File C:\Users\user\AppData\Local\pypoetry\Cache\virtualenvs\djangologging-R3W2srQ6-py3.12\Lib\site-packages\django\template\utils.py first seen with mtime 1746256411.9788594
DEBUG 2025-05-03 12:28:00,401 autoreload File C:\Users\user\AppData\Local\pypoetry\Cache\virtualenvs\djangologging-R3W2srQ6-py3.12\Lib\site-packages\django\template\library.py first seen with mtime 1746256411.9763935
DEBUG 2025-05-03 12:28:00,401 autoreload File C:\Users\user\AppData\Local\pypoetry\Cache\virtualenvs\djangologging-R3W2srQ6-py3.12\Lib\site-packages\django\utils\connection.py first seen with mtime 1746256411.9987214
DEBUG 2025-05-03 12:28:00,401 autoreload File C:\Users\user\AppData\Local\pypoetry\Cache\virtualenvs\djangologging-R3W2srQ6-py3.12\Lib\site-packages\django\contrib\admin\templatetags\admin_list.py first seen with mtime 1746256410.5382652
DEBUG 2025-05-03 12:28:00,401 autoreload File C:\Users\user\AppData\Local\Programs\Python\Python312\Lib\re\_casefix.py first seen with mtime 1738667112.0
DEBUG 2025-05-03 12:28:00,401 autoreload File C:\Users\user\AppData\Local\pypoetry\Cache\virtualenvs\djangologging-R3W2srQ6-py3.12\Lib\site-packages\django\http\response.py first seen with mtime 1746256411.966788
DEBUG 2025-05-03 12:28:00,401 autoreload File C:\Users\user\AppData\Local\pypoetry\Cache\virtualenvs\djangologging-R3W2srQ6-py3.12\Lib\site-packages\django\db\backends\base\schema.py first seen with mtime 1746256411.8605468
DEBUG 2025-05-03 12:28:00,402 autoreload File C:\Users\user\AppData\Local\Programs\Python\Python312\Lib\email\utils.py first seen with mtime 1738667112.0
DEBUG 2025-05-03 12:28:00,402 autoreload File C:\Users\user\AppData\Local\Programs\Python\Python312\Lib\gettext.py first seen with mtime 1738667112.0
DEBUG 2025-05-03 12:28:00,402 autoreload File C:\Users\user\AppData\Local\pypoetry\Cache\virtualenvs\djangologging-R3W2srQ6-py3.12\Lib\site-packages\sqlparse\exceptions.py first seen with mtime 1746256409.5274873
DEBUG 2025-05-03 12:28:00,402 autoreload File C:\Users\user\AppData\Local\Programs\Python\Python312\Lib\base64.py first seen with mtime 1738667112.0
DEBUG 2025-05-03 12:28:00,402 autoreload File C:\Users\user\AppData\Local\pypoetry\Cache\virtualenvs\djangologging-R3W2srQ6-py3.12\Lib\site-packages\django\db\models\sql\where.py first seen with mtime 1746256411.9173667
DEBUG 2025-05-03 12:28:00,402 autoreload File C:\Users\user\AppData\Local\pypoetry\Cache\virtualenvs\djangologging-R3W2srQ6-py3.12\Lib\site-packages\django\db\models\functions\__init__.py first seen with mtime 1746256411.909868
DEBUG 2025-05-03 12:28:00,403 autoreload File C:\Users\user\AppData\Local\Programs\Python\Python312\Lib\_compression.py first seen with mtime 1738667112.0
DEBUG 2025-05-03 12:28:00,403 autoreload File C:\Users\user\AppData\Local\Programs\Python\Python312\Lib\email\errors.py first seen with mtime 1738667112.0
DEBUG 2025-05-03 12:28:00,403 autoreload File C:\Users\user\AppData\Local\pypoetry\Cache\virtualenvs\djangologging-R3W2srQ6-py3.12\Lib\site-packages\django\contrib\auth\admin.py first seen with mtime 1746256410.663787
DEBUG 2025-05-03 12:28:00,403 autoreload File C:\Users\user\AppData\Local\pypoetry\Cache\virtualenvs\djangologging-R3W2srQ6-py3.12\Lib\site-packages\django\core\cache\backends\filebased.py first seen with mtime 1746256411.8057356
DEBUG 2025-05-03 12:28:00,403 autoreload File C:\Users\user\AppData\Local\pypoetry\Cache\virtualenvs\djangologging-R3W2srQ6-py3.12\Lib\site-packages\django\core\mail\__init__.py first seen with mtime 1746256411.8263748
DEBUG 2025-05-03 12:28:00,403 autoreload File C:\Users\user\AppData\Local\pypoetry\Cache\virtualenvs\djangologging-R3W2srQ6-py3.12\Lib\site-packages\anyio\to_thread.py first seen with mtime 1746256717.0478442
DEBUG 2025-05-03 12:28:00,403 autoreload File C:\Users\user\AppData\Local\pypoetry\Cache\virtualenvs\djangologging-R3W2srQ6-py3.12\Lib\site-packages\django\db\backends\sqlite3\_functions.py first seen with mtime 1746256411.8798387
DEBUG 2025-05-03 12:28:00,404 autoreload File C:\Users\user\AppData\Local\Programs\Python\Python312\Lib\linecache.py first seen with mtime 1738667112.0
DEBUG 2025-05-03 12:28:00,404 autoreload File C:\Users\user\AppData\Local\pypoetry\Cache\virtualenvs\djangologging-R3W2srQ6-py3.12\Lib\site-packages\django\__init__.py first seen with mtime 1746256409.9989858
DEBUG 2025-05-03 12:28:00,404 autoreload File C:\Users\user\AppData\Local\Programs\Python\Python312\Lib\tempfile.py first seen with mtime 1738667112.0
DEBUG 2025-05-03 12:28:00,404 autoreload File C:\Users\user\AppData\Local\pypoetry\Cache\virtualenvs\djangologging-R3W2srQ6-py3.12\Lib\site-packages\sqlparse\filters\others.py first seen with mtime 1746256409.5356703
DEBUG 2025-05-03 12:28:00,404 autoreload File C:\Users\user\AppData\Local\Programs\Python\Python312\Lib\dataclasses.py first seen with mtime 1738667112.0
DEBUG 2025-05-03 12:28:00,404 autoreload File C:\Users\user\Desktop\web2025\DjangoLogging\Logging_prj\settings.py first seen with mtime 1746257279.503219
DEBUG 2025-05-03 12:28:00,404 autoreload File C:\Users\user\AppData\Local\Programs\Python\Python312\DLLs\_uuid.pyd first seen with mtime 1738667166.0
DEBUG 2025-05-03 12:28:00,405 autoreload File C:\Users\user\AppData\Local\pypoetry\Cache\virtualenvs\djangologging-R3W2srQ6-py3.12\Lib\site-packages\django\db\models\functions\json.py first seen with mtime 1746256411.9108667
DEBUG 2025-05-03 12:28:00,405 autoreload File C:\Users\user\AppData\Local\pypoetry\Cache\virtualenvs\djangologging-R3W2srQ6-py3.12\Lib\site-packages\django\templatetags\i18n.py first seen with mtime 1746256411.9859853
DEBUG 2025-05-03 12:28:00,405 autoreload File C:\Users\user\AppData\Local\pypoetry\Cache\virtualenvs\djangologging-R3W2srQ6-py3.12\Lib\site-packages\django\contrib\admin\apps.py first seen with mtime 1746256410.2098038
DEBUG 2025-05-03 12:28:00,405 autoreload File C:\Users\user\AppData\Local\Programs\Python\Python312\Lib\asyncio\timeouts.py first seen with mtime 1738667112.0
DEBUG 2025-05-03 12:28:00,405 autoreload File C:\Users\user\AppData\Local\pypoetry\Cache\virtualenvs\djangologging-R3W2srQ6-py3.12\Lib\site-packages\django\template\loaders\__init__.py first seen with mtime 1746256411.9825833
DEBUG 2025-05-03 12:28:00,406 autoreload File C:\Users\user\AppData\Local\Programs\Python\Python312\Lib\_compat_pickle.py first seen with mtime 1738667112.0
DEBUG 2025-05-03 12:28:00,406 autoreload File C:\Users\user\AppData\Local\pypoetry\Cache\virtualenvs\djangologging-R3W2srQ6-py3.12\Lib\site-packages\django\db\models\functions\mixins.py first seen with mtime 1746256411.9108667
DEBUG 2025-05-03 12:28:00,406 autoreload File C:\Users\user\AppData\Local\pypoetry\Cache\virtualenvs\djangologging-R3W2srQ6-py3.12\Lib\site-packages\sniffio\__init__.py first seen with mtime 1746256716.949299
DEBUG 2025-05-03 12:28:00,406 autoreload File C:\Users\user\AppData\Local\pypoetry\Cache\virtualenvs\djangologging-R3W2srQ6-py3.12\Lib\site-packages\starlette\config.py first seen with mtime 1746256717.1588318
DEBUG 2025-05-03 12:28:00,406 autoreload File C:\Users\user\AppData\Local\pypoetry\Cache\virtualenvs\djangologging-R3W2srQ6-py3.12\Lib\site-packages\django\template\backends\__init__.py first seen with mtime 1746256411.9788594
DEBUG 2025-05-03 12:28:00,406 autoreload File C:\Users\user\AppData\Local\pypoetry\Cache\virtualenvs\djangologging-R3W2srQ6-py3.12\Lib\site-packages\django\db\models\fields\json.py first seen with mtime 1746256411.905233
DEBUG 2025-05-03 12:28:00,406 autoreload File C:\Users\user\AppData\Local\pypoetry\Cache\virtualenvs\djangologging-R3W2srQ6-py3.12\Lib\site-packages\anyio\_core\_tasks.py first seen with mtime 1746256717.0552845
DEBUG 2025-05-03 12:28:00,406 autoreload File C:\Users\user\AppData\Local\pypoetry\Cache\virtualenvs\djangologging-R3W2srQ6-py3.12\Lib\site-packages\django\contrib\staticfiles\utils.py first seen with mtime 1746256411.7945163
DEBUG 2025-05-03 12:28:00,408 autoreload File C:\Users\user\AppData\Local\Programs\Python\Python312\Lib\uuid.py first seen with mtime 1738667114.0
DEBUG 2025-05-03 12:28:00,408 autoreload File C:\Users\user\AppData\Local\Programs\Python\Python312\Lib\bz2.py first seen with mtime 1738667112.0
DEBUG 2025-05-03 12:28:00,408 autoreload File C:\Users\user\AppData\Local\Programs\Python\Python312\Lib\_weakrefset.py first seen with mtime 1738667112.0
DEBUG 2025-05-03 12:28:00,408 autoreload File C:\Users\user\AppData\Local\Programs\Python\Python312\Lib\ctypes\__init__.py first seen with mtime 1738667112.0
DEBUG 2025-05-03 12:28:00,408 autoreload File C:\Users\user\AppData\Local\Programs\Python\Python312\Lib\ctypes\wintypes.py first seen with mtime 1738667112.0
DEBUG 2025-05-03 12:28:00,408 autoreload File C:\Users\user\AppData\Local\Programs\Python\Python312\Lib\nturl2path.py first seen with mtime 1738667112.0
DEBUG 2025-05-03 12:28:00,408 autoreload File C:\Users\user\AppData\Local\pypoetry\Cache\virtualenvs\djangologging-R3W2srQ6-py3.12\Lib\site-packages\django\core\handlers\__init__.py first seen with mtime 1746256411.8234367
DEBUG 2025-05-03 12:28:00,409 autoreload File C:\Users\user\AppData\Local\pypoetry\Cache\virtualenvs\djangologging-R3W2srQ6-py3.12\Lib\site-packages\asgiref\__init__.py first seen with mtime 1746256409.545873
DEBUG 2025-05-03 12:28:00,409 autoreload File C:\Users\user\AppData\Local\pypoetry\Cache\virtualenvs\djangologging-R3W2srQ6-py3.12\Lib\site-packages\sqlparse\filters\tokens.py first seen with mtime 1746256409.5377047
DEBUG 2025-05-03 12:28:00,409 autoreload File C:\Users\user\AppData\Local\Programs\Python\Python312\Lib\asyncio\events.py first seen with mtime 1738667112.0
DEBUG 2025-05-03 12:28:00,409 autoreload File C:\Users\user\AppData\Local\pypoetry\Cache\virtualenvs\djangologging-R3W2srQ6-py3.12\Lib\site-packages\django\contrib\sites\requests.py first seen with mtime 1746256411.668214
DEBUG 2025-05-03 12:28:00,409 autoreload File C:\Users\user\AppData\Local\pypoetry\Cache\virtualenvs\djangologging-R3W2srQ6-py3.12\Lib\site-packages\sqlparse\engine\filter_stack.py first seen with mtime 1746256409.530897
DEBUG 2025-05-03 12:28:00,409 autoreload File C:\Users\user\AppData\Local\pypoetry\Cache\virtualenvs\djangologging-R3W2srQ6-py3.12\Lib\site-packages\django\contrib\admin\sites.py first seen with mtime 1746256410.2145782
DEBUG 2025-05-03 12:28:00,409 autoreload File C:\Users\user\AppData\Local\pypoetry\Cache\virtualenvs\djangologging-R3W2srQ6-py3.12\Lib\site-packages\django\contrib\contenttypes\views.py first seen with mtime 1746256410.8014126
DEBUG 2025-05-03 12:28:00,409 autoreload File C:\Users\user\AppData\Local\pypoetry\Cache\virtualenvs\djangologging-R3W2srQ6-py3.12\Lib\site-packages\django\utils\regex_helper.py first seen with mtime 1746256412.0089042
DEBUG 2025-05-03 12:28:00,409 autoreload File C:\Users\user\AppData\Local\pypoetry\Cache\virtualenvs\djangologging-R3W2srQ6-py3.12\Lib\site-packages\anyio\streams\__init__.py first seen with mtime 1746256717.0614345
DEBUG 2025-05-03 12:28:00,409 autoreload File C:\Users\user\AppData\Local\pypoetry\Cache\virtualenvs\djangologging-R3W2srQ6-py3.12\Lib\site-packages\sqlparse\formatter.py first seen with mtime 1746256409.5288763
DEBUG 2025-05-03 12:28:00,410 autoreload File C:\Users\user\AppData\Local\pypoetry\Cache\virtualenvs\djangologging-R3W2srQ6-py3.12\Lib\site-packages\django\middleware\csrf.py first seen with mtime 1746256411.9690204
DEBUG 2025-05-03 12:28:00,410 autoreload File C:\Users\user\AppData\Local\Programs\Python\Python312\Lib\email\charset.py first seen with mtime 1738667112.0
DEBUG 2025-05-03 12:28:00,410 autoreload File C:\Users\user\AppData\Local\pypoetry\Cache\virtualenvs\djangologging-R3W2srQ6-py3.12\Lib\site-packages\django\urls\__init__.py first seen with mtime 1746256411.9924395
DEBUG 2025-05-03 12:28:00,410 autoreload File C:\Users\user\AppData\Local\pypoetry\Cache\virtualenvs\djangologging-R3W2srQ6-py3.12\Lib\site-packages\django\template\backends\base.py first seen with mtime 1746256411.980354
DEBUG 2025-05-03 12:28:00,410 autoreload File C:\Users\user\AppData\Local\pypoetry\Cache\virtualenvs\djangologging-R3W2srQ6-py3.12\Lib\site-packages\sqlparse\__init__.py first seen with mtime 1746256409.5264869
DEBUG 2025-05-03 12:28:00,410 autoreload File C:\Users\user\AppData\Local\pypoetry\Cache\virtualenvs\djangologging-R3W2srQ6-py3.12\Lib\site-packages\django\views\debug.py first seen with mtime 1746256412.0161393
DEBUG 2025-05-03 12:28:00,410 autoreload File C:\Users\user\AppData\Local\pypoetry\Cache\virtualenvs\djangologging-R3W2srQ6-py3.12\Lib\site-packages\django\core\handlers\asgi.py first seen with mtime 1746256411.8234367
DEBUG 2025-05-03 12:28:00,411 autoreload File C:\Users\user\AppData\Local\pypoetry\Cache\virtualenvs\djangologging-R3W2srQ6-py3.12\Lib\site-packages\django\db\models\sql\constants.py first seen with mtime 1746256411.9146137
DEBUG 2025-05-03 12:28:00,411 autoreload File C:\Users\user\AppData\Local\pypoetry\Cache\virtualenvs\djangologging-R3W2srQ6-py3.12\Lib\site-packages\django\utils\inspect.py first seen with mtime 1746256412.0056026
DEBUG 2025-05-03 12:28:00,411 autoreload File C:\Users\user\AppData\Local\Programs\Python\Python312\Lib\asyncio\constants.py first seen with mtime 1738667112.0
DEBUG 2025-05-03 12:28:00,411 autoreload File C:\Users\user\AppData\Local\Programs\Python\Python312\Lib\graphlib.py first seen with mtime 1738667112.0
DEBUG 2025-05-03 12:28:00,411 autoreload File C:\Users\user\AppData\Local\Programs\Python\Python312\Lib\email\_encoded_words.py first seen with mtime 1738667112.0
DEBUG 2025-05-03 12:28:00,411 autoreload File C:\Users\user\AppData\Local\Programs\Python\Python312\DLLs\_queue.pyd first seen with mtime 1738667166.0
DEBUG 2025-05-03 12:28:00,411 autoreload File C:\Users\user\AppData\Local\pypoetry\Cache\virtualenvs\djangologging-R3W2srQ6-py3.12\Lib\site-packages\django\utils\hashable.py first seen with mtime 1746256412.004507
DEBUG 2025-05-03 12:28:00,411 autoreload File C:\Users\user\AppData\Local\pypoetry\Cache\virtualenvs\djangologging-R3W2srQ6-py3.12\Lib\site-packages\django\urls\base.py first seen with mtime 1746256411.9924395
DEBUG 2025-05-03 12:28:00,413 autoreload File C:\Users\user\AppData\Local\pypoetry\Cache\virtualenvs\djangologging-R3W2srQ6-py3.12\Lib\site-packages\django\contrib\messages\utils.py first seen with mtime 1746256411.3321464
DEBUG 2025-05-03 12:28:00,413 autoreload File C:\Users\user\AppData\Local\pypoetry\Cache\virtualenvs\djangologging-R3W2srQ6-py3.12\Lib\site-packages\django\db\backends\base\__init__.py first seen with mtime 1746256411.8559482
DEBUG 2025-05-03 12:28:00,413 autoreload File C:\Users\user\AppData\Local\Programs\Python\Python312\Lib\encodings\utf_8_sig.py first seen with mtime 1738667112.0
DEBUG 2025-05-03 12:28:00,413 autoreload File C:\Users\user\AppData\Local\Programs\Python\Python312\Lib\gzip.py first seen with mtime 1738667112.0
DEBUG 2025-05-03 12:28:00,413 autoreload File C:\Users\user\AppData\Local\pypoetry\Cache\virtualenvs\djangologging-R3W2srQ6-py3.12\Lib\site-packages\django\db\models\__init__.py first seen with mtime 1746256411.8945248
DEBUG 2025-05-03 12:28:00,413 autoreload File C:\Users\user\AppData\Local\pypoetry\Cache\virtualenvs\djangologging-R3W2srQ6-py3.12\Lib\site-packages\django\core\serializers\python.py first seen with mtime 1746256411.8494666
DEBUG 2025-05-03 12:28:00,413 autoreload File C:\Users\user\AppData\Local\Programs\Python\Python312\Lib\sqlite3\dbapi2.py first seen with mtime 1738667112.0
DEBUG 2025-05-03 12:28:00,413 autoreload File C:\Users\user\AppData\Local\pypoetry\Cache\virtualenvs\djangologging-R3W2srQ6-py3.12\Lib\site-packages\django\db\models\fields\generated.py first seen with mtime 1746256411.905233
DEBUG 2025-05-03 12:28:00,413 autoreload File C:\Users\user\AppData\Local\Programs\Python\Python312\Lib\hashlib.py first seen with mtime 1738667112.0
DEBUG 2025-05-03 12:28:00,414 autoreload File C:\Users\user\AppData\Local\Programs\Python\Python312\Lib\email\headerregistry.py first seen with mtime 1738667112.0
DEBUG 2025-05-03 12:28:00,414 autoreload File C:\Users\user\AppData\Local\pypoetry\Cache\virtualenvs\djangologging-R3W2srQ6-py3.12\Lib\site-packages\django\db\models\sql\subqueries.py first seen with mtime 1746256411.9159045
DEBUG 2025-05-03 12:28:00,414 autoreload File C:\Users\user\AppData\Local\pypoetry\Cache\virtualenvs\djangologging-R3W2srQ6-py3.12\Lib\site-packages\django\utils\html.py first seen with mtime 1746256412.004507
DEBUG 2025-05-03 12:28:00,414 autoreload File C:\Users\user\AppData\Local\pypoetry\Cache\virtualenvs\djangologging-R3W2srQ6-py3.12\Lib\site-packages\django\contrib\admin\views\autocomplete.py first seen with mtime 1746256410.5415373
DEBUG 2025-05-03 12:28:00,414 autoreload File C:\Users\user\AppData\Local\Programs\Python\Python312\Lib\wsgiref\util.py first seen with mtime 1738667114.0
DEBUG 2025-05-03 12:28:00,414 autoreload File C:\Users\user\AppData\Local\pypoetry\Cache\virtualenvs\djangologging-R3W2srQ6-py3.12\Lib\site-packages\anyio\_core\_testing.py first seen with mtime 1746256717.056639
DEBUG 2025-05-03 12:28:00,414 autoreload File C:\Users\user\AppData\Local\pypoetry\Cache\virtualenvs\djangologging-R3W2srQ6-py3.12\Lib\site-packages\django\http\__init__.py first seen with mtime 1746256411.964735
DEBUG 2025-05-03 12:28:00,415 autoreload File C:\Users\user\AppData\Local\pypoetry\Cache\virtualenvs\djangologging-R3W2srQ6-py3.12\Lib\site-packages\django\core\files\storage\filesystem.py first seen with mtime 1746256411.8200572
DEBUG 2025-05-03 12:28:00,415 autoreload File C:\Users\user\AppData\Local\pypoetry\Cache\virtualenvs\djangologging-R3W2srQ6-py3.12\Lib\site-packages\django\contrib\admin\checks.py first seen with mtime 1746256410.2098038
DEBUG 2025-05-03 12:28:00,415 autoreload File C:\Users\user\AppData\Local\pypoetry\Cache\virtualenvs\djangologging-R3W2srQ6-py3.12\Lib\site-packages\django\db\models\query.py first seen with mtime 1746256411.901461
DEBUG 2025-05-03 12:28:00,415 autoreload File C:\Users\user\AppData\Local\pypoetry\Cache\virtualenvs\djangologging-R3W2srQ6-py3.12\Lib\site-packages\django\core\checks\caches.py first seen with mtime 1746256411.8078442
DEBUG 2025-05-03 12:28:00,415 autoreload File C:\Users\user\AppData\Local\pypoetry\Cache\virtualenvs\djangologging-R3W2srQ6-py3.12\Lib\site-packages\django\template\autoreload.py first seen with mtime 1746256411.9724474
DEBUG 2025-05-03 12:28:00,415 autoreload File C:\Users\user\AppData\Local\pypoetry\Cache\virtualenvs\djangologging-R3W2srQ6-py3.12\Lib\site-packages\anyio\_core\_tempfile.py first seen with mtime 1746256717.0552845
DEBUG 2025-05-03 12:28:00,416 autoreload File C:\Users\user\AppData\Local\pypoetry\Cache\virtualenvs\djangologging-R3W2srQ6-py3.12\Lib\site-packages\django\core\cache\backends\locmem.py first seen with mtime 1746256411.8057356
DEBUG 2025-05-03 12:28:00,416 autoreload File C:\Users\user\AppData\Local\pypoetry\Cache\virtualenvs\djangologging-R3W2srQ6-py3.12\Lib\site-packages\django\core\files\uploadhandler.py first seen with mtime 1746256411.817969
DEBUG 2025-05-03 12:28:00,416 autoreload File C:\Users\user\AppData\Local\Programs\Python\Python312\Lib\email\mime\nonmultipart.py first seen with mtime 1738667112.0
DEBUG 2025-05-03 12:28:00,416 autoreload File C:\Users\user\AppData\Local\pypoetry\Cache\virtualenvs\djangologging-R3W2srQ6-py3.12\Lib\site-packages\django\contrib\auth\tokens.py first seen with mtime 1746256410.6710162
DEBUG 2025-05-03 12:28:00,416 autoreload File C:\Users\user\AppData\Local\Programs\Python\Python312\Lib\email\_header_value_parser.py first seen with mtime 1738667112.0
DEBUG 2025-05-03 12:28:00,416 autoreload File C:\Users\user\AppData\Local\Programs\Python\Python312\Lib\asyncio\runners.py first seen with mtime 1738667112.0
DEBUG 2025-05-03 12:28:00,416 autoreload File C:\Users\user\AppData\Local\Programs\Python\Python312\Lib\logging\config.py first seen with mtime 1738667112.0
DEBUG 2025-05-03 12:28:00,416 autoreload File C:\Users\user\AppData\Local\pypoetry\Cache\virtualenvs\djangologging-R3W2srQ6-py3.12\Lib\site-packages\django\conf\__init__.py first seen with mtime 1746256410.0025756
DEBUG 2025-05-03 12:28:00,417 autoreload File C:\Users\user\AppData\Local\pypoetry\Cache\virtualenvs\djangologging-R3W2srQ6-py3.12\Lib\site-packages\django\template\defaulttags.py first seen with mtime 1746256411.9753966
DEBUG 2025-05-03 12:28:00,417 autoreload File C:\Users\user\AppData\Local\pypoetry\Cache\virtualenvs\djangologging-R3W2srQ6-py3.12\Lib\site-packages\sqlparse\filters\aligned_indent.py first seen with mtime 1746256409.5346692
DEBUG 2025-05-03 12:28:00,417 autoreload File C:\Users\user\AppData\Local\pypoetry\Cache\virtualenvs\djangologging-R3W2srQ6-py3.12\Lib\site-packages\django\contrib\auth\password_validation.py first seen with mtime 1746256410.6698077
DEBUG 2025-05-03 12:28:00,417 autoreload File C:\Users\user\AppData\Local\pypoetry\Cache\virtualenvs\djangologging-R3W2srQ6-py3.12\Lib\site-packages\django\http\multipartparser.py first seen with mtime 1746256411.9657617
DEBUG 2025-05-03 12:28:00,417 autoreload File C:\Users\user\AppData\Local\pypoetry\Cache\virtualenvs\djangologging-R3W2srQ6-py3.12\Lib\site-packages\django\templatetags\tz.py first seen with mtime 1746256411.9869876
DEBUG 2025-05-03 12:28:00,418 autoreload File C:\Users\user\AppData\Local\pypoetry\Cache\virtualenvs\djangologging-R3W2srQ6-py3.12\Lib\site-packages\django\db\migrations\__init__.py first seen with mtime 1746256411.8833477
DEBUG 2025-05-03 12:28:00,418 autoreload File C:\Users\user\AppData\Local\pypoetry\Cache\virtualenvs\djangologging-R3W2srQ6-py3.12\Lib\site-packages\django\utils\deprecation.py first seen with mtime 1746256412.0010698
DEBUG 2025-05-03 12:28:00,418 autoreload File C:\Users\user\AppData\Local\Programs\Python\Python312\Lib\shutil.py first seen with mtime 1738667112.0
DEBUG 2025-05-03 12:28:00,418 autoreload File C:\Users\user\AppData\Local\pypoetry\Cache\virtualenvs\djangologging-R3W2srQ6-py3.12\Lib\site-packages\django\db\backends\utils.py first seen with mtime 1746256411.8549006
DEBUG 2025-05-03 12:28:00,418 autoreload File C:\Users\user\AppData\Local\pypoetry\Cache\virtualenvs\djangologging-R3W2srQ6-py3.12\Lib\site-packages\django\core\files\__init__.py first seen with mtime 1746256411.81565
DEBUG 2025-05-03 12:28:00,419 autoreload File C:\Users\user\AppData\Local\pypoetry\Cache\virtualenvs\djangologging-R3W2srQ6-py3.12\Lib\site-packages\django\contrib\admin\templatetags\base.py first seen with mtime 1746256410.5404077
DEBUG 2025-05-03 12:28:00,419 autoreload File C:\Users\user\AppData\Local\pypoetry\Cache\virtualenvs\djangologging-R3W2srQ6-py3.12\Lib\site-packages\django\db\migrations\operations\special.py first seen with mtime 1746256411.89381
DEBUG 2025-05-03 12:28:00,419 autoreload File C:\Users\user\AppData\Local\pypoetry\Cache\virtualenvs\djangologging-R3W2srQ6-py3.12\Lib\site-packages\django\contrib\admin\widgets.py first seen with mtime 1746256410.2160678
DEBUG 2025-05-03 12:28:00,419 autoreload File C:\Users\user\AppData\Local\Programs\Python\Python312\Lib\email\quoprimime.py first seen with mtime 1738667112.0
DEBUG 2025-05-03 12:28:00,419 autoreload File C:\Users\user\AppData\Local\pypoetry\Cache\virtualenvs\djangologging-R3W2srQ6-py3.12\Lib\site-packages\anyio\__init__.py first seen with mtime 1746256717.0442736
DEBUG 2025-05-03 12:28:00,419 autoreload File C:\Users\user\AppData\Local\Programs\Python\Python312\Lib\urllib\response.py first seen with mtime 1738667114.0
DEBUG 2025-05-03 12:28:00,420 autoreload File C:\Users\user\AppData\Local\pypoetry\Cache\virtualenvs\djangologging-R3W2srQ6-py3.12\Lib\site-packages\django\contrib\auth\backends.py first seen with mtime 1746256410.6651137
DEBUG 2025-05-03 12:28:00,420 autoreload File C:\Users\user\AppData\Local\Programs\Python\Python312\Lib\email\message.py first seen with mtime 1738667112.0
DEBUG 2025-05-03 12:28:00,420 autoreload File C:\Users\user\AppData\Local\pypoetry\Cache\virtualenvs\djangologging-R3W2srQ6-py3.12\Lib\site-packages\anyio\_core\_exceptions.py first seen with mtime 1746256717.0508645
DEBUG 2025-05-03 12:28:00,420 autoreload File C:\Users\user\AppData\Local\pypoetry\Cache\virtualenvs\djangologging-R3W2srQ6-py3.12\Lib\site-packages\django\utils\choices.py first seen with mtime 1746256411.9979098
DEBUG 2025-05-03 12:28:00,420 autoreload File C:\Users\user\AppData\Local\pypoetry\Cache\virtualenvs\djangologging-R3W2srQ6-py3.12\Lib\site-packages\anyio\streams\stapled.py first seen with mtime 1746256717.0644045
DEBUG 2025-05-03 12:28:00,420 autoreload File C:\Users\user\Desktop\web2025\DjangoLogging\Logg_app\views.py first seen with mtime 1746257231.0833628
DEBUG 2025-05-03 12:28:00,420 autoreload File C:\Users\user\AppData\Local\Programs\Python\Python312\Lib\asyncio\locks.py first seen with mtime 1738667112.0
DEBUG 2025-05-03 12:28:00,420 autoreload File C:\Users\user\AppData\Local\Programs\Python\Python312\Lib\asyncio\windows_utils.py first seen with mtime 1738667112.0
DEBUG 2025-05-03 12:28:00,420 autoreload File C:\Users\user\AppData\Local\pypoetry\Cache\virtualenvs\djangologging-R3W2srQ6-py3.12\Lib\site-packages\django\core\checks\messages.py first seen with mtime 1746256411.8101928
DEBUG 2025-05-03 12:28:00,421 autoreload File C:\Users\user\AppData\Local\pypoetry\Cache\virtualenvs\djangologging-R3W2srQ6-py3.12\Lib\site-packages\django\db\models\fields\composite.py first seen with mtime 1746256411.9038277
DEBUG 2025-05-03 12:28:00,421 autoreload File C:\Users\user\AppData\Local\pypoetry\Cache\virtualenvs\djangologging-R3W2srQ6-py3.12\Lib\site-packages\django\template\loader_tags.py first seen with mtime 1746256411.9778478
DEBUG 2025-05-03 12:28:00,421 autoreload File C:\Users\user\AppData\Local\pypoetry\Cache\virtualenvs\djangologging-R3W2srQ6-py3.12\Lib\site-packages\django\utils\tree.py first seen with mtime 1746256412.012114
DEBUG 2025-05-03 12:28:00,421 autoreload File C:\Users\user\AppData\Local\Programs\Python\Python312\Lib\functools.py first seen with mtime 1738667112.0
DEBUG 2025-05-03 12:28:00,421 autoreload File C:\Users\user\AppData\Local\pypoetry\Cache\virtualenvs\djangologging-R3W2srQ6-py3.12\Lib\site-packages\django\core\paginator.py first seen with mtime 1746256411.8005147
DEBUG 2025-05-03 12:28:00,421 autoreload File C:\Users\user\AppData\Local\pypoetry\Cache\virtualenvs\djangologging-R3W2srQ6-py3.12\Lib\site-packages\django\db\migrations\state.py first seen with mtime 1746256411.8901534
DEBUG 2025-05-03 12:28:00,421 autoreload File C:\Users\user\AppData\Local\pypoetry\Cache\virtualenvs\djangologging-R3W2srQ6-py3.12\Lib\site-packages\django\core\checks\database.py first seen with mtime 1746256411.808906
DEBUG 2025-05-03 12:28:00,421 autoreload File C:\Users\user\AppData\Local\pypoetry\Cache\virtualenvs\djangologging-R3W2srQ6-py3.12\Lib\site-packages\django\utils\deconstruct.py first seen with mtime 1746256412.0010698
DEBUG 2025-05-03 12:28:00,423 autoreload File C:\Users\user\AppData\Local\Programs\Python\Python312\Lib\fnmatch.py first seen with mtime 1738667112.0
DEBUG 2025-05-03 12:28:00,423 autoreload File C:\Users\user\AppData\Local\pypoetry\Cache\virtualenvs\djangologging-R3W2srQ6-py3.12\Lib\site-packages\django\db\models\aggregates.py first seen with mtime 1746256411.8945248
DEBUG 2025-05-03 12:28:00,423 autoreload File C:\Users\user\AppData\Local\pypoetry\Cache\virtualenvs\djangologging-R3W2srQ6-py3.12\Lib\site-packages\django\db\models\indexes.py first seen with mtime 1746256411.898209
DEBUG 2025-05-03 12:28:00,423 autoreload File C:\Users\user\AppData\Local\pypoetry\Cache\virtualenvs\djangologging-R3W2srQ6-py3.12\Lib\site-packages\django\db\models\utils.py first seen with mtime 1746256411.9024587
DEBUG 2025-05-03 12:28:00,423 autoreload File C:\Users\user\AppData\Local\pypoetry\Cache\virtualenvs\djangologging-R3W2srQ6-py3.12\Lib\site-packages\django\contrib\staticfiles\management\commands\runserver.py first seen with mtime 1746256411.7965257
DEBUG 2025-05-03 12:28:00,423 autoreload File C:\Users\user\AppData\Local\pypoetry\Cache\virtualenvs\djangologging-R3W2srQ6-py3.12\Lib\site-packages\starlette\concurrency.py first seen with mtime 1746256717.1588318
DEBUG 2025-05-03 12:28:00,423 autoreload File C:\Users\user\AppData\Local\pypoetry\Cache\virtualenvs\djangologging-R3W2srQ6-py3.12\Lib\site-packages\django\contrib\sessions\models.py first seen with mtime 1746256411.5509398
DEBUG 2025-05-03 12:28:00,423 autoreload File C:\Users\user\AppData\Local\pypoetry\Cache\virtualenvs\djangologging-R3W2srQ6-py3.12\Lib\site-packages\asgiref\sync.py first seen with mtime 1746256409.5486782
DEBUG 2025-05-03 12:28:00,423 autoreload File C:\Users\user\AppData\Local\Programs\Python\Python312\Lib\asyncio\mixins.py first seen with mtime 1738667112.0
DEBUG 2025-05-03 12:28:00,423 autoreload File C:\Users\user\AppData\Local\pypoetry\Cache\virtualenvs\djangologging-R3W2srQ6-py3.12\Lib\site-packages\starlette\__init__.py first seen with mtime 1746256717.1554277
DEBUG 2025-05-03 12:28:00,424 autoreload File C:\Users\user\AppData\Local\pypoetry\Cache\virtualenvs\djangologging-R3W2srQ6-py3.12\Lib\site-packages\anyio\_core\_typedattr.py first seen with mtime 1746256717.056639
DEBUG 2025-05-03 12:28:00,424 autoreload File C:\Users\user\AppData\Local\Programs\Python\Python312\Lib\_markupbase.py first seen with mtime 1738667112.0
DEBUG 2025-05-03 12:28:00,424 autoreload File C:\Users\user\AppData\Local\pypoetry\Cache\virtualenvs\djangologging-R3W2srQ6-py3.12\Lib\site-packages\django\db\migrations\utils.py first seen with mtime 1746256411.8901534
DEBUG 2025-05-03 12:28:00,424 autoreload File C:\Users\user\AppData\Local\pypoetry\Cache\virtualenvs\djangologging-R3W2srQ6-py3.12\Lib\site-packages\django\utils\timesince.py first seen with mtime 1746256412.011611
DEBUG 2025-05-03 12:28:00,424 autoreload File C:\Users\user\AppData\Local\pypoetry\Cache\virtualenvs\djangologging-R3W2srQ6-py3.12\Lib\site-packages\django\middleware\security.py first seen with mtime 1746256411.970941
DEBUG 2025-05-03 12:28:00,424 autoreload File C:\Users\user\AppData\Local\Programs\Python\Python312\Lib\asyncio\log.py first seen with mtime 1738667112.0
DEBUG 2025-05-03 12:28:00,424 autoreload File C:\Users\user\AppData\Local\Programs\Python\Python312\Lib\asyncio\base_events.py first seen with mtime 1738667112.0
DEBUG 2025-05-03 12:28:00,425 autoreload File C:\Users\user\AppData\Local\pypoetry\Cache\virtualenvs\djangologging-R3W2srQ6-py3.12\Lib\site-packages\django\contrib\admin\exceptions.py first seen with mtime 1746256410.2112896
DEBUG 2025-05-03 12:28:00,425 autoreload File C:\Users\user\AppData\Local\pypoetry\Cache\virtualenvs\djangologging-R3W2srQ6-py3.12\Lib\site-packages\django\core\checks\security\base.py first seen with mtime 1746256411.8134346
DEBUG 2025-05-03 12:28:00,425 autoreload File C:\Users\user\AppData\Local\pypoetry\Cache\virtualenvs\djangologging-R3W2srQ6-py3.12\Lib\site-packages\django\utils\termcolors.py first seen with mtime 1746256412.010488
DEBUG 2025-05-03 12:28:00,425 autoreload File C:\Users\user\AppData\Local\Programs\Python\Python312\Lib\multiprocessing\reduction.py first seen with mtime 1738667112.0
DEBUG 2025-05-03 12:28:00,426 autoreload File C:\Users\user\AppData\Local\Programs\Python\Python312\Lib\email\parser.py first seen with mtime 1738667112.0
DEBUG 2025-05-03 12:28:00,426 autoreload File C:\Users\user\AppData\Local\pypoetry\Cache\virtualenvs\djangologging-R3W2srQ6-py3.12\Lib\site-packages\django\urls\utils.py first seen with mtime 1746256411.9951081
DEBUG 2025-05-03 12:28:00,426 autoreload File C:\Users\user\AppData\Local\pypoetry\Cache\virtualenvs\djangologging-R3W2srQ6-py3.12\Lib\site-packages\django\contrib\staticfiles\views.py first seen with mtime 1746256411.7945163
DEBUG 2025-05-03 12:28:00,426 autoreload File C:\Users\user\AppData\Local\pypoetry\Cache\virtualenvs\djangologging-R3W2srQ6-py3.12\Lib\site-packages\sqlparse\filters\right_margin.py first seen with mtime 1746256409.536673
DEBUG 2025-05-03 12:28:00,426 autoreload File C:\Users\user\AppData\Local\pypoetry\Cache\virtualenvs\djangologging-R3W2srQ6-py3.12\Lib\site-packages\anyio\streams\tls.py first seen with mtime 1746256717.0644045
DEBUG 2025-05-03 12:28:00,426 autoreload File C:\Users\user\AppData\Local\Programs\Python\Python312\Lib\asyncio\__init__.py first seen with mtime 1738667112.0
DEBUG 2025-05-03 12:28:00,426 autoreload File C:\Users\user\AppData\Local\Programs\Python\Python312\Lib\asyncio\base_tasks.py first seen with mtime 1738667112.0
DEBUG 2025-05-03 12:28:00,426 autoreload File C:\Users\user\AppData\Local\Programs\Python\Python312\Lib\multiprocessing\context.py first seen with mtime 1738667112.0
DEBUG 2025-05-03 12:28:00,426 autoreload File C:\Users\user\AppData\Local\pypoetry\Cache\virtualenvs\djangologging-R3W2srQ6-py3.12\Lib\site-packages\django\views\generic\detail.py first seen with mtime 1746256412.0234709
DEBUG 2025-05-03 12:28:00,428 autoreload File C:\Users\user\AppData\Local\Programs\Python\Python312\Lib\email\iterators.py first seen with mtime 1738667112.0
DEBUG 2025-05-03 12:28:00,428 autoreload File C:\Users\user\AppData\Local\pypoetry\Cache\virtualenvs\djangologging-R3W2srQ6-py3.12\Lib\site-packages\django\contrib\admin\views\__init__.py first seen with mtime 1746256410.5404077
DEBUG 2025-05-03 12:28:00,428 autoreload File C:\Users\user\AppData\Local\Programs\Python\Python312\Lib\re\_parser.py first seen with mtime 1738667112.0
DEBUG 2025-05-03 12:28:00,428 autoreload File C:\Users\user\Desktop\web2025\DjangoLogging\Logg_app\urls.py first seen with mtime 1746257009.8362732
DEBUG 2025-05-03 12:28:00,428 autoreload File C:\Users\user\AppData\Local\pypoetry\Cache\virtualenvs\djangologging-R3W2srQ6-py3.12\Lib\site-packages\django\core\checks\compatibility\__init__.py first seen with mtime 1746256411.8122575
DEBUG 2025-05-03 12:28:00,428 autoreload File C:\Users\user\AppData\Local\pypoetry\Cache\virtualenvs\djangologging-R3W2srQ6-py3.12\Lib\site-packages\django\templatetags\cache.py first seen with mtime 1746256411.9850018
DEBUG 2025-05-03 12:28:00,428 autoreload File C:\Users\user\AppData\Local\Programs\Python\Python312\Lib\http\cookies.py first seen with mtime 1738667112.0
DEBUG 2025-05-03 12:28:00,429 autoreload File C:\Users\user\AppData\Local\pypoetry\Cache\virtualenvs\djangologging-R3W2srQ6-py3.12\Lib\site-packages\django\db\models\options.py first seen with mtime 1746256411.900443
DEBUG 2025-05-03 12:28:00,429 autoreload File C:\Users\user\AppData\Local\Programs\Python\Python312\Lib\__future__.py first seen with mtime 1738667112.0
DEBUG 2025-05-03 12:28:00,429 autoreload File C:\Users\user\AppData\Local\Programs\Python\Python312\Lib\getpass.py first seen with mtime 1738667112.0
DEBUG 2025-05-03 12:28:00,429 autoreload File C:\Users\user\AppData\Local\pypoetry\Cache\virtualenvs\djangologging-R3W2srQ6-py3.12\Lib\site-packages\django\forms\renderers.py first seen with mtime 1746256411.9223197
DEBUG 2025-05-03 12:28:00,429 autoreload File C:\Users\user\AppData\Local\Programs\Python\Python312\DLLs\_ssl.pyd first seen with mtime 1738667166.0
DEBUG 2025-05-03 12:28:00,429 autoreload File C:\Users\user\AppData\Local\Programs\Python\Python312\Lib\email\__init__.py first seen with mtime 1738667112.0
DEBUG 2025-05-03 12:28:00,429 autoreload File C:\Users\user\Desktop\web2025\DjangoLogging\Logg_app\__init__.py first seen with mtime 1746256604.2628853
DEBUG 2025-05-03 12:28:00,429 autoreload File C:\Users\user\AppData\Local\pypoetry\Cache\virtualenvs\djangologging-R3W2srQ6-py3.12\Lib\site-packages\django\db\transaction.py first seen with mtime 1746256411.852423
DEBUG 2025-05-03 12:28:00,430 autoreload File C:\Users\user\AppData\Local\pypoetry\Cache\virtualenvs\djangologging-R3W2srQ6-py3.12\Lib\site-packages\django\urls\resolvers.py first seen with mtime 1746256411.994109
DEBUG 2025-05-03 12:28:00,430 autoreload File C:\Users\user\AppData\Local\pypoetry\Cache\virtualenvs\djangologging-R3W2srQ6-py3.12\Lib\site-packages\django\contrib\admin\filters.py first seen with mtime 1746256410.2122872
DEBUG 2025-05-03 12:28:00,430 autoreload File C:\Users\user\AppData\Local\pypoetry\Cache\virtualenvs\djangologging-R3W2srQ6-py3.12\Lib\site-packages\django\core\files\storage\handler.py first seen with mtime 1746256411.8211155
DEBUG 2025-05-03 12:28:00,430 autoreload File C:\Users\user\AppData\Local\pypoetry\Cache\virtualenvs\djangologging-R3W2srQ6-py3.12\Lib\site-packages\django\utils\safestring.py first seen with mtime 1746256412.0099506
DEBUG 2025-05-03 12:28:00,430 autoreload File C:\Users\user\AppData\Local\pypoetry\Cache\virtualenvs\djangologging-R3W2srQ6-py3.12\Lib\site-packages\sqlparse\tokens.py first seen with mtime 1746256409.530897
DEBUG 2025-05-03 12:28:00,430 autoreload File C:\Users\user\AppData\Local\Programs\Python\Python312\Lib\concurrent\futures\__init__.py first seen with mtime 1738667112.0
DEBUG 2025-05-03 12:28:00,430 autoreload File C:\Users\user\AppData\Local\pypoetry\Cache\virtualenvs\djangologging-R3W2srQ6-py3.12\Lib\site-packages\django\db\backends\sqlite3\__init__.py first seen with mtime 1746256411.8798387
DEBUG 2025-05-03 12:28:00,431 autoreload File C:\Users\user\AppData\Local\pypoetry\Cache\virtualenvs\djangologging-R3W2srQ6-py3.12\Lib\site-packages\anyio\_core\_streams.py first seen with mtime 1746256717.0539944
DEBUG 2025-05-03 12:28:00,431 autoreload File C:\Users\user\AppData\Local\Programs\Python\Python312\Lib\signal.py first seen with mtime 1738667112.0
DEBUG 2025-05-03 12:28:00,431 autoreload File C:\Users\user\AppData\Local\pypoetry\Cache\virtualenvs\djangologging-R3W2srQ6-py3.12\Lib\site-packages\django\contrib\admin\__init__.py first seen with mtime 1746256410.2087321
DEBUG 2025-05-03 12:28:00,431 autoreload File C:\Users\user\AppData\Local\pypoetry\Cache\virtualenvs\djangologging-R3W2srQ6-py3.12\Lib\site-packages\django\views\generic\dates.py first seen with mtime 1746256412.0234709
DEBUG 2025-05-03 12:28:00,431 autoreload File C:\Users\user\AppData\Local\Programs\Python\Python312\Lib\quopri.py first seen with mtime 1738667112.0
DEBUG 2025-05-03 12:28:00,431 autoreload File C:\Users\user\AppData\Local\pypoetry\Cache\virtualenvs\djangologging-R3W2srQ6-py3.12\Lib\site-packages\django\db\backends\base\introspection.py first seen with mtime 1746256411.858266
DEBUG 2025-05-03 12:28:00,432 autoreload File C:\Users\user\AppData\Local\Programs\Python\Python312\Lib\urllib\__init__.py first seen with mtime 1738667114.0
DEBUG 2025-05-03 12:28:00,432 autoreload File C:\Users\user\AppData\Local\pypoetry\Cache\virtualenvs\djangologging-R3W2srQ6-py3.12\Lib\site-packages\django\template\smartif.py first seen with mtime 1746256411.9788594
DEBUG 2025-05-03 12:28:00,432 autoreload File C:\Users\user\AppData\Local\pypoetry\Cache\virtualenvs\djangologging-R3W2srQ6-py3.12\Lib\site-packages\django\core\checks\model_checks.py first seen with mtime 1746256411.8101928
DEBUG 2025-05-03 12:28:00,432 autoreload File C:\Users\user\AppData\Local\Programs\Python\Python312\DLLs\_socket.pyd first seen with mtime 1738667166.0
DEBUG 2025-05-03 12:28:00,433 autoreload File C:\Users\user\AppData\Local\pypoetry\Cache\virtualenvs\djangologging-R3W2srQ6-py3.12\Lib\site-packages\django\contrib\staticfiles\__init__.py first seen with mtime 1746256411.7903342
DEBUG 2025-05-03 12:28:00,433 autoreload File C:\Users\user\AppData\Local\pypoetry\Cache\virtualenvs\djangologging-R3W2srQ6-py3.12\Lib\site-packages\django\core\handlers\wsgi.py first seen with mtime 1746256411.8257725
DEBUG 2025-05-03 12:28:00,433 autoreload File C:\Users\user\AppData\Local\Programs\Python\Python312\Lib\zoneinfo\_common.py first seen with mtime 1738667114.0
DEBUG 2025-05-03 12:28:00,433 autoreload File C:\Users\user\AppData\Local\pypoetry\Cache\virtualenvs\djangologging-R3W2srQ6-py3.12\Lib\site-packages\django\utils\translation\reloader.py first seen with mtime 1746256412.012114
DEBUG 2025-05-03 12:28:00,433 autoreload File C:\Users\user\AppData\Local\Programs\Python\Python312\Lib\datetime.py first seen with mtime 1738667112.0
DEBUG 2025-05-03 12:28:00,433 autoreload File C:\Users\user\AppData\Local\pypoetry\Cache\virtualenvs\djangologging-R3W2srQ6-py3.12\Lib\site-packages\django\contrib\staticfiles\management\__init__.py first seen with mtime 1746256411.7945163
DEBUG 2025-05-03 12:28:00,433 autoreload File C:\Users\user\AppData\Local\Programs\Python\Python312\DLLs\_ctypes.pyd first seen with mtime 1738667166.0
DEBUG 2025-05-03 12:28:00,433 autoreload File C:\Users\user\AppData\Local\pypoetry\Cache\virtualenvs\djangologging-R3W2srQ6-py3.12\Lib\site-packages\django\contrib\admin\helpers.py first seen with mtime 1746256410.2133653
DEBUG 2025-05-03 12:28:00,433 autoreload File C:\Users\user\AppData\Local\Programs\Python\Python312\Lib\traceback.py first seen with mtime 1738667114.0
DEBUG 2025-05-03 12:28:00,434 autoreload File C:\Users\user\AppData\Local\pypoetry\Cache\virtualenvs\djangologging-R3W2srQ6-py3.12\Lib\site-packages\django\core\__init__.py first seen with mtime 1746256411.7991593
DEBUG 2025-05-03 12:28:00,434 autoreload File C:\Users\user\AppData\Local\Programs\Python\Python312\Lib\weakref.py first seen with mtime 1738667114.0
DEBUG 2025-05-03 12:28:00,434 autoreload File C:\Users\user\AppData\Local\Programs\Python\Python312\Lib\asyncio\base_subprocess.py first seen with mtime 1738667112.0
DEBUG 2025-05-03 12:28:00,434 autoreload File C:\Users\user\AppData\Local\pypoetry\Cache\virtualenvs\djangologging-R3W2srQ6-py3.12\Lib\site-packages\anyio\abc\_testing.py first seen with mtime 1746256717.0614345
DEBUG 2025-05-03 12:28:00,434 autoreload File C:\Users\user\AppData\Local\pypoetry\Cache\virtualenvs\djangologging-R3W2srQ6-py3.12\Lib\site-packages\anyio\_core\_fileio.py first seen with mtime 1746256717.0519862
DEBUG 2025-05-03 12:28:00,434 autoreload File C:\Users\user\AppData\Local\Programs\Python\Python312\Lib\wsgiref\headers.py first seen with mtime 1738667114.0
DEBUG 2025-05-03 12:28:00,434 autoreload File C:\Users\user\AppData\Local\pypoetry\Cache\virtualenvs\djangologging-R3W2srQ6-py3.12\Lib\site-packages\django\contrib\messages\api.py first seen with mtime 1746256411.3321464
DEBUG 2025-05-03 12:28:00,435 autoreload File C:\Users\user\AppData\Local\Programs\Python\Python312\Lib\email\mime\base.py first seen with mtime 1738667112.0
DEBUG 2025-05-03 12:28:00,435 autoreload File C:\Users\user\AppData\Local\pypoetry\Cache\virtualenvs\djangologging-R3W2srQ6-py3.12\Lib\site-packages\django\utils\functional.py first seen with mtime 1746256412.004507
DEBUG 2025-05-03 12:28:00,435 autoreload File C:\Users\user\AppData\Local\pypoetry\Cache\virtualenvs\djangologging-R3W2srQ6-py3.12\Lib\site-packages\django\views\decorators\csrf.py first seen with mtime 1746256412.01954
DEBUG 2025-05-03 12:28:00,435 autoreload File C:\Users\user\AppData\Local\pypoetry\Cache\virtualenvs\djangologging-R3W2srQ6-py3.12\Lib\site-packages\django\utils\version.py first seen with mtime 1746256412.012114
DEBUG 2025-05-03 12:28:00,435 autoreload File C:\Users\user\AppData\Local\pypoetry\Cache\virtualenvs\djangologging-R3W2srQ6-py3.12\Lib\site-packages\django\template\backends\django.py first seen with mtime 1746256411.980354
DEBUG 2025-05-03 12:28:00,435 autoreload File C:\Users\user\AppData\Local\Programs\Python\Python312\Lib\asyncio\protocols.py first seen with mtime 1738667112.0
DEBUG 2025-05-03 12:28:00,435 autoreload File C:\Users\user\AppData\Local\pypoetry\Cache\virtualenvs\djangologging-R3W2srQ6-py3.12\Lib\site-packages\django\core\management\commands\__init__.py first seen with mtime 1746256411.833639
DEBUG 2025-05-03 12:28:00,436 autoreload File C:\Users\user\AppData\Local\pypoetry\Cache\virtualenvs\djangologging-R3W2srQ6-py3.12\Lib\site-packages\django\views\generic\base.py first seen with mtime 1746256412.0223968
DEBUG 2025-05-03 12:28:00,436 autoreload File C:\Users\user\AppData\Local\Programs\Python\Python312\Lib\glob.py first seen with mtime 1738667112.0
DEBUG 2025-05-03 12:28:00,436 autoreload File C:\Users\user\AppData\Local\pypoetry\Cache\virtualenvs\djangologging-R3W2srQ6-py3.12\Lib\site-packages\typing_extensions.py first seen with mtime 1746256716.9538212
DEBUG 2025-05-03 12:28:00,436 autoreload File C:\Users\user\AppData\Local\Programs\Python\Python312\DLLs\_asyncio.pyd first seen with mtime 1738667166.0
DEBUG 2025-05-03 12:28:00,436 autoreload File C:\Users\user\AppData\Local\pypoetry\Cache\virtualenvs\djangologging-R3W2srQ6-py3.12\Lib\site-packages\django\core\management\__init__.py first seen with mtime 1746256411.8304968
DEBUG 2025-05-03 12:28:00,436 autoreload File C:\Users\user\AppData\Local\pypoetry\Cache\virtualenvs\djangologging-R3W2srQ6-py3.12\Lib\site-packages\django\forms\formsets.py first seen with mtime 1746256411.920814
DEBUG 2025-05-03 12:28:00,436 autoreload File C:\Users\user\AppData\Local\pypoetry\Cache\virtualenvs\djangologging-R3W2srQ6-py3.12\Lib\site-packages\django\utils\duration.py first seen with mtime 1746256412.0025759
DEBUG 2025-05-03 12:28:00,436 autoreload File C:\Users\user\AppData\Local\Programs\Python\Python312\Lib\asyncio\futures.py first seen with mtime 1738667112.0
DEBUG 2025-05-03 12:28:00,437 autoreload File C:\Users\user\AppData\Local\pypoetry\Cache\virtualenvs\djangologging-R3W2srQ6-py3.12\Lib\site-packages\django\core\files\utils.py first seen with mtime 1746256411.8190231
DEBUG 2025-05-03 12:28:00,437 autoreload File C:\Users\user\AppData\Local\Programs\Python\Python312\Lib\asyncio\threads.py first seen with mtime 1738667112.0
DEBUG 2025-05-03 12:28:00,437 autoreload File C:\Users\user\AppData\Local\pypoetry\Cache\virtualenvs\djangologging-R3W2srQ6-py3.12\Lib\site-packages\django\contrib\contenttypes\fields.py first seen with mtime 1746256410.800413
DEBUG 2025-05-03 12:28:00,437 autoreload File C:\Users\user\AppData\Local\pypoetry\Cache\virtualenvs\djangologging-R3W2srQ6-py3.12\Lib\site-packages\django\core\management\base.py first seen with mtime 1746256411.831868
DEBUG 2025-05-03 12:28:00,437 autoreload File C:\Users\user\AppData\Local\pypoetry\Cache\virtualenvs\djangologging-R3W2srQ6-py3.12\Lib\site-packages\django\templatetags\l10n.py first seen with mtime 1746256411.9859853
DEBUG 2025-05-03 12:28:00,437 autoreload File C:\Users\user\AppData\Local\Programs\Python\Python312\DLLs\unicodedata.pyd first seen with mtime 1738667166.0
DEBUG 2025-05-03 12:28:00,437 autoreload File C:\Users\user\AppData\Local\pypoetry\Cache\virtualenvs\djangologging-R3W2srQ6-py3.12\Lib\site-packages\django\views\static.py first seen with mtime 1746256412.01734
DEBUG 2025-05-03 12:28:00,438 autoreload File C:\Users\user\AppData\Local\pypoetry\Cache\virtualenvs\djangologging-R3W2srQ6-py3.12\Lib\site-packages\django\http\cookie.py first seen with mtime 1746256411.964735
DEBUG 2025-05-03 12:28:00,438 autoreload File C:\Users\user\AppData\Local\pypoetry\Cache\virtualenvs\djangologging-R3W2srQ6-py3.12\Lib\site-packages\anyio\_core\_sockets.py first seen with mtime 1746256717.0529833
DEBUG 2025-05-03 12:28:00,438 autoreload File C:\Users\user\AppData\Local\pypoetry\Cache\virtualenvs\djangologging-R3W2srQ6-py3.12\Lib\site-packages\django\apps\__init__.py first seen with mtime 1746256410.0010693
DEBUG 2025-05-03 12:28:00,438 autoreload File C:\Users\user\AppData\Local\pypoetry\Cache\virtualenvs\djangologging-R3W2srQ6-py3.12\Lib\site-packages\django\contrib\__init__.py first seen with mtime 1746256410.2087321
DEBUG 2025-05-03 12:28:00,438 autoreload File C:\Users\user\AppData\Local\pypoetry\Cache\virtualenvs\djangologging-R3W2srQ6-py3.12\Lib\site-packages\django\views\generic\__init__.py first seen with mtime 1746256412.0223968
DEBUG 2025-05-03 12:28:00,438 autoreload File C:\Users\user\AppData\Local\Programs\Python\Python312\Lib\string.py first seen with mtime 1738667112.0
DEBUG 2025-05-03 12:28:00,438 autoreload File C:\Users\user\AppData\Local\Programs\Python\Python312\Lib\asyncio\subprocess.py first seen with mtime 1738667112.0
DEBUG 2025-05-03 12:28:00,439 autoreload File C:\Users\user\AppData\Local\pypoetry\Cache\virtualenvs\djangologging-R3W2srQ6-py3.12\Lib\site-packages\django\contrib\staticfiles\apps.py first seen with mtime 1746256411.7903342
DEBUG 2025-05-03 12:28:00,439 autoreload File C:\Users\user\AppData\Local\pypoetry\Cache\virtualenvs\djangologging-R3W2srQ6-py3.12\Lib\site-packages\django\db\models\query_utils.py first seen with mtime 1746256411.901461
DEBUG 2025-05-03 12:28:00,439 autoreload File C:\Users\user\AppData\Local\pypoetry\Cache\virtualenvs\djangologging-R3W2srQ6-py3.12\Lib\site-packages\anyio\_core\_synchronization.py first seen with mtime 1746256717.0552845
DEBUG 2025-05-03 12:28:00,439 autoreload File C:\Users\user\AppData\Local\pypoetry\Cache\virtualenvs\djangologging-R3W2srQ6-py3.12\Lib\site-packages\django\utils\dates.py first seen with mtime 1746256412.0010698
DEBUG 2025-05-03 12:28:00,439 autoreload File C:\Users\user\AppData\Local\Programs\Python\Python312\Lib\email\mime\__init__.py first seen with mtime 1738667112.0
DEBUG 2025-05-03 12:28:00,439 autoreload File C:\Users\user\AppData\Local\Programs\Python\Python312\Lib\opcode.py first seen with mtime 1738667112.0
DEBUG 2025-05-03 12:28:00,439 autoreload File C:\Users\user\AppData\Local\Programs\Python\Python312\Lib\json\encoder.py first seen with mtime 1738667112.0
DEBUG 2025-05-03 12:28:00,440 autoreload File C:\Users\user\AppData\Local\pypoetry\Cache\virtualenvs\djangologging-R3W2srQ6-py3.12\Lib\site-packages\django\db\models\fields\related.py first seen with mtime 1746256411.9066458
DEBUG 2025-05-03 12:28:00,440 autoreload File C:\Users\user\AppData\Local\pypoetry\Cache\virtualenvs\djangologging-R3W2srQ6-py3.12\Lib\site-packages\sqlparse\keywords.py first seen with mtime 1746256409.5288763
DEBUG 2025-05-03 12:28:00,440 autoreload File C:\Users\user\AppData\Local\pypoetry\Cache\virtualenvs\djangologging-R3W2srQ6-py3.12\Lib\site-packages\django\middleware\cache.py first seen with mtime 1746256411.968021
DEBUG 2025-05-03 12:28:00,440 autoreload File C:\Users\user\AppData\Local\pypoetry\Cache\virtualenvs\djangologging-R3W2srQ6-py3.12\Lib\site-packages\django\forms\models.py first seen with mtime 1746256411.920814
DEBUG 2025-05-03 12:28:00,440 autoreload File C:\Users\user\AppData\Local\Programs\Python\Python312\Lib\zoneinfo\_tzpath.py first seen with mtime 1738667114.0
DEBUG 2025-05-03 12:28:00,440 autoreload File C:\Users\user\AppData\Local\Programs\Python\Python312\Lib\statistics.py first seen with mtime 1738667112.0
DEBUG 2025-05-03 12:28:00,441 autoreload File C:\Users\user\AppData\Local\Programs\Python\Python312\Lib\asyncio\coroutines.py first seen with mtime 1738667112.0
DEBUG 2025-05-03 12:28:00,441 autoreload File C:\Users\user\AppData\Local\pypoetry\Cache\virtualenvs\djangologging-R3W2srQ6-py3.12\Lib\site-packages\django\utils\timezone.py first seen with mtime 1746256412.012114
DEBUG 2025-05-03 12:28:00,441 autoreload File C:\Users\user\AppData\Local\Programs\Python\Python312\Lib\encodings\utf_8.py first seen with mtime 1738667112.0
DEBUG 2025-05-03 12:28:00,441 autoreload File C:\Users\user\AppData\Local\pypoetry\Cache\virtualenvs\djangologging-R3W2srQ6-py3.12\Lib\site-packages\django\db\backends\signals.py first seen with mtime 1746256411.8549006
DEBUG 2025-05-03 12:28:00,441 autoreload File C:\Users\user\AppData\Local\pypoetry\Cache\virtualenvs\djangologging-R3W2srQ6-py3.12\Lib\site-packages\django\core\checks\async_checks.py first seen with mtime 1746256411.8078442
DEBUG 2025-05-03 12:28:00,441 autoreload File C:\Users\user\AppData\Local\pypoetry\Cache\virtualenvs\djangologging-R3W2srQ6-py3.12\Lib\site-packages\django\core\cache\__init__.py first seen with mtime 1746256411.8023612
DEBUG 2025-05-03 12:28:00,441 autoreload File C:\Users\user\AppData\Local\pypoetry\Cache\virtualenvs\djangologging-R3W2srQ6-py3.12\Lib\site-packages\anyio\_core\_resources.py first seen with mtime 1746256717.0519862
DEBUG 2025-05-03 12:28:00,441 autoreload File C:\Users\user\AppData\Local\pypoetry\Cache\virtualenvs\djangologging-R3W2srQ6-py3.12\Lib\site-packages\django\contrib\contenttypes\checks.py first seen with mtime 1746256410.7990339
DEBUG 2025-05-03 12:28:00,441 autoreload File C:\Users\user\AppData\Local\Programs\Python\Python312\Lib\inspect.py first seen with mtime 1738667112.0
DEBUG 2025-05-03 12:28:00,441 autoreload File C:\Users\user\AppData\Local\pypoetry\Cache\virtualenvs\djangologging-R3W2srQ6-py3.12\Lib\site-packages\django\db\models\fields\related_lookups.py first seen with mtime 1746256411.907968
DEBUG 2025-05-03 12:28:00,443 autoreload File C:\Users\user\AppData\Local\Programs\Python\Python312\Lib\contextlib.py first seen with mtime 1738667112.0
DEBUG 2025-05-03 12:28:00,443 autoreload File C:\Users\user\AppData\Local\pypoetry\Cache\virtualenvs\djangologging-R3W2srQ6-py3.12\Lib\site-packages\django\db\models\expressions.py first seen with mtime 1746256411.898209
DEBUG 2025-05-03 12:28:00,443 autoreload File C:\Users\user\AppData\Local\Programs\Python\Python312\Lib\lzma.py first seen with mtime 1738667112.0
DEBUG 2025-05-03 12:28:00,443 autoreload File C:\Users\user\AppData\Local\pypoetry\Cache\virtualenvs\djangologging-R3W2srQ6-py3.12\Lib\site-packages\django\apps\config.py first seen with mtime 1746256410.0010693
DEBUG 2025-05-03 12:28:00,443 autoreload File C:\Users\user\AppData\Local\pypoetry\Cache\virtualenvs\djangologging-R3W2srQ6-py3.12\Lib\site-packages\django\contrib\contenttypes\models.py first seen with mtime 1746256410.800413
DEBUG 2025-05-03 12:28:00,443 autoreload File C:\Users\user\AppData\Local\pypoetry\Cache\virtualenvs\djangologging-R3W2srQ6-py3.12\Lib\site-packages\django\contrib\contenttypes\apps.py first seen with mtime 1746256410.7990339
DEBUG 2025-05-03 12:28:00,443 autoreload File C:\Users\user\AppData\Local\Programs\Python\Python312\Lib\queue.py first seen with mtime 1738667112.0
DEBUG 2025-05-03 12:28:00,443 autoreload File C:\Users\user\AppData\Local\Programs\Python\Python312\Lib\random.py first seen with mtime 1738667112.0
DEBUG 2025-05-03 12:28:00,443 autoreload File C:\Users\user\AppData\Local\pypoetry\Cache\virtualenvs\djangologging-R3W2srQ6-py3.12\Lib\site-packages\django\core\cache\utils.py first seen with mtime 1746256411.8023612
DEBUG 2025-05-03 12:28:00,443 autoreload File C:\Users\user\AppData\Local\pypoetry\Cache\virtualenvs\djangologging-R3W2srQ6-py3.12\Lib\site-packages\django\contrib\messages\storage\base.py first seen with mtime 1746256411.3350177
DEBUG 2025-05-03 12:28:00,444 autoreload File C:\Users\user\AppData\Local\pypoetry\Cache\virtualenvs\djangologging-R3W2srQ6-py3.12\Lib\site-packages\django\db\models\constants.py first seen with mtime 1746256411.8955238
DEBUG 2025-05-03 12:28:00,444 autoreload File C:\Users\user\AppData\Local\pypoetry\Cache\virtualenvs\djangologging-R3W2srQ6-py3.12\Lib\site-packages\django\db\models\fields\mixins.py first seen with mtime 1746256411.905233
DEBUG 2025-05-03 12:28:00,444 autoreload File C:\Users\user\AppData\Local\pypoetry\Cache\virtualenvs\djangologging-R3W2srQ6-py3.12\Lib\site-packages\django\contrib\messages\__init__.py first seen with mtime 1746256411.3321464
DEBUG 2025-05-03 12:28:00,444 autoreload File C:\Users\user\AppData\Local\pypoetry\Cache\virtualenvs\djangologging-R3W2srQ6-py3.12\Lib\site-packages\django\utils\dateformat.py first seen with mtime 1746256412.0000849
DEBUG 2025-05-03 12:28:00,444 autoreload File C:\Users\user\AppData\Local\pypoetry\Cache\virtualenvs\djangologging-R3W2srQ6-py3.12\Lib\site-packages\django\utils\autoreload.py first seen with mtime 1746256411.996907
DEBUG 2025-05-03 12:28:00,444 autoreload File C:\Users\user\AppData\Local\Programs\Python\Python312\Lib\pathlib.py first seen with mtime 1738667112.0
DEBUG 2025-05-03 12:28:00,444 autoreload File C:\Users\user\AppData\Local\pypoetry\Cache\virtualenvs\djangologging-R3W2srQ6-py3.12\Lib\site-packages\django\core\files\locks.py first seen with mtime 1746256411.8167593
DEBUG 2025-05-03 12:28:00,445 autoreload File C:\Users\user\Desktop\web2025\DjangoLogging\Logging_prj\__init__.py first seen with mtime 1746256544.2826383
DEBUG 2025-05-03 12:28:00,445 autoreload File C:\Users\user\AppData\Local\Programs\Python\Python312\Lib\asyncio\streams.py first seen with mtime 1738667112.0
DEBUG 2025-05-03 12:28:00,445 autoreload File C:\Users\user\AppData\Local\pypoetry\Cache\virtualenvs\djangologging-R3W2srQ6-py3.12\Lib\site-packages\sqlparse\lexer.py first seen with mtime 1746256409.5298936
DEBUG 2025-05-03 12:28:00,445 autoreload File C:\Users\user\AppData\Local\pypoetry\Cache\virtualenvs\djangologging-R3W2srQ6-py3.12\Lib\site-packages\django\utils\translation\trans_real.py first seen with mtime 1746256412.0151374
DEBUG 2025-05-03 12:28:00,445 autoreload File C:\Users\user\AppData\Local\Programs\Python\Python312\Lib\operator.py first seen with mtime 1738667112.0
DEBUG 2025-05-03 12:28:00,445 autoreload File C:\Users\user\AppData\Local\pypoetry\Cache\virtualenvs\djangologging-R3W2srQ6-py3.12\Lib\site-packages\anyio\abc\_eventloop.py first seen with mtime 1746256717.0577502
DEBUG 2025-05-03 12:28:00,445 autoreload File C:\Users\user\AppData\Local\pypoetry\Cache\virtualenvs\djangologging-R3W2srQ6-py3.12\Lib\site-packages\django\template\exceptions.py first seen with mtime 1746256411.9763935
DEBUG 2025-05-03 12:28:00,446 autoreload File C:\Users\user\AppData\Local\Programs\Python\Python312\Lib\heapq.py first seen with mtime 1738667112.0
DEBUG 2025-05-03 12:28:00,446 autoreload File C:\Users\user\AppData\Local\Programs\Python\Python312\Lib\enum.py first seen with mtime 1738667112.0
DEBUG 2025-05-03 12:28:00,446 autoreload File C:\Users\user\AppData\Local\Programs\Python\Python312\Lib\html\entities.py first seen with mtime 1738667112.0
DEBUG 2025-05-03 12:28:00,446 autoreload File C:\Users\user\AppData\Local\pypoetry\Cache\virtualenvs\djangologging-R3W2srQ6-py3.12\Lib\site-packages\django\db\models\fields\reverse_related.py first seen with mtime 1746256411.907968
DEBUG 2025-05-03 12:28:00,446 autoreload File C:\Users\user\AppData\Local\pypoetry\Cache\virtualenvs\djangologging-R3W2srQ6-py3.12\Lib\site-packages\django\core\serializers\base.py first seen with mtime 1746256411.847203
DEBUG 2025-05-03 12:28:00,446 autoreload File C:\Users\user\AppData\Local\pypoetry\Cache\virtualenvs\djangologging-R3W2srQ6-py3.12\Lib\site-packages\django\core\checks\__init__.py first seen with mtime 1746256411.8078442
DEBUG 2025-05-03 12:28:00,446 autoreload File C:\Users\user\AppData\Local\pypoetry\Cache\virtualenvs\djangologging-R3W2srQ6-py3.12\Lib\site-packages\django\core\handlers\base.py first seen with mtime 1746256411.8244987
DEBUG 2025-05-03 12:28:00,447 autoreload File C:\Users\user\AppData\Local\pypoetry\Cache\virtualenvs\djangologging-R3W2srQ6-py3.12\Lib\site-packages\django\forms\fields.py first seen with mtime 1746256411.9198127
DEBUG 2025-05-03 12:28:00,447 autoreload File C:\Users\user\AppData\Local\pypoetry\Cache\virtualenvs\djangologging-R3W2srQ6-py3.12\Lib\site-packages\django\core\checks\urls.py first seen with mtime 1746256411.8122575
DEBUG 2025-05-03 12:28:00,447 autoreload File C:\Users\user\AppData\Local\Programs\Python\Python312\Lib\multiprocessing\__init__.py first seen with mtime 1738667112.0
DEBUG 2025-05-03 12:28:00,447 autoreload File C:\Users\user\AppData\Local\Programs\Python\Python312\Lib\ast.py first seen with mtime 1738667112.0
DEBUG 2025-05-03 12:28:00,447 autoreload File C:\Users\user\AppData\Local\Programs\Python\Python312\Lib\http\server.py first seen with mtime 1738667112.0
DEBUG 2025-05-03 12:28:00,447 autoreload File C:\Users\user\AppData\Local\pypoetry\Cache\virtualenvs\djangologging-R3W2srQ6-py3.12\Lib\site-packages\django\contrib\admin\templatetags\admin_modify.py first seen with mtime 1746256410.5392795
DEBUG 2025-05-03 12:28:00,448 autoreload File C:\Users\user\AppData\Local\Programs\Python\Python312\Lib\fractions.py first seen with mtime 1738667112.0
DEBUG 2025-05-03 12:28:00,448 autoreload File C:\Users\user\AppData\Local\pypoetry\Cache\virtualenvs\djangologging-R3W2srQ6-py3.12\Lib\site-packages\django\core\files\uploadedfile.py first seen with mtime 1746256411.817969
DEBUG 2025-05-03 12:28:00,448 autoreload File C:\Users\user\AppData\Local\pypoetry\Cache\virtualenvs\djangologging-R3W2srQ6-py3.12\Lib\site-packages\django\dispatch\dispatcher.py first seen with mtime 1746256411.9173667
DEBUG 2025-05-03 12:28:00,448 autoreload File C:\Users\user\AppData\Local\Programs\Python\Python312\Lib\subprocess.py first seen with mtime 1738667112.0
DEBUG 2025-05-03 12:28:00,448 autoreload File C:\Users\user\AppData\Local\Programs\Python\Python312\Lib\pprint.py first seen with mtime 1738667112.0
DEBUG 2025-05-03 12:28:00,448 autoreload File C:\Users\user\AppData\Local\pypoetry\Cache\virtualenvs\djangologging-R3W2srQ6-py3.12\Lib\site-packages\django\contrib\auth\__init__.py first seen with mtime 1746256410.663787
DEBUG 2025-05-03 12:28:00,448 autoreload File C:\Users\user\AppData\Local\pypoetry\Cache\virtualenvs\djangologging-R3W2srQ6-py3.12\Lib\site-packages\django\forms\__init__.py first seen with mtime 1746256411.918609
DEBUG 2025-05-03 12:28:00,448 autoreload File C:\Users\user\AppData\Local\Programs\Python\Python312\Lib\re\_constants.py first seen with mtime 1738667112.0
DEBUG 2025-05-03 12:28:00,450 autoreload File C:\Users\user\AppData\Local\pypoetry\Cache\virtualenvs\djangologging-R3W2srQ6-py3.12\Lib\site-packages\sqlparse\filters\__init__.py first seen with mtime 1746256409.5334206
DEBUG 2025-05-03 12:28:00,450 autoreload File C:\Users\user\AppData\Local\pypoetry\Cache\virtualenvs\djangologging-R3W2srQ6-py3.12\Lib\site-packages\django\db\backends\sqlite3\features.py first seen with mtime 1746256411.8808417
DEBUG 2025-05-03 12:28:00,450 autoreload File C:\Users\user\AppData\Local\pypoetry\Cache\virtualenvs\djangologging-R3W2srQ6-py3.12\Lib\site-packages\django\utils\__init__.py first seen with mtime 1746256411.9955611
DEBUG 2025-05-03 12:28:00,450 autoreload File C:\Users\user\AppData\Local\pypoetry\Cache\virtualenvs\djangologging-R3W2srQ6-py3.12\Lib\site-packages\django\db\migrations\operations\base.py first seen with mtime 1746256411.892121
DEBUG 2025-05-03 12:28:00,450 autoreload File C:\Users\user\AppData\Local\pypoetry\Cache\virtualenvs\djangologging-R3W2srQ6-py3.12\Lib\site-packages\django\conf\locale\__init__.py first seen with mtime 1746256410.0062466
DEBUG 2025-05-03 12:28:00,450 autoreload File C:\Users\user\AppData\Local\Programs\Python\Python312\Lib\typing.py first seen with mtime 1738667114.0
DEBUG 2025-05-03 12:28:00,450 autoreload File C:\Users\user\AppData\Local\pypoetry\Cache\virtualenvs\djangologging-R3W2srQ6-py3.12\Lib\site-packages\django\contrib\sites\__init__.py first seen with mtime 1746256411.6645691
DEBUG 2025-05-03 12:28:00,450 autoreload File C:\Users\user\AppData\Local\Programs\Python\Python312\Lib\importlib\__init__.py first seen with mtime 1738667112.0
DEBUG 2025-05-03 12:28:00,450 autoreload File C:\Users\user\AppData\Local\pypoetry\Cache\virtualenvs\djangologging-R3W2srQ6-py3.12\Lib\site-packages\django\core\exceptions.py first seen with mtime 1746256411.7995157
DEBUG 2025-05-03 12:28:00,451 autoreload File C:\Users\user\AppData\Local\Programs\Python\Python312\Lib\email\policy.py first seen with mtime 1738667112.0
DEBUG 2025-05-03 12:28:00,451 autoreload File C:\Users\user\AppData\Local\pypoetry\Cache\virtualenvs\djangologging-R3W2srQ6-py3.12\Lib\site-packages\django\views\decorators\common.py first seen with mtime 1746256412.01954
DEBUG 2025-05-03 12:28:00,451 autoreload File C:\Users\user\AppData\Local\Programs\Python\Python312\Lib\locale.py first seen with mtime 1738667112.0
DEBUG 2025-05-03 12:28:00,451 autoreload File C:\Users\user\AppData\Local\pypoetry\Cache\virtualenvs\djangologging-R3W2srQ6-py3.12\Lib\site-packages\django\utils\cache.py first seen with mtime 1746256411.9979098
DEBUG 2025-05-03 12:28:00,451 autoreload File C:\Users\user\AppData\Local\pypoetry\Cache\virtualenvs\djangologging-R3W2srQ6-py3.12\Lib\site-packages\django\utils\numberformat.py first seen with mtime 1746256412.0089042
DEBUG 2025-05-03 12:28:00,451 autoreload File C:\Users\user\AppData\Local\pypoetry\Cache\virtualenvs\djangologging-R3W2srQ6-py3.12\Lib\site-packages\django\core\files\move.py first seen with mtime 1746256411.8167593
DEBUG 2025-05-03 12:28:00,451 autoreload File C:\Users\user\AppData\Local\Programs\Python\Python312\Lib\email\mime\text.py first seen with mtime 1738667112.0
DEBUG 2025-05-03 12:28:00,451 autoreload File C:\Users\user\AppData\Local\pypoetry\Cache\virtualenvs\djangologging-R3W2srQ6-py3.12\Lib\site-packages\django\db\migrations\operations\fields.py first seen with mtime 1746256411.8926249
DEBUG 2025-05-03 12:28:00,452 autoreload File C:\Users\user\AppData\Local\pypoetry\Cache\virtualenvs\djangologging-R3W2srQ6-py3.12\Lib\site-packages\sqlparse\engine\__init__.py first seen with mtime 1746256409.530897
DEBUG 2025-05-03 12:28:00,452 autoreload File C:\Users\user\AppData\Local\pypoetry\Cache\virtualenvs\djangologging-R3W2srQ6-py3.12\Lib\site-packages\django\db\models\fields\files.py first seen with mtime 1746256411.9038277
DEBUG 2025-05-03 12:28:00,452 autoreload File C:\Users\user\AppData\Local\Programs\Python\Python312\Lib\shlex.py first seen with mtime 1738667112.0
DEBUG 2025-05-03 12:28:00,452 autoreload File C:\Users\user\AppData\Local\Programs\Python\Python312\Lib\urllib\error.py first seen with mtime 1738667114.0
DEBUG 2025-05-03 12:28:00,452 autoreload File C:\Users\user\AppData\Local\Programs\Python\Python312\Lib\pickle.py first seen with mtime 1738667112.0
DEBUG 2025-05-03 12:28:00,452 autoreload File C:\Users\user\AppData\Local\pypoetry\Cache\virtualenvs\djangologging-R3W2srQ6-py3.12\Lib\site-packages\django\views\decorators\__init__.py first seen with mtime 1746256412.0183396
DEBUG 2025-05-03 12:28:00,452 autoreload File C:\Users\user\AppData\Local\Programs\Python\Python312\Lib\decimal.py first seen with mtime 1738667112.0
DEBUG 2025-05-03 12:28:00,453 autoreload File C:\Users\user\AppData\Local\pypoetry\Cache\virtualenvs\djangologging-R3W2srQ6-py3.12\Lib\site-packages\django\utils\formats.py first seen with mtime 1746256412.0039809
DEBUG 2025-05-03 12:28:00,453 autoreload File C:\Users\user\AppData\Local\pypoetry\Cache\virtualenvs\djangologging-R3W2srQ6-py3.12\Lib\site-packages\sqlparse\filters\reindent.py first seen with mtime 1746256409.536673
DEBUG 2025-05-03 12:28:00,453 autoreload File C:\Users\user\AppData\Local\pypoetry\Cache\virtualenvs\djangologging-R3W2srQ6-py3.12\Lib\site-packages\django\db\models\manager.py first seen with mtime 1746256411.8992198
DEBUG 2025-05-03 12:28:00,453 autoreload File C:\Users\user\AppData\Local\pypoetry\Cache\virtualenvs\djangologging-R3W2srQ6-py3.12\Lib\site-packages\django\utils\module_loading.py first seen with mtime 1746256412.0078921
DEBUG 2025-05-03 12:28:00,453 autoreload File C:\Users\user\AppData\Local\pypoetry\Cache\virtualenvs\djangologging-R3W2srQ6-py3.12\Lib\site-packages\django\core\files\storage\__init__.py first seen with mtime 1746256411.8190231
DEBUG 2025-05-03 12:28:00,453 autoreload File C:\Users\user\AppData\Local\pypoetry\Cache\virtualenvs\djangologging-R3W2srQ6-py3.12\Lib\site-packages\django\forms\widgets.py first seen with mtime 1746256411.9235806
DEBUG 2025-05-03 12:28:00,454 autoreload File C:\Users\user\AppData\Local\pypoetry\Cache\virtualenvs\djangologging-R3W2srQ6-py3.12\Lib\site-packages\django\views\i18n.py first seen with mtime 1746256412.01734
DEBUG 2025-05-03 12:28:00,454 autoreload File C:\Users\user\AppData\Local\Programs\Python\Python312\DLLs\_zoneinfo.pyd first seen with mtime 1738667166.0
DEBUG 2025-05-03 12:28:00,454 autoreload File C:\Users\user\AppData\Local\Programs\Python\Python312\Lib\copy.py first seen with mtime 1738667112.0
DEBUG 2025-05-03 12:28:00,454 autoreload File C:\Users\user\AppData\Local\Programs\Python\Python312\Lib\asyncio\transports.py first seen with mtime 1738667112.0
DEBUG 2025-05-03 12:28:00,455 autoreload File C:\Users\user\AppData\Local\pypoetry\Cache\virtualenvs\djangologging-R3W2srQ6-py3.12\Lib\site-packages\django\contrib\auth\validators.py first seen with mtime 1746256410.6710162
DEBUG 2025-05-03 12:28:00,455 autoreload File C:\Users\user\AppData\Local\Programs\Python\Python312\DLLs\_sqlite3.pyd first seen with mtime 1738667166.0
DEBUG 2025-05-03 12:28:00,455 autoreload File C:\Users\user\AppData\Local\Programs\Python\Python312\Lib\sysconfig.py first seen with mtime 1738667112.0
DEBUG 2025-05-03 12:28:00,455 autoreload File C:\Users\user\AppData\Local\Programs\Python\Python312\Lib\email\generator.py first seen with mtime 1738667112.0
DEBUG 2025-05-03 12:28:00,455 autoreload File C:\Users\user\AppData\Local\pypoetry\Cache\virtualenvs\djangologging-R3W2srQ6-py3.12\Lib\site-packages\django\db\models\deletion.py first seen with mtime 1746256411.8967454
DEBUG 2025-05-03 12:28:00,455 autoreload File C:\Users\user\AppData\Local\pypoetry\Cache\virtualenvs\djangologging-R3W2srQ6-py3.12\Lib\site-packages\django\db\__init__.py first seen with mtime 1746256411.852423
DEBUG 2025-05-03 12:28:00,455 autoreload File C:\Users\user\AppData\Local\Programs\Python\Python312\Lib\copyreg.py first seen with mtime 1738667112.0
DEBUG 2025-05-03 12:28:00,456 autoreload File C:\Users\user\AppData\Local\pypoetry\Cache\virtualenvs\djangologging-R3W2srQ6-py3.12\Lib\site-packages\sniffio\_version.py first seen with mtime 1746256716.9503016
DEBUG 2025-05-03 12:28:00,456 autoreload File C:\Users\user\AppData\Local\Programs\Python\Python312\Lib\json\scanner.py first seen with mtime 1738667112.0
DEBUG 2025-05-03 12:28:00,456 autoreload File C:\Users\user\AppData\Local\Programs\Python\Python312\Lib\re\_compiler.py first seen with mtime 1738667112.0
DEBUG 2025-05-03 12:28:00,456 autoreload File C:\Users\user\AppData\Local\pypoetry\Cache\virtualenvs\djangologging-R3W2srQ6-py3.12\Lib\site-packages\django\utils\encoding.py first seen with mtime 1746256412.0025759
DEBUG 2025-05-03 12:28:00,456 autoreload File C:\Users\user\AppData\Local\Programs\Python\Python312\Lib\keyword.py first seen with mtime 1738667112.0
DEBUG 2025-05-03 12:28:00,456 autoreload File C:\Users\user\AppData\Local\Programs\Python\Python312\Lib\concurrent\__init__.py first seen with mtime 1738667112.0
DEBUG 2025-05-03 12:28:00,456 autoreload File C:\Users\user\AppData\Local\pypoetry\Cache\virtualenvs\djangologging-R3W2srQ6-py3.12\Lib\site-packages\django\contrib\admin\templatetags\__init__.py first seen with mtime 1746256410.5382652
DEBUG 2025-05-03 12:28:00,456 autoreload File C:\Users\user\AppData\Local\pypoetry\Cache\virtualenvs\djangologging-R3W2srQ6-py3.12\Lib\site-packages\django\contrib\sites\shortcuts.py first seen with mtime 1746256411.668214
DEBUG 2025-05-03 12:28:00,457 autoreload File C:\Users\user\AppData\Local\pypoetry\Cache\virtualenvs\djangologging-R3W2srQ6-py3.12\Lib\site-packages\django\views\decorators\cache.py first seen with mtime 1746256412.0183396
DEBUG 2025-05-03 12:28:00,457 autoreload File C:\Users\user\AppData\Local\pypoetry\Cache\virtualenvs\djangologging-R3W2srQ6-py3.12\Lib\site-packages\anyio\abc\_subprocesses.py first seen with mtime 1746256717.060106
DEBUG 2025-05-03 12:28:00,457 autoreload File C:\Users\user\AppData\Local\pypoetry\Cache\virtualenvs\djangologging-R3W2srQ6-py3.12\Lib\site-packages\django\core\checks\templates.py first seen with mtime 1746256411.8112595
DEBUG 2025-05-03 12:28:00,457 autoreload File C:\Users\user\AppData\Local\pypoetry\Cache\virtualenvs\djangologging-R3W2srQ6-py3.12\Lib\site-packages\django\core\serializers\__init__.py first seen with mtime 1746256411.847203
DEBUG 2025-05-03 12:28:00,457 autoreload File C:\Users\user\AppData\Local\pypoetry\Cache\virtualenvs\djangologging-R3W2srQ6-py3.12\Lib\site-packages\django\db\backends\sqlite3\base.py first seen with mtime 1746256411.8798387
DEBUG 2025-05-03 12:28:00,457 autoreload File C:\Users\user\AppData\Local\pypoetry\Cache\virtualenvs\djangologging-R3W2srQ6-py3.12\Lib\site-packages\django\db\models\fields\proxy.py first seen with mtime 1746256411.9066458
DEBUG 2025-05-03 12:28:00,457 autoreload File C:\Users\user\AppData\Local\Programs\Python\Python312\Lib\asyncio\tasks.py first seen with mtime 1738667112.0
DEBUG 2025-05-03 12:28:00,458 autoreload File C:\Users\user\AppData\Local\pypoetry\Cache\virtualenvs\djangologging-R3W2srQ6-py3.12\Lib\site-packages\django\contrib\auth\middleware.py first seen with mtime 1746256410.6684692
DEBUG 2025-05-03 12:28:00,458 autoreload File C:\Users\user\AppData\Local\Programs\Python\Python312\Lib\tokenize.py first seen with mtime 1738667114.0
DEBUG 2025-05-03 12:28:00,458 autoreload File C:\Users\user\AppData\Local\Programs\Python\Python312\Lib\zoneinfo\__init__.py first seen with mtime 1738667114.0
DEBUG 2025-05-03 12:28:00,458 autoreload File C:\Users\user\AppData\Local\pypoetry\Cache\virtualenvs\djangologging-R3W2srQ6-py3.12\Lib\site-packages\django\core\checks\security\sessions.py first seen with mtime 1746256411.8146474
DEBUG 2025-05-03 12:28:00,458 autoreload File C:\Users\user\AppData\Local\Programs\Python\Python312\Lib\http\client.py first seen with mtime 1738667112.0
DEBUG 2025-05-03 12:28:00,458 autoreload File C:\Users\user\AppData\Local\pypoetry\Cache\virtualenvs\djangologging-R3W2srQ6-py3.12\Lib\site-packages\django\db\migrations\operations\__init__.py first seen with mtime 1746256411.8915112
DEBUG 2025-05-03 12:28:00,458 autoreload File C:\Users\user\AppData\Local\pypoetry\Cache\virtualenvs\djangologging-R3W2srQ6-py3.12\Lib\site-packages\django\utils\_os.py first seen with mtime 1746256411.9955611
DEBUG 2025-05-03 12:28:00,458 autoreload File C:\Users\user\AppData\Local\pypoetry\Cache\virtualenvs\djangologging-R3W2srQ6-py3.12\Lib\site-packages\django\conf\global_settings.py first seen with mtime 1746256410.0025756
DEBUG 2025-05-03 12:28:00,458 autoreload File C:\Users\user\AppData\Local\pypoetry\Cache\virtualenvs\djangologging-R3W2srQ6-py3.12\Lib\site-packages\django\core\checks\compatibility\django_4_0.py first seen with mtime 1746256411.8122575
DEBUG 2025-05-03 12:28:00,459 autoreload File C:\Users\user\AppData\Local\pypoetry\Cache\virtualenvs\djangologging-R3W2srQ6-py3.12\Lib\site-packages\django\urls\converters.py first seen with mtime 1746256411.9924395
DEBUG 2025-05-03 12:28:00,459 autoreload File C:\Users\user\AppData\Local\pypoetry\Cache\virtualenvs\djangologging-R3W2srQ6-py3.12\Lib\site-packages\django\contrib\contenttypes\management\__init__.py first seen with mtime 1746256410.9103875
DEBUG 2025-05-03 12:28:00,459 autoreload File C:\Users\user\AppData\Local\pypoetry\Cache\virtualenvs\djangologging-R3W2srQ6-py3.12\Lib\site-packages\django\db\models\functions\math.py first seen with mtime 1746256411.9108667
DEBUG 2025-05-03 12:28:00,459 autoreload File C:\Users\user\AppData\Local\Programs\Python\Python312\Lib\email\_policybase.py first seen with mtime 1738667112.0
DEBUG 2025-05-03 12:28:00,459 autoreload File C:\Users\user\AppData\Local\pypoetry\Cache\virtualenvs\djangologging-R3W2srQ6-py3.12\Lib\site-packages\django\db\backends\ddl_references.py first seen with mtime 1746256411.8549006
DEBUG 2025-05-03 12:28:00,459 autoreload File C:\Users\user\AppData\Local\pypoetry\Cache\virtualenvs\djangologging-R3W2srQ6-py3.12\Lib\site-packages\anyio\abc\_streams.py first seen with mtime 1746256717.060106
DEBUG 2025-05-03 12:28:00,460 autoreload File C:\Users\user\AppData\Local\pypoetry\Cache\virtualenvs\djangologging-R3W2srQ6-py3.12\Lib\site-packages\django\contrib\messages\storage\__init__.py first seen with mtime 1746256411.3350177
DEBUG 2025-05-03 12:28:00,460 autoreload File C:\Users\user\AppData\Local\pypoetry\Cache\virtualenvs\djangologging-R3W2srQ6-py3.12\Lib\site-packages\django\contrib\staticfiles\management\commands\__init__.py first seen with mtime 1746256411.7955227
DEBUG 2025-05-03 12:28:00,460 autoreload File C:\Users\user\AppData\Local\Programs\Python\Python312\Lib\mimetypes.py first seen with mtime 1738667112.0
DEBUG 2025-05-03 12:28:00,460 autoreload File C:\Users\user\AppData\Local\Programs\Python\Python312\Lib\wsgiref\simple_server.py first seen with mtime 1738667114.0
DEBUG 2025-05-03 12:28:00,460 autoreload File C:\Users\user\AppData\Local\pypoetry\Cache\virtualenvs\djangologging-R3W2srQ6-py3.12\Lib\site-packages\django\contrib\staticfiles\handlers.py first seen with mtime 1746256411.7923658
DEBUG 2025-05-03 12:28:00,461 autoreload File C:\Users\user\AppData\Local\pypoetry\Cache\virtualenvs\djangologging-R3W2srQ6-py3.12\Lib\site-packages\sqlparse\filters\output.py first seen with mtime 1746256409.5356703
DEBUG 2025-05-03 12:28:00,461 autoreload File C:\Users\user\AppData\Local\pypoetry\Cache\virtualenvs\djangologging-R3W2srQ6-py3.12\Lib\site-packages\django\template\base.py first seen with mtime 1746256411.9724474
DEBUG 2025-05-03 12:28:00,461 autoreload File C:\Users\user\AppData\Local\Programs\Python\Python312\Lib\asyncio\windows_events.py first seen with mtime 1738667112.0
DEBUG 2025-05-03 12:28:00,461 autoreload File C:\Users\user\AppData\Local\pypoetry\Cache\virtualenvs\djangologging-R3W2srQ6-py3.12\Lib\site-packages\starlette\types.py first seen with mtime 1746256717.1662583
DEBUG 2025-05-03 12:28:00,461 autoreload File C:\Users\user\AppData\Local\pypoetry\Cache\virtualenvs\djangologging-R3W2srQ6-py3.12\Lib\site-packages\django\db\models\signals.py first seen with mtime 1746256411.9024587
DEBUG 2025-05-03 12:28:00,461 autoreload File C:\Users\user\AppData\Local\Programs\Python\Python312\Lib\ctypes\_endian.py first seen with mtime 1738667112.0
DEBUG 2025-05-03 12:28:00,461 autoreload File C:\Users\user\AppData\Local\Programs\Python\Python312\Lib\email\mime\multipart.py first seen with mtime 1738667112.0
DEBUG 2025-05-03 12:28:00,461 autoreload File C:\Users\user\AppData\Local\Programs\Python\Python312\Lib\warnings.py first seen with mtime 1738667114.0
DEBUG 2025-05-03 12:28:00,461 autoreload File C:\Users\user\AppData\Local\pypoetry\Cache\virtualenvs\djangologging-R3W2srQ6-py3.12\Lib\site-packages\django\utils\http.py first seen with mtime 1746256412.0056026
DEBUG 2025-05-03 12:28:00,463 autoreload File C:\Users\user\AppData\Local\Programs\Python\Python312\Lib\urllib\request.py first seen with mtime 1738667114.0
DEBUG 2025-05-03 12:28:00,463 autoreload File C:\Users\user\AppData\Local\Programs\Python\Python312\Lib\email\base64mime.py first seen with mtime 1738667112.0
DEBUG 2025-05-03 12:28:00,463 autoreload File C:\Users\user\AppData\Local\pypoetry\Cache\virtualenvs\djangologging-R3W2srQ6-py3.12\Lib\site-packages\django\contrib\sessions\__init__.py first seen with mtime 1746256411.5488305
DEBUG 2025-05-03 12:28:00,463 autoreload File C:\Users\user\AppData\Local\pypoetry\Cache\virtualenvs\djangologging-R3W2srQ6-py3.12\Lib\site-packages\django\contrib\auth\decorators.py first seen with mtime 1746256410.667147
DEBUG 2025-05-03 12:28:00,463 autoreload File C:\Users\user\AppData\Local\pypoetry\Cache\virtualenvs\djangologging-R3W2srQ6-py3.12\Lib\site-packages\django\views\generic\edit.py first seen with mtime 1746256412.0234709
DEBUG 2025-05-03 12:28:00,463 autoreload File C:\Users\user\AppData\Local\pypoetry\Cache\virtualenvs\djangologging-R3W2srQ6-py3.12\Lib\site-packages\django\core\servers\basehttp.py first seen with mtime 1746256411.8514786
DEBUG 2025-05-03 12:28:00,463 autoreload File C:\Users\user\AppData\Local\Programs\Python\Python312\Lib\multiprocessing\process.py first seen with mtime 1738667112.0
DEBUG 2025-05-03 12:28:00,463 autoreload File C:\Users\user\AppData\Local\pypoetry\Cache\virtualenvs\djangologging-R3W2srQ6-py3.12\Lib\site-packages\anyio\abc\_sockets.py first seen with mtime 1746256717.058929
DEBUG 2025-05-03 12:28:00,463 autoreload File C:\Users\user\AppData\Local\Programs\Python\Python312\Lib\contextvars.py first seen with mtime 1738667112.0
DEBUG 2025-05-03 12:28:00,463 autoreload File C:\Users\user\AppData\Local\pypoetry\Cache\virtualenvs\djangologging-R3W2srQ6-py3.12\Lib\site-packages\django\db\backends\base\validation.py first seen with mtime 1746256411.8605468
DEBUG 2025-05-03 12:28:00,463 autoreload File C:\Users\user\AppData\Local\pypoetry\Cache\virtualenvs\djangologging-R3W2srQ6-py3.12\Lib\site-packages\django\core\checks\translation.py first seen with mtime 1746256411.8112595
DEBUG 2025-05-03 12:28:00,464 autoreload File C:\Users\user\AppData\Local\pypoetry\Cache\virtualenvs\djangologging-R3W2srQ6-py3.12\Lib\site-packages\django\templatetags\__init__.py first seen with mtime 1746256411.9850018
DEBUG 2025-05-03 12:28:00,464 autoreload File C:\Users\user\AppData\Local\Programs\Python\Python312\Lib\asyncio\format_helpers.py first seen with mtime 1738667112.0
DEBUG 2025-05-03 12:28:00,464 autoreload File C:\Users\user\AppData\Local\pypoetry\Cache\virtualenvs\djangologging-R3W2srQ6-py3.12\Lib\site-packages\django\utils\decorators.py first seen with mtime 1746256412.0010698
DEBUG 2025-05-03 12:28:00,464 autoreload File C:\Users\user\AppData\Local\pypoetry\Cache\virtualenvs\djangologging-R3W2srQ6-py3.12\Lib\site-packages\django\views\decorators\debug.py first seen with mtime 1746256412.01954
DEBUG 2025-05-03 12:28:00,464 autoreload File C:\Users\user\AppData\Local\pypoetry\Cache\virtualenvs\djangologging-R3W2srQ6-py3.12\Lib\site-packages\asgiref\current_thread_executor.py first seen with mtime 1746256409.5468757
DEBUG 2025-05-03 12:28:00,464 autoreload File C:\Users\user\AppData\Local\pypoetry\Cache\virtualenvs\djangologging-R3W2srQ6-py3.12\Lib\site-packages\django\core\cache\backends\__init__.py first seen with mtime 1746256411.803698
DEBUG 2025-05-03 12:28:00,465 autoreload File C:\Users\user\AppData\Local\Programs\Python\Python312\Lib\re\__init__.py first seen with mtime 1738667112.0
DEBUG 2025-05-03 12:28:00,465 autoreload File C:\Users\user\AppData\Local\Programs\Python\Python312\Lib\struct.py first seen with mtime 1738667112.0
DEBUG 2025-05-03 12:28:00,465 autoreload File C:\Users\user\AppData\Local\pypoetry\Cache\virtualenvs\djangologging-R3W2srQ6-py3.12\Lib\site-packages\django\db\models\functions\comparison.py first seen with mtime 1746256411.909868
DEBUG 2025-05-03 12:28:00,465 autoreload File C:\Users\user\AppData\Local\pypoetry\Cache\virtualenvs\djangologging-R3W2srQ6-py3.12\Lib\site-packages\django\utils\text.py first seen with mtime 1746256412.010488
DEBUG 2025-05-03 12:28:00,465 autoreload File C:\Users\user\AppData\Local\pypoetry\Cache\virtualenvs\djangologging-R3W2srQ6-py3.12\Lib\site-packages\anyio\abc\__init__.py first seen with mtime 1746256717.0577502
DEBUG 2025-05-03 12:28:00,465 autoreload File C:\Users\user\AppData\Local\Programs\Python\Python312\Lib\asyncio\taskgroups.py first seen with mtime 1738667112.0
DEBUG 2025-05-03 12:28:00,465 autoreload File C:\Users\user\AppData\Local\Programs\Python\Python312\Lib\asyncio\queues.py first seen with mtime 1738667112.0
DEBUG 2025-05-03 12:28:00,465 autoreload File C:\Users\user\AppData\Local\pypoetry\Cache\virtualenvs\djangologging-R3W2srQ6-py3.12\Lib\site-packages\django\db\models\base.py first seen with mtime 1746256411.8955238
DEBUG 2025-05-03 12:28:00,467 autoreload File C:\Users\user\AppData\Local\pypoetry\Cache\virtualenvs\djangologging-R3W2srQ6-py3.12\Lib\site-packages\django\db\models\constraints.py first seen with mtime 1746256411.8967454
DEBUG 2025-05-03 12:28:00,467 autoreload File C:\Users\user\AppData\Local\pypoetry\Cache\virtualenvs\djangologging-R3W2srQ6-py3.12\Lib\site-packages\django\core\mail\message.py first seen with mtime 1746256411.8263748
DEBUG 2025-05-03 12:28:00,467 autoreload File C:\Users\user\AppData\Local\pypoetry\Cache\virtualenvs\djangologging-R3W2srQ6-py3.12\Lib\site-packages\sqlparse\cli.py first seen with mtime 1746256409.5274873
DEBUG 2025-05-03 12:28:00,467 autoreload File C:\Users\user\AppData\Local\Programs\Python\Python312\Lib\asyncio\base_futures.py first seen with mtime 1738667112.0
DEBUG 2025-05-03 12:28:00,467 autoreload File C:\Users\user\AppData\Local\pypoetry\Cache\virtualenvs\djangologging-R3W2srQ6-py3.12\Lib\site-packages\anyio\from_thread.py first seen with mtime 1746256717.0453887
DEBUG 2025-05-03 12:28:00,468 autoreload File C:\Users\user\AppData\Local\Programs\Python\Python312\Lib\types.py first seen with mtime 1738667114.0
DEBUG 2025-05-03 12:28:00,468 autoreload File C:\Users\user\AppData\Local\pypoetry\Cache\virtualenvs\djangologging-R3W2srQ6-py3.12\Lib\site-packages\django\db\backends\base\features.py first seen with mtime 1746256411.858266
DEBUG 2025-05-03 12:28:00,468 autoreload File C:\Users\user\AppData\Local\pypoetry\Cache\virtualenvs\djangologging-R3W2srQ6-py3.12\Lib\site-packages\django\contrib\auth\signals.py first seen with mtime 1746256410.6710162
DEBUG 2025-05-03 12:28:00,468 autoreload File C:\Users\user\AppData\Local\pypoetry\Cache\virtualenvs\djangologging-R3W2srQ6-py3.12\Lib\site-packages\django\utils\crypto.py first seen with mtime 1746256411.9987214
DEBUG 2025-05-03 12:28:00,468 autoreload File C:\Users\user\AppData\Local\Programs\Python\Python312\Lib\hmac.py first seen with mtime 1738667112.0
DEBUG 2025-05-03 12:28:00,468 autoreload File C:\Users\user\AppData\Local\pypoetry\Cache\virtualenvs\djangologging-R3W2srQ6-py3.12\Lib\site-packages\django\db\models\functions\window.py first seen with mtime 1746256411.912372
DEBUG 2025-05-03 12:28:00,468 autoreload File C:\Users\user\AppData\Local\Programs\Python\Python312\Lib\concurrent\futures\_base.py first seen with mtime 1738667112.0
DEBUG 2025-05-03 12:28:00,468 autoreload File C:\Users\user\AppData\Local\pypoetry\Cache\virtualenvs\djangologging-R3W2srQ6-py3.12\Lib\site-packages\django\contrib\auth\checks.py first seen with mtime 1746256410.666146
DEBUG 2025-05-03 12:28:00,468 autoreload File C:\Users\user\AppData\Local\pypoetry\Cache\virtualenvs\djangologging-R3W2srQ6-py3.12\Lib\site-packages\django\contrib\auth\apps.py first seen with mtime 1746256410.6651137
DEBUG 2025-05-03 12:28:00,469 autoreload File C:\Users\user\AppData\Local\pypoetry\Cache\virtualenvs\djangologging-R3W2srQ6-py3.12\Lib\site-packages\django\db\models\enums.py first seen with mtime 1746256411.8967454
DEBUG 2025-05-03 12:28:00,469 autoreload File C:\Users\user\AppData\Local\pypoetry\Cache\virtualenvs\djangologging-R3W2srQ6-py3.12\Lib\site-packages\anyio\abc\_resources.py first seen with mtime 1746256717.058929
DEBUG 2025-05-03 12:28:00,469 autoreload File C:\Users\user\AppData\Local\pypoetry\Cache\virtualenvs\djangologging-R3W2srQ6-py3.12\Lib\site-packages\django\core\files\storage\mixins.py first seen with mtime 1746256411.822113
DEBUG 2025-05-03 12:28:00,469 autoreload File C:\Users\user\AppData\Local\pypoetry\Cache\virtualenvs\djangologging-R3W2srQ6-py3.12\Lib\site-packages\django\template\loader.py first seen with mtime 1746256411.9763935
DEBUG 2025-05-03 12:28:00,469 autoreload File C:\Users\user\AppData\Local\pypoetry\Cache\virtualenvs\djangologging-R3W2srQ6-py3.12\Lib\site-packages\django\middleware\__init__.py first seen with mtime 1746256411.966788
DEBUG 2025-05-03 12:28:00,469 autoreload File C:\Users\user\AppData\Local\pypoetry\Cache\virtualenvs\djangologging-R3W2srQ6-py3.12\Lib\site-packages\django\core\handlers\exception.py first seen with mtime 1746256411.8244987
DEBUG 2025-05-03 12:28:00,470 autoreload File C:\Users\user\AppData\Local\Programs\Python\Python312\DLLs\_overlapped.pyd first seen with mtime 1738667166.0
DEBUG 2025-05-03 12:28:00,470 autoreload File C:\Users\user\AppData\Local\Programs\Python\Python312\Lib\numbers.py first seen with mtime 1738667112.0
DEBUG 2025-05-03 12:28:00,470 autoreload File C:\Users\user\AppData\Local\pypoetry\Cache\virtualenvs\djangologging-R3W2srQ6-py3.12\Lib\site-packages\anyio\_core\__init__.py first seen with mtime 1746256717.0498595
DEBUG 2025-05-03 12:28:00,470 autoreload File C:\Users\user\AppData\Local\pypoetry\Cache\virtualenvs\djangologging-R3W2srQ6-py3.12\Lib\site-packages\django\core\signing.py first seen with mtime 1746256411.8005147
DEBUG 2025-05-03 12:28:00,470 autoreload File C:\Users\user\AppData\Local\pypoetry\Cache\virtualenvs\djangologging-R3W2srQ6-py3.12\Lib\site-packages\django\utils\ipv6.py first seen with mtime 1746256412.0068316
DEBUG 2025-05-03 12:28:00,470 autoreload File C:\Users\user\AppData\Local\pypoetry\Cache\virtualenvs\djangologging-R3W2srQ6-py3.12\Lib\site-packages\django\utils\asyncio.py first seen with mtime 1746256411.996907
DEBUG 2025-05-03 12:28:00,470 autoreload File C:\Users\user\AppData\Local\pypoetry\Cache\virtualenvs\djangologging-R3W2srQ6-py3.12\Lib\site-packages\django\contrib\staticfiles\checks.py first seen with mtime 1746256411.7913692
DEBUG 2025-05-03 12:28:00,471 autoreload File C:\Users\user\AppData\Local\pypoetry\Cache\virtualenvs\djangologging-R3W2srQ6-py3.12\Lib\site-packages\sniffio\_impl.py first seen with mtime 1746256716.9503016
DEBUG 2025-05-03 12:28:00,471 autoreload File C:\Users\user\AppData\Local\Programs\Python\Python312\Lib\calendar.py first seen with mtime 1738667112.0
DEBUG 2025-05-03 12:28:00,471 autoreload File C:\Users\user\AppData\Local\Programs\Python\Python312\Lib\email\_parseaddr.py first seen with mtime 1738667112.0
DEBUG 2025-05-03 12:28:00,471 autoreload File C:\Users\user\AppData\Local\pypoetry\Cache\virtualenvs\djangologging-R3W2srQ6-py3.12\Lib\site-packages\_virtualenv.py first seen with mtime 1746256397.9404626
DEBUG 2025-05-03 12:28:00,471 autoreload File C:\Users\user\AppData\Local\Programs\Python\Python312\Lib\asyncio\staggered.py first seen with mtime 1738667112.0
DEBUG 2025-05-03 12:28:00,471 autoreload File C:\Users\user\AppData\Local\pypoetry\Cache\virtualenvs\djangologging-R3W2srQ6-py3.12\Lib\site-packages\django\db\backends\base\base.py first seen with mtime 1746256411.8559482
DEBUG 2025-05-03 12:28:00,471 autoreload File C:\Users\user\AppData\Local\pypoetry\Cache\virtualenvs\djangologging-R3W2srQ6-py3.12\Lib\site-packages\django\apps\registry.py first seen with mtime 1746256410.0010693
DEBUG 2025-05-03 12:28:00,472 autoreload File C:\Users\user\AppData\Local\pypoetry\Cache\virtualenvs\djangologging-R3W2srQ6-py3.12\Lib\site-packages\django\template\response.py first seen with mtime 1746256411.9778478
DEBUG 2025-05-03 12:28:00,472 autoreload File C:\Users\user\AppData\Local\Programs\Python\Python312\Lib\wsgiref\__init__.py first seen with mtime 1738667114.0
DEBUG 2025-05-03 12:28:00,472 autoreload File C:\Users\user\AppData\Local\pypoetry\Cache\virtualenvs\djangologging-R3W2srQ6-py3.12\Lib\site-packages\django\utils\dateparse.py first seen with mtime 1746256412.0000849
DEBUG 2025-05-03 12:28:00,472 autoreload File C:\Users\user\AppData\Local\pypoetry\Cache\virtualenvs\djangologging-R3W2srQ6-py3.12\Lib\site-packages\django\dispatch\__init__.py first seen with mtime 1746256411.9173667
DEBUG 2025-05-03 12:28:00,472 autoreload File C:\Users\user\AppData\Local\Programs\Python\Python312\Lib\encodings\cp1251.py first seen with mtime 1738667112.0
DEBUG 2025-05-03 12:28:00,472 autoreload File C:\Users\user\AppData\Local\pypoetry\Cache\virtualenvs\djangologging-R3W2srQ6-py3.12\Lib\site-packages\django\core\serializers\json.py first seen with mtime 1746256411.848205
DEBUG 2025-05-03 12:28:00,472 autoreload File C:\Users\user\AppData\Local\pypoetry\Cache\virtualenvs\djangologging-R3W2srQ6-py3.12\Lib\site-packages\django\core\wsgi.py first seen with mtime 1746256411.8023612
DEBUG 2025-05-03 12:28:00,473 autoreload File C:\Users\user\AppData\Local\pypoetry\Cache\virtualenvs\djangologging-R3W2srQ6-py3.12\Lib\site-packages\django\db\backends\sqlite3\creation.py first seen with mtime 1746256411.8808417
DEBUG 2025-05-03 12:28:00,473 autoreload File C:\Users\user\AppData\Local\pypoetry\Cache\virtualenvs\djangologging-R3W2srQ6-py3.12\Lib\site-packages\django\db\models\fields\related_descriptors.py first seen with mtime 1746256411.907968
DEBUG 2025-05-03 12:28:00,473 autoreload File C:\Users\user\AppData\Local\Programs\Python\Python312\DLLs\_hashlib.pyd first seen with mtime 1738667166.0
DEBUG 2025-05-03 12:28:00,473 autoreload File C:\Users\user\AppData\Local\pypoetry\Cache\virtualenvs\djangologging-R3W2srQ6-py3.12\Lib\site-packages\django\core\checks\security\csrf.py first seen with mtime 1746256411.8146474
DEBUG 2025-05-03 12:28:00,473 autoreload File C:\Users\user\AppData\Local\pypoetry\Cache\virtualenvs\djangologging-R3W2srQ6-py3.12\Lib\site-packages\django\views\generic\list.py first seen with mtime 1746256412.0248578
DEBUG 2025-05-03 12:28:00,473 autoreload File C:\Users\user\AppData\Local\pypoetry\Cache\virtualenvs\djangologging-R3W2srQ6-py3.12\Lib\site-packages\django\db\migrations\operations\models.py first seen with mtime 1746256411.893113
DEBUG 2025-05-03 12:28:00,474 autoreload File C:\Users\user\AppData\Local\pypoetry\Cache\virtualenvs\djangologging-R3W2srQ6-py3.12\Lib\site-packages\django\contrib\admin\templatetags\admin_urls.py first seen with mtime 1746256410.5392795
DEBUG 2025-05-03 12:28:00,474 autoreload File C:\Users\user\AppData\Local\Programs\Python\Python312\DLLs\select.pyd first seen with mtime 1738667166.0
DEBUG 2025-05-03 12:28:00,474 autoreload File C:\Users\user\AppData\Local\Programs\Python\Python312\Lib\asyncio\selector_events.py first seen with mtime 1738667112.0
DEBUG 2025-05-03 12:28:00,474 autoreload File C:\Users\user\AppData\Local\pypoetry\Cache\virtualenvs\djangologging-R3W2srQ6-py3.12\Lib\site-packages\sqlparse\sql.py first seen with mtime 1746256409.5298936
DEBUG 2025-05-03 12:28:00,474 autoreload File C:\Users\user\AppData\Local\pypoetry\Cache\virtualenvs\djangologging-R3W2srQ6-py3.12\Lib\site-packages\django\urls\conf.py first seen with mtime 1746256411.9924395
DEBUG 2025-05-03 12:28:00,474 autoreload File C:\Users\user\AppData\Local\Programs\Python\Python312\Lib\bisect.py first seen with mtime 1738667112.0
DEBUG 2025-05-03 12:28:00,474 autoreload File C:\Users\user\AppData\Local\Programs\Python\Python312\Lib\email\mime\message.py first seen with mtime 1738667112.0
DEBUG 2025-05-03 12:28:00,474 autoreload File C:\Users\user\AppData\Local\pypoetry\Cache\virtualenvs\djangologging-R3W2srQ6-py3.12\Lib\site-packages\django\contrib\contenttypes\admin.py first seen with mtime 1746256410.7990339
DEBUG 2025-05-03 12:28:00,475 autoreload File C:\Users\user\AppData\Local\pypoetry\Cache\virtualenvs\djangologging-R3W2srQ6-py3.12\Lib\site-packages\django\shortcuts.py first seen with mtime 1746256410.0000362
DEBUG 2025-05-03 12:28:00,475 autoreload File C:\Users\user\AppData\Local\pypoetry\Cache\virtualenvs\djangologging-R3W2srQ6-py3.12\Lib\site-packages\django\templatetags\static.py first seen with mtime 1746256411.9869876
DEBUG 2025-05-03 12:28:00,475 autoreload File C:\Users\user\AppData\Local\Programs\Python\Python312\Lib\json\decoder.py first seen with mtime 1738667112.0
DEBUG 2025-05-03 12:28:00,475 autoreload File C:\Users\user\AppData\Local\pypoetry\Cache\virtualenvs\djangologging-R3W2srQ6-py3.12\Lib\site-packages\django\contrib\admin\utils.py first seen with mtime 1746256410.2160678
DEBUG 2025-05-03 12:28:00,475 autoreload File C:\Users\user\AppData\Local\pypoetry\Cache\virtualenvs\djangologging-R3W2srQ6-py3.12\Lib\site-packages\sqlparse\engine\statement_splitter.py first seen with mtime 1746256409.5334206
DEBUG 2025-05-03 12:28:00,475 autoreload File C:\Users\user\AppData\Local\pypoetry\Cache\virtualenvs\djangologging-R3W2srQ6-py3.12\Lib\site-packages\django\template\loaders\base.py first seen with mtime 1746256411.9825833
DEBUG 2025-05-03 12:28:00,475 autoreload File C:\Users\user\AppData\Local\Programs\Python\Python312\Lib\textwrap.py first seen with mtime 1738667114.0
DEBUG 2025-05-03 12:28:00,476 autoreload File C:\Users\user\AppData\Local\pypoetry\Cache\virtualenvs\djangologging-R3W2srQ6-py3.12\Lib\site-packages\django\template\defaultfilters.py first seen with mtime 1746256411.974392
DEBUG 2025-05-03 12:28:00,476 autoreload File C:\Users\user\AppData\Local\pypoetry\Cache\virtualenvs\djangologging-R3W2srQ6-py3.12\Lib\site-packages\django\core\files\storage\base.py first seen with mtime 1746256411.8200572
DEBUG 2025-05-03 12:28:00,476 autoreload File C:\Users\user\AppData\Local\Programs\Python\Python312\Lib\html\__init__.py first seen with mtime 1738667112.0
DEBUG 2025-05-03 12:28:00,476 autoreload File C:\Users\user\AppData\Local\Programs\Python\Python312\DLLs\_decimal.pyd first seen with mtime 1738667166.0
DEBUG 2025-05-03 12:28:00,476 autoreload File C:\Users\user\AppData\Local\pypoetry\Cache\virtualenvs\djangologging-R3W2srQ6-py3.12\Lib\site-packages\anyio\_core\_subprocesses.py first seen with mtime 1746256717.0539944
DEBUG 2025-05-03 12:28:00,476 autoreload File C:\Users\user\AppData\Local\pypoetry\Cache\virtualenvs\djangologging-R3W2srQ6-py3.12\Lib\site-packages\django\forms\forms.py first seen with mtime 1746256411.920814
DEBUG 2025-05-03 12:28:00,476 autoreload File C:\Users\user\AppData\Local\pypoetry\Cache\virtualenvs\djangologging-R3W2srQ6-py3.12\Lib\site-packages\sqlparse\engine\grouping.py first seen with mtime 1746256409.5324028
DEBUG 2025-05-03 12:28:00,476 autoreload File C:\Users\user\AppData\Local\Programs\Python\Python312\Lib\email\feedparser.py first seen with mtime 1738667112.0
DEBUG 2025-05-03 12:28:00,478 autoreload File C:\Users\user\AppData\Local\pypoetry\Cache\virtualenvs\djangologging-R3W2srQ6-py3.12\Lib\site-packages\django\contrib\admin\actions.py first seen with mtime 1746256410.2098038
DEBUG 2025-05-03 12:28:00,478 autoreload File C:\Users\user\AppData\Local\pypoetry\Cache\virtualenvs\djangologging-R3W2srQ6-py3.12\Lib\site-packages\django\contrib\sessions\apps.py first seen with mtime 1746256411.5488305
DEBUG 2025-05-03 12:28:00,478 autoreload File C:\Users\user\AppData\Local\pypoetry\Cache\virtualenvs\djangologging-R3W2srQ6-py3.12\Lib\site-packages\django\contrib\admin\models.py first seen with mtime 1746256410.2133653
DEBUG 2025-05-03 12:28:00,478 autoreload File C:\Users\user\AppData\Local\pypoetry\Cache\virtualenvs\djangologging-R3W2srQ6-py3.12\Lib\site-packages\django\db\models\functions\datetime.py first seen with mtime 1746256411.9108667
DEBUG 2025-05-03 12:28:00,478 autoreload File C:\Users\user\AppData\Local\pypoetry\Cache\virtualenvs\djangologging-R3W2srQ6-py3.12\Lib\site-packages\django\contrib\auth\hashers.py first seen with mtime 1746256410.6684692
DEBUG 2025-05-03 12:28:00,478 autoreload File C:\Users\user\AppData\Local\pypoetry\Cache\virtualenvs\djangologging-R3W2srQ6-py3.12\Lib\site-packages\django\contrib\auth\models.py first seen with mtime 1746256410.6698077
DEBUG 2025-05-03 12:28:00,479 autoreload File C:\Users\user\Desktop\web2025\DjangoLogging\manage.py first seen with mtime 1746256544.2551692
DEBUG 2025-05-03 12:28:00,479 autoreload File C:\Users\user\AppData\Local\pypoetry\Cache\virtualenvs\djangologging-R3W2srQ6-py3.12\Lib\site-packages\django\db\models\lookups.py first seen with mtime 1746256411.8992198
DEBUG 2025-05-03 12:28:00,479 autoreload File C:\Users\user\AppData\Local\pypoetry\Cache\virtualenvs\djangologging-R3W2srQ6-py3.12\Lib\site-packages\django\core\servers\__init__.py first seen with mtime 1746256411.8504765
DEBUG 2025-05-03 12:28:00,479 autoreload File C:\Users\user\AppData\Local\pypoetry\Cache\virtualenvs\djangologging-R3W2srQ6-py3.12\Lib\site-packages\django\utils\translation\__init__.py first seen with mtime 1746256412.012114
DEBUG 2025-05-03 12:28:00,479 autoreload File C:\Users\user\AppData\Local\pypoetry\Cache\virtualenvs\djangologging-R3W2srQ6-py3.12\Lib\site-packages\django\db\backends\base\creation.py first seen with mtime 1746256411.8572488
DEBUG 2025-05-03 12:28:00,479 autoreload File C:\Users\user\AppData\Local\pypoetry\Cache\virtualenvs\djangologging-R3W2srQ6-py3.12\Lib\site-packages\django\db\backends\sqlite3\introspection.py first seen with mtime 1746256411.8823473
DEBUG 2025-05-03 12:28:00,479 autoreload File C:\Users\user\AppData\Local\pypoetry\Cache\virtualenvs\djangologging-R3W2srQ6-py3.12\Lib\site-packages\django\db\models\functions\text.py first seen with mtime 1746256411.912372
DEBUG 2025-05-03 12:28:00,480 autoreload File C:\Users\user\AppData\Local\Programs\Python\Python312\Lib\encodings\__init__.py first seen with mtime 1738667112.0
DEBUG 2025-05-03 12:28:00,480 autoreload File C:\Users\user\AppData\Local\pypoetry\Cache\virtualenvs\djangologging-R3W2srQ6-py3.12\Lib\site-packages\django\core\management\commands\runserver.py first seen with mtime 1746256411.8408988
DEBUG 2025-05-03 12:28:00,480 autoreload File C:\Users\user\AppData\Local\Programs\Python\Python312\Lib\argparse.py first seen with mtime 1738667112.0
DEBUG 2025-05-03 12:28:00,480 autoreload File C:\Users\user\AppData\Local\pypoetry\Cache\virtualenvs\djangologging-R3W2srQ6-py3.12\Lib\site-packages\anyio\lowlevel.py first seen with mtime 1746256717.0453887
DEBUG 2025-05-03 12:28:00,480 autoreload File C:\Users\user\AppData\Local\pypoetry\Cache\virtualenvs\djangologging-R3W2srQ6-py3.12\Lib\site-packages\django\core\files\storage\memory.py first seen with mtime 1746256411.822113
DEBUG 2025-05-03 12:28:00,480 autoreload File C:\Users\user\AppData\Local\pypoetry\Cache\virtualenvs\djangologging-R3W2srQ6-py3.12\Lib\site-packages\anyio\_core\_eventloop.py first seen with mtime 1746256717.0508645
DEBUG 2025-05-03 12:28:00,481 autoreload File C:\Users\user\AppData\Local\Programs\Python\Python312\Lib\ssl.py first seen with mtime 1738667112.0
DEBUG 2025-05-03 12:28:00,481 autoreload File C:\Users\user\AppData\Local\pypoetry\Cache\virtualenvs\djangologging-R3W2srQ6-py3.12\Lib\site-packages\django\contrib\staticfiles\finders.py first seen with mtime 1746256411.7913692
DEBUG 2025-05-03 12:28:00,481 autoreload File C:\Users\user\AppData\Local\Programs\Python\Python312\Lib\platform.py first seen with mtime 1738667112.0
DEBUG 2025-05-03 12:28:00,481 autoreload File C:\Users\user\AppData\Local\pypoetry\Cache\virtualenvs\djangologging-R3W2srQ6-py3.12\Lib\site-packages\django\contrib\admin\decorators.py first seen with mtime 1746256410.2112896
DEBUG 2025-05-03 12:28:00,481 autoreload File C:\Users\user\AppData\Local\pypoetry\Cache\virtualenvs\djangologging-R3W2srQ6-py3.12\Lib\site-packages\django\contrib\auth\forms.py first seen with mtime 1746256410.6684692
DEBUG 2025-05-03 12:28:00,481 autoreload File C:\Users\user\AppData\Local\pypoetry\Cache\virtualenvs\djangologging-R3W2srQ6-py3.12\Lib\site-packages\django\db\models\fields\tuple_lookups.py first seen with mtime 1746256411.909403
DEBUG 2025-05-03 12:28:00,481 autoreload File C:\Users\user\AppData\Local\Programs\Python\Python312\Lib\socketserver.py first seen with mtime 1738667112.0
DEBUG 2025-05-03 12:28:00,482 autoreload File C:\Users\user\AppData\Local\pypoetry\Cache\virtualenvs\djangologging-R3W2srQ6-py3.12\Lib\site-packages\django\contrib\contenttypes\__init__.py first seen with mtime 1746256410.797899
DEBUG 2025-05-03 12:28:00,482 autoreload File C:\Users\user\AppData\Local\pypoetry\Cache\virtualenvs\djangologging-R3W2srQ6-py3.12\Lib\site-packages\django\db\utils.py first seen with mtime 1746256411.852423
DEBUG 2025-05-03 12:28:00,482 autoreload File C:\Users\user\AppData\Local\pypoetry\Cache\virtualenvs\djangologging-R3W2srQ6-py3.12\Lib\site-packages\django\core\checks\security\__init__.py first seen with mtime 1746256411.8134346
DEBUG 2025-05-03 12:28:00,482 autoreload File C:\Users\user\AppData\Local\pypoetry\Cache\virtualenvs\djangologging-R3W2srQ6-py3.12\Lib\site-packages\django\db\backends\sqlite3\operations.py first seen with mtime 1746256411.8833477
DEBUG 2025-05-03 12:28:00,482 autoreload File C:\Users\user\AppData\Local\pypoetry\Cache\virtualenvs\djangologging-R3W2srQ6-py3.12\Lib\site-packages\django\contrib\auth\base_user.py first seen with mtime 1746256410.6651137
DEBUG 2025-05-03 12:28:00,482 autoreload File C:\Users\user\AppData\Local\pypoetry\Cache\virtualenvs\djangologging-R3W2srQ6-py3.12\Lib\site-packages\django\core\files\images.py first seen with mtime 1746256411.8167593
DEBUG 2025-05-03 12:28:00,482 autoreload File C:\Users\user\AppData\Local\pypoetry\Cache\virtualenvs\djangologging-R3W2srQ6-py3.12\Lib\site-packages\django\utils\datastructures.py first seen with mtime 1746256411.999733
DEBUG 2025-05-03 12:28:00,483 autoreload File C:\Users\user\AppData\Local\pypoetry\Cache\virtualenvs\djangologging-R3W2srQ6-py3.12\Lib\site-packages\django\contrib\admin\views\main.py first seen with mtime 1746256410.5425348
DEBUG 2025-05-03 12:28:00,483 autoreload File C:\Users\user\AppData\Local\Programs\Python\Python312\Lib\urllib\parse.py first seen with mtime 1738667114.0
DEBUG 2025-05-03 12:28:00,483 autoreload File C:\Users\user\AppData\Local\Programs\Python\Python312\Lib\dis.py first seen with mtime 1738667112.0
DEBUG 2025-05-03 12:28:00,483 autoreload File C:\Users\user\AppData\Local\Programs\Python\Python312\Lib\logging\__init__.py first seen with mtime 1738667112.0
DEBUG 2025-05-03 12:28:00,483 autoreload File C:\Users\user\AppData\Local\pypoetry\Cache\virtualenvs\djangologging-R3W2srQ6-py3.12\Lib\site-packages\django\core\mail\utils.py first seen with mtime 1746256411.827394
DEBUG 2025-05-03 12:28:00,483 autoreload File C:\Users\user\AppData\Local\pypoetry\Cache\virtualenvs\djangologging-R3W2srQ6-py3.12\Lib\site-packages\django\core\checks\commands.py first seen with mtime 1746256411.808906
DEBUG 2025-05-03 12:28:00,483 autoreload File C:\Users\user\AppData\Local\pypoetry\Cache\virtualenvs\djangologging-R3W2srQ6-py3.12\Lib\site-packages\django\template\engine.py first seen with mtime 1746256411.9753966
DEBUG 2025-05-03 12:28:00,483 autoreload File C:\Users\user\AppData\Local\pypoetry\Cache\virtualenvs\djangologging-R3W2srQ6-py3.12\Lib\site-packages\django\contrib\auth\management\__init__.py first seen with mtime 1746256410.7899559
DEBUG 2025-05-03 12:28:00,483 autoreload File C:\Users\user\AppData\Local\Programs\Python\Python312\Lib\asyncio\trsock.py first seen with mtime 1738667112.0
DEBUG 2025-05-03 12:28:00,483 autoreload File C:\Users\user\AppData\Local\pypoetry\Cache\virtualenvs\djangologging-R3W2srQ6-py3.12\Lib\site-packages\django\db\models\sql\datastructures.py first seen with mtime 1746256411.9146137
DEBUG 2025-05-03 12:28:00,483 autoreload File C:\Users\user\AppData\Local\Programs\Python\Python312\Lib\difflib.py first seen with mtime 1738667112.0
DEBUG 2025-05-03 12:28:00,484 autoreload File C:\Users\user\AppData\Local\pypoetry\Cache\virtualenvs\djangologging-R3W2srQ6-py3.12\Lib\site-packages\django\contrib\messages\apps.py first seen with mtime 1746256411.3321464
DEBUG 2025-05-03 12:28:00,484 autoreload File C:\Users\user\AppData\Local\Programs\Python\Python312\Lib\ipaddress.py first seen with mtime 1738667112.0
DEBUG 2025-05-03 12:28:00,484 autoreload File C:\Users\user\AppData\Local\Programs\Python\Python312\Lib\selectors.py first seen with mtime 1738667112.0
DEBUG 2025-05-03 12:28:00,484 autoreload File C:\Users\user\AppData\Local\Programs\Python\Python312\Lib\json\__init__.py first seen with mtime 1738667112.0
DEBUG 2025-05-03 12:28:00,484 autoreload File C:\Users\user\AppData\Local\pypoetry\Cache\virtualenvs\djangologging-R3W2srQ6-py3.12\Lib\site-packages\django\utils\lorem_ipsum.py first seen with mtime 1746256412.0078921
DEBUG 2025-05-03 12:28:00,484 autoreload File C:\Users\user\AppData\Local\pypoetry\Cache\virtualenvs\djangologging-R3W2srQ6-py3.12\Lib\site-packages\django\core\validators.py first seen with mtime 1746256411.801858
DEBUG 2025-05-03 12:28:00,485 autoreload File C:\Users\user\AppData\Local\pypoetry\Cache\virtualenvs\djangologging-R3W2srQ6-py3.12\Lib\site-packages\django\db\models\sql\__init__.py first seen with mtime 1746256411.9135585
DEBUG 2025-05-03 12:28:00,485 autoreload File C:\Users\user\AppData\Local\Programs\Python\Python312\Lib\importlib\_abc.py first seen with mtime 1738667112.0
DEBUG 2025-05-03 12:28:00,485 autoreload File C:\Users\user\AppData\Local\Programs\Python\Python312\Lib\wsgiref\handlers.py first seen with mtime 1738667114.0
DEBUG 2025-05-03 12:28:00,485 autoreload File C:\Users\user\AppData\Local\Programs\Python\Python312\Lib\collections\__init__.py first seen with mtime 1738667112.0
DEBUG 2025-05-03 12:28:00,485 autoreload File C:\Users\user\AppData\Local\pypoetry\Cache\virtualenvs\djangologging-R3W2srQ6-py3.12\Lib\site-packages\anyio\abc\_tasks.py first seen with mtime 1746256717.0614345
DEBUG 2025-05-03 12:28:00,485 autoreload File C:\Users\user\AppData\Local\pypoetry\Cache\virtualenvs\djangologging-R3W2srQ6-py3.12\Lib\site-packages\django\contrib\sessions\middleware.py first seen with mtime 1746256411.5499372
DEBUG 2025-05-03 12:28:00,485 autoreload File C:\Users\user\AppData\Local\pypoetry\Cache\virtualenvs\djangologging-R3W2srQ6-py3.12\Lib\site-packages\django\db\backends\sqlite3\client.py first seen with mtime 1746256411.8808417
DEBUG 2025-05-03 12:28:00,485 autoreload File C:\Users\user\AppData\Local\pypoetry\Cache\virtualenvs\djangologging-R3W2srQ6-py3.12\Lib\site-packages\django\forms\boundfield.py first seen with mtime 1746256411.9198127
DEBUG 2025-05-03 12:28:00,485 autoreload File C:\Users\user\AppData\Local\Programs\Python\Python312\Lib\pkgutil.py first seen with mtime 1738667112.0
DEBUG 2025-05-03 12:28:00,485 autoreload File C:\Users\user\AppData\Local\pypoetry\Cache\virtualenvs\djangologging-R3W2srQ6-py3.12\Lib\site-packages\django\db\backends\base\client.py first seen with mtime 1746256411.8572488
DEBUG 2025-05-03 12:28:00,487 autoreload File C:\Users\user\AppData\Local\pypoetry\Cache\virtualenvs\djangologging-R3W2srQ6-py3.12\Lib\site-packages\django\core\cache\backends\base.py first seen with mtime 1746256411.803698
DEBUG 2025-05-03 12:28:00,487 autoreload File C:\Users\user\AppData\Local\Programs\Python\Python312\Lib\email\header.py first seen with mtime 1738667112.0
DEBUG 2025-05-03 12:28:00,487 autoreload File C:\Users\user\AppData\Local\pypoetry\Cache\virtualenvs\djangologging-R3W2srQ6-py3.12\Lib\site-packages\django\utils\log.py first seen with mtime 1746256412.0068316
DEBUG 2025-05-03 12:28:00,487 autoreload File C:\Users\user\AppData\Local\pypoetry\Cache\virtualenvs\djangologging-R3W2srQ6-py3.12\Lib\site-packages\django\db\backends\sqlite3\schema.py first seen with mtime 1746256411.8833477
DEBUG 2025-05-03 12:28:00,487 autoreload File C:\Users\user\AppData\Local\pypoetry\Cache\virtualenvs\djangologging-R3W2srQ6-py3.12\Lib\site-packages\django\forms\utils.py first seen with mtime 1746256411.9223197
DEBUG 2025-05-03 12:28:00,487 autoreload File C:\Users\user\AppData\Local\pypoetry\Cache\virtualenvs\djangologging-R3W2srQ6-py3.12\Lib\site-packages\django\db\migrations\exceptions.py first seen with mtime 1746256411.884678
DEBUG 2025-05-03 12:28:00,487 autoreload File C:\Users\user\AppData\Local\Programs\Python\Python312\Lib\threading.py first seen with mtime 1738667114.0
DEBUG 2025-05-03 12:28:00,488 autoreload File C:\Users\user\AppData\Local\Programs\Python\Python312\Lib\concurrent\futures\thread.py first seen with mtime 1738667112.0
DEBUG 2025-05-03 12:28:00,488 autoreload File C:\Users\user\AppData\Local\Programs\Python\Python312\Lib\asyncio\proactor_events.py first seen with mtime 1738667112.0
DEBUG 2025-05-03 12:28:00,488 autoreload File C:\Users\user\AppData\Local\Programs\Python\Python312\Lib\secrets.py first seen with mtime 1738667112.0
DEBUG 2025-05-03 12:28:00,488 autoreload File C:\Users\user\AppData\Local\pypoetry\Cache\virtualenvs\djangologging-R3W2srQ6-py3.12\Lib\site-packages\django\contrib\admin\options.py first seen with mtime 1746256410.2145782
DEBUG 2025-05-03 12:28:00,488 autoreload File C:\Users\user\AppData\Local\pypoetry\Cache\virtualenvs\djangologging-R3W2srQ6-py3.12\Lib\site-packages\django\contrib\sessions\backends\__init__.py first seen with mtime 1746256411.5509398
DEBUG 2025-05-03 12:28:00,488 autoreload File C:\Users\user\AppData\Local\Programs\Python\Python312\Lib\socket.py first seen with mtime 1738667112.0
DEBUG 2025-05-03 12:28:00,488 autoreload File C:\Users\user\AppData\Local\Programs\Python\Python312\DLLs\_bz2.pyd first seen with mtime 1738667166.0
DEBUG 2025-05-03 12:28:00,488 autoreload File C:\Users\user\AppData\Local\pypoetry\Cache\virtualenvs\djangologging-R3W2srQ6-py3.12\Lib\site-packages\django\core\checks\files.py first seen with mtime 1746256411.808906
DEBUG 2025-05-03 12:28:00,488 autoreload File C:\Users\user\AppData\Local\pypoetry\Cache\virtualenvs\djangologging-R3W2srQ6-py3.12\Lib\site-packages\django\template\loaders\app_directories.py first seen with mtime 1746256411.9825833
DEBUG 2025-05-03 12:28:00,489 autoreload File C:\Users\user\AppData\Local\Programs\Python\Python312\DLLs\_lzma.pyd first seen with mtime 1738667166.0
DEBUG 2025-05-03 12:28:00,489 autoreload File C:\Users\user\Desktop\web2025\DjangoLogging\Logging_prj\urls.py first seen with mtime 1746256966.688867
DEBUG 2025-05-03 12:28:00,489 autoreload File C:\Users\user\AppData\Local\pypoetry\Cache\virtualenvs\djangologging-R3W2srQ6-py3.12\Lib\site-packages\django\core\files\temp.py first seen with mtime 1746256411.817969
